source,si_mean,si_max,ti_mean,ti_max,luma_mean,luma_std,lap_var_mean,chroma_std,n_frames,flat_frac,dark_frac,dark_smooth_frac
Aerial3200_1920x1080_5994_10bit_420,38.6274,44.0669,8.8865,11.9858,87.0147,29.8913,156.3827,9.2477,130,,,
BigBuckBunnyStudio1_1920x1080_60fps_10bit_420_020_0149,85.8481,87.2128,5.5998,27.5701,114.2256,55.5732,1256.265,9.7293,130,,,
BlueSky_360p25,118.911,128.3037,24.8377,33.8269,125.5333,68.4971,1498.377,19.6333,130,0.557,0.2621,0.1069
BlueSky_360p25_v2,120.5367,130.566,30.468,34.7812,121.5698,68.7812,1620.0013,18.9146,130,,,
Boat_1920x1080_5994_10bit_420,85.3726,86.8301,17.9202,20.0313,103.5814,59.7391,521.0561,13.5125,130,,,
BoxingPractice_3840x2160_5994fps_10bit_420,35.693,36.3897,17.2204,21.4909,105.8105,70.9281,63.3343,6.3696,130,0.4983,0.3277,0.2199
ControlledBurn_1280x720p30_420,60.5749,87.8855,6.6719,12.1832,92.0718,46.9625,438.8974,15.0835,130,0.4206,0.2116,0.2508
CosmosTreeTrunk_sdr_2048x858_25_8bit,50.7657,56.3235,16.4639,21.7706,67.3078,51.0882,388.4617,11.7993,130,,,
Crosswalk_3840x2160_5994fps_10bit_420,12.2297,14.0742,11.8115,17.0106,84.0943,48.3545,42.8272,8.6858,130,0.5876,0.285,0.3243
CrowdRun_1920x1080p50,91.3152,95.0807,21.0693,23.968,102.443,60.7276,912.7133,11.1295,130,0.1469,0.1844,0.0623
DOTA2_1920x1080_60_8bit_420,76.6268,80.1308,8.7899,31.4461,70.9036,33.4285,785.6442,12.2639,130,0.3417,0.2369,0.2625
Debugging_1920x1080_30fps_8bit_420,109.0115,112.943,4.1805,23.5036,66.4527,26.3214,969.2268,8.7289,130,0.814,0.0004,0.7744
DinnerSceneCropped_1920x1080_2997fps_10bit_420,14.2531,15.2601,5.8159,7.2488,44.3976,31.3653,132.797,5.3958,130,,,
DrivingPOV_1280x720p_5994_10bit_420,76.6836,78.546,13.5877,19.6944,122.5,51.2325,587.1299,7.12,130,0.3481,0.0551,0.0176
EuroTruckSimulator2_1920x1080p60,84.1103,87.1798,24.6888,74.2949,93.6839,49.0235,1195.4179,8.979,130,0.212,0.179,0.1096
EuroTruckSimulator2_1920x1080p60_v2,76.5329,78.2312,20.2598,22.3163,100.0215,45.7242,908.4837,11.6806,130,,,
FoodMarket2_3840x2160_5994fps_10bit_420,33.542,43.6569,24.5918,26.7884,90.9037,49.2718,57.1439,11.2587,130,0.3253,0.2136,0.1718
FoodMarket_1920x1080_5994_10bit_420,36.783,42.1341,15.5548,19.7565,58.282,43.0788,128.2593,7.5745,130,,,
FourPeople_480x270_60,101.5681,102.7734,4.2353,6.2584,100.9445,53.0949,1204.961,6.9623,130,,,
GlassHalf_1920x1080p_24p_8bit_420,73.6375,83.0475,17.6801,34.2504,101.7188,48.1995,572.0568,24.1678,130,0.7956,0.1682,0.216
Johnny_1280x720_60,55.1794,56.6171,3.2472,4.4863,112.8674,55.2248,136.6646,16.3603,130,0.5826,0.0121,0.1791
KristenAndSara_1280x720_60,73.8318,74.3883,3.4058,5.08,97.8071,59.284,245.1785,14.2876,130,0.6161,0.1772,0.3289
Life_1080p30,73.4258,74.9962,14.7952,40.0441,83.0997,47.1423,532.6137,24.027,130,,,
Life_1080p30_v2,73.7943,79.5013,16.9212,64.1498,82.507,47.3359,532.5462,23.636,130,,,
MINECRAFT_1080p_60_8bit,71.4919,78.3873,27.6426,42.8555,83.3906,51.2656,1238.7458,14.5936,130,0.4423,0.2613,0.2172
MeridianTalk_sdr_1920x1080p_5994_10bit,25.1508,25.4897,3.2787,4.1878,82.9122,60.9289,82.7745,7.6205,130,0.6013,0.4231,0.3968
MissionControlClip1_1920x1080_60fps_10bit_420_0450_0579,123.9914,170.2864,4.9382,57.9398,126.8085,66.7876,2810.0407,11.5345,130,,,
MissionControlClip3_1920x1080_60_420,174.4121,178.3154,7.8448,42.1506,156.5958,72.0567,9110.8697,12.2105,130,0.6387,0.0537,0.1719
MobileDeviceScreenSharing,176.3982,187.7983,47.0195,73.1616,221.5487,47.3999,1804.2445,3.9035,130,,,
Motorcycle_1920x1080_30fps_8bit,99.1456,108.4089,40.9675,61.9818,100.0949,54.3183,1140.5457,13.0243,130,,,
MountainBike_1920x1080_30fps_8bit,92.2705,115.4448,49.4046,66.7713,114.4966,52.9613,877.8445,14.4599,130,0.2844,0.1172,0.133
Neon1224_3840x2160_2997fps,40.0909,45.4085,31.1333,55.7198,57.8855,39.9957,60.1274,23.2632,130,0.7668,0.4767,0.6349
NocturneDance_3840x2160p_10bit_60fps,18.5091,20.3508,9.1918,10.2941,78.4493,35.9494,12.1834,23.1943,130,0.6496,0.2567,0.3865
OldTownCross_1920x1080p50,52.4316,53.2832,9.7613,12.6248,116.1345,48.6912,373.5158,6.3828,130,0.1833,0.0923,0.032
ParkJoy_480x270_50,94.7934,98.6665,21.6782,27.3123,72.0351,36.9468,3625.0917,9.7576,130,0.162,0.2826,0.1586
PedestrianArea_1920x1080p25,34.0059,37.0988,16.176,21.0703,89.4053,34.7968,73.6982,5.7958,130,0.4129,0.1785,0.1848
PierSeaSide_3840x2160_2997fps_10bit_420_v2,35.7909,41.3235,13.7545,16.6817,131.5511,46.6043,55.7538,14.2227,130,0.6378,0.0844,0.049
RedKayak_360_2997,62.8748,69.7714,26.6338,39.6135,120.2743,46.5186,1437.1706,7.3785,130,0.318,0.0847,0.1082
RitualDance_1920x1080_5994_10bit_420,36.5957,46.0044,13.9011,24.897,122.6591,74.1182,46.8248,10.5912,130,0.7081,0.1235,0.3225
Riverbed_1920x1080p25,36.9725,39.4411,27.2532,29.6705,95.3726,29.6346,92.6054,6.133,130,0.1576,0.0096,0.0612
RollerCoaster_1280x720p_5994_10bit_420,47.8765,51.5185,18.7373,21.533,141.9774,46.4934,135.1476,10.8738,130,0.474,0.0541,0.041
RushFieldCuts_1920x1080_2997,81.0159,81.5974,11.7747,12.3977,80.9493,30.058,325.4586,7.1854,130,0.2416,0.1181,0.1246
STARCRAFT_1080p60,89.5101,90.3325,7.2908,22.1517,50.3407,30.0,1148.2175,7.1912,130,,,
SceneComposition_1,130.4074,134.5711,9.2479,50.4303,193.9437,66.772,2082.2637,13.1077,130,,,
SceneComposition_2,116.5433,119.8279,5.2,24.8321,214.9902,37.3694,1756.7332,10.1156,130,,,
Skater227_1920x1080_30fps,12.7183,22.7101,18.5761,27.6309,104.3921,38.832,17.239,5.458,130,,,
Slides1_1920x1080_30fps_8bit_420,109.522,185.2246,9.2973,47.0938,217.0525,30.3968,1040.8827,18.7472,130,0.8832,0.0079,0.003
Slides2r_1920x1080_30fps_8bit_420,155.5569,234.2806,5.3831,35.3684,204.808,42.1867,4071.9073,11.4606,130,,,
Sniper_1920x1080P_30fps_8bit,80.2073,100.8906,30.8096,47.2481,99.2353,49.9751,2944.3345,9.6107,130,,,
SnowMountain_640x360_2997,122.9992,123.3016,2.086,4.717,122.4005,44.8604,4161.2115,8.9422,130,0.421,0.001,0.0175
SolLevanteDragons_sdr_1920x1080_24_10bit,13.004,18.7545,23.2891,50.4099,99.4782,44.382,64.4626,44.0043,130,,,
SolLevanteFace_sdr_1920x1080_24_10bit,36.364,76.3396,13.105,28.5215,171.3949,18.9552,178.0871,17.9153,130,0.6046,0.0,0.0031
SparksElevator_480x270p_5994_10bit,70.1712,76.3292,10.3703,16.1365,86.1679,37.94,1471.6186,5.0656,130,0.2462,0.1363,0.1711
SpeedBag_640x360_2997,42.4928,53.2208,10.5867,30.021,126.5007,46.9761,138.3047,7.279,130,0.675,0.1408,0.1218
Spreadsheet_1920x1080_30fps_8bit_420_130f,158.8187,175.0601,18.6226,54.1019,205.369,43.7062,1675.382,10.131,130,0.7048,0.0206,0.0002
Stockholm_640x360_5994,85.2421,87.7414,18.1928,19.3998,94.0217,50.1151,1188.4901,9.9023,130,0.2521,0.1467,0.0734
Tango_3840x2160_5994fps_10bit_420,18.9973,20.1221,15.4075,20.6077,80.2126,52.3103,82.0803,14.52,130,0.4458,0.3713,0.2478
TimeLapse_3840x2160_5994fps_10bit_420,37.6538,41.5636,3.8934,5.3062,120.7876,52.7435,73.2925,6.6902,130,0.5005,0.0909,0.0655
ToddlerFountain_1920x1080_2997fps_10bit_420,60.5214,62.8839,26.9334,29.2485,102.2779,44.6142,394.7643,4.0123,130,0.2209,0.1305,0.124
TouchdownPass_640x360_2997,67.4283,71.0892,8.3786,15.3525,90.6472,25.2577,693.5445,5.4907,130,0.1505,0.0274,0.0411
TreesAndGrass_1920_1080_30fps_8bit,104.2452,118.4466,50.0449,65.2191,109.5992,63.2907,2093.066,19.8065,130,0.1414,0.19,0.0255
TunnelFlag_1920x1080_5994_10bit_420,88.2119,93.3711,51.9036,55.4826,143.1224,59.311,268.3771,11.6882,130,,,
Vertical_Bayshore_270x480_2997,62.9623,81.3852,15.0384,23.7408,137.431,57.9228,460.2086,4.6862,130,,,
Vertical_Carnaby_1080x1920_5994,29.3587,45.9204,16.677,51.4273,81.1825,47.8846,27.4983,16.0704,130,,,
Vertical_bees_1080x1920_2997,53.4091,55.6741,12.5653,19.9082,111.7134,37.9299,87.6274,26.6764,130,0.5437,0.0078,0.1682
Vidyo3_1280x720p_60fps,62.3661,64.8199,6.2049,11.0175,120.4256,34.3111,170.7417,4.7429,130,0.6065,0.0188,0.0642
Vidyo4_1280x720p_60fps,53.5787,57.8048,6.5528,9.0622,117.5802,57.5986,131.7062,7.6938,130,0.53,0.1254,0.2243
WITCHER3_1920x1080_60_8bit_420,44.681,49.4179,10.7209,17.5693,40.6677,16.8821,288.4818,5.299,130,0.4463,0.799,0.4421
WalkingInStreet_1920x1080_30fps,68.2432,73.4547,35.2898,54.0535,153.401,61.5645,447.1863,15.2483,130,0.2147,0.0375,0.0168
WestWindEasy_1280x720p30_420,125.3326,131.0303,22.3104,24.3458,71.9699,49.3684,814.0215,9.3764,130,0.4485,0.3924,0.3987
Wikipedia_1920x1080p30,137.5119,164.2517,20.4794,45.673,190.1331,48.5998,3124.6822,12.6353,130,0.841,0.0309,0.0236
WorldCup_1920x1080_30p,49.8253,56.8049,19.9794,31.6236,106.528,66.1045,73.8853,8.6772,130,,,
WorldCup_far_1920x1080_30p,68.8553,75.6066,22.9212,32.8909,131.8404,45.6104,239.6927,19.959,130,,,
