source,vE8,vh8,vE16,vh16,vE32,vh32,vE16_std,vE16_p90,vh16_std,vh16_p90,vL,venU,venV,ventropy,vedge,veps
Aerial3200_1920x1080_5994_10bit_420,15.58462,11.08353,43.64615,19.00186,102.49231,26.62434,5.20187,48.1,3.85775,24.01266,40.28462,13.01538,11.0,5.41607,0.0,15.68659
BigBuckBunnyStudio1_1920x1080_60fps_10bit_420_020_0149,14.48462,1.83625,36.29231,4.8171,89.82308,9.14569,1.08448,38.0,7.30382,20.59736,78.8,7.0,8.10769,3.82257,0.00232,8.89487
BlueSky_360p25,33.40769,30.28376,80.67692,44.54736,183.20769,52.6023,11.58262,98.1,20.80765,65.48298,120.81538,22.84615,14.80769,3.44788,0.00014,38.49216
BlueSky_360p25_v2,35.6,38.38286,84.83846,55.92716,192.9,66.0047,14.34777,106.1,9.54381,70.0404,118.60769,24.13846,15.54615,3.51532,0.00017,46.81306
Boat_1920x1080_5994_10bit_420,28.44615,14.37963,85.32308,25.59787,197.3,27.62624,0.85229,86.0,1.56723,28.16574,72.63077,20.40769,18.0,5.12052,0.0,20.14622
BoxingPractice_3840x2160_5994fps_10bit_420,7.21538,11.34936,20.75385,24.38626,51.46154,35.9325,0.43077,21.0,0.82621,25.61346,72.51538,6.0,6.95385,4.60855,0.0,23.65853
ControlledBurn_1280x720p30_420,18.31538,6.62354,48.24615,13.66146,112.98462,23.8645,26.87351,71.0,8.35872,17.81572,104.2,7.26154,8.87692,3.94683,7e-05,9.94664
CosmosTreeTrunk_sdr_2048x858_25_8bit,16.43077,16.6716,33.87692,26.57911,77.32308,33.94932,3.50168,37.0,6.60774,35.67226,82.65385,10.86923,6.47692,3.78869,4e-05,22.88841
Crosswalk_3840x2160_5994fps_10bit_420,5.28462,5.85954,10.5,9.27506,24.51538,14.28516,0.79663,11.0,1.61017,11.35828,89.44615,4.0,2.0,4.74878,0.0,7.85094
CrowdRun_1920x1080p50,32.86154,24.39483,82.32308,44.8098,191.44615,50.20272,1.03934,84.0,2.33797,47.7848,109.67692,25.00769,23.36923,4.58334,7e-05,38.4838
DOTA2_1920x1080_60_8bit_420,21.22308,13.0827,50.15385,22.31899,120.86923,32.09843,0.99585,51.1,26.21174,67.92228,92.46923,20.54615,17.68462,4.0721,0.00124,40.04282
Debugging_1920x1080_30fps_8bit_420,18.25385,5.46266,53.2,12.2262,136.17692,21.35371,3.37046,57.0,30.22685,54.33542,90.78462,12.79231,12.33846,0.8863,0.00195,19.09327
DinnerSceneCropped_1920x1080_2997fps_10bit_420,11.0,8.7467,15.18462,9.41782,33.82308,10.97417,0.38799,16.0,0.51891,10.12494,93.25385,10.00769,5.0,4.80468,0.0,7.29741
DrivingPOV_1280x720p_5994_10bit_420,23.69231,14.72762,58.28462,25.5781,137.94615,30.27305,1.1651,60.0,4.27587,31.1777,41.05385,12.37692,9.26923,5.0455,0.0,22.25911
EuroTruckSimulator2_1920x1080p60,33.62308,32.94193,72.33846,43.12369,162.01538,48.17123,3.42739,76.0,18.02045,45.04692,105.5,13.22308,8.14615,4.46415,0.0007,36.61615
EuroTruckSimulator2_1920x1080p60_v2,31.27692,33.30148,69.5,47.08194,159.91538,55.29706,1.50512,71.0,3.58877,52.59918,110.19231,16.62308,10.85385,4.55536,0.00049,39.52039
FoodMarket2_3840x2160_5994fps_10bit_420,8.96923,16.81343,29.75385,44.79689,72.90769,62.36464,6.50451,38.1,2.97915,48.27502,75.72308,9.50769,9.27692,5.30348,0.0,39.9822
FoodMarket_1920x1080_5994_10bit_420,12.75385,14.41617,30.05385,30.9799,70.5,40.35541,1.75548,32.0,3.85657,36.58462,117.8,9.92308,8.29231,5.04819,0.0,27.92614
FourPeople_480x270_60,29.32308,3.86725,74.31538,5.72655,172.56923,7.26025,0.52674,75.0,0.99549,7.16322,108.95385,15.0,13.24615,4.19658,0.00029,4.30676
GlassHalf_1920x1080p_24p_8bit_420,12.87692,16.66095,34.39231,35.06977,91.1,62.73724,6.14128,42.0,19.26673,62.47258,108.96923,22.35385,21.94615,1.88435,0.00064,41.69063
Johnny_1280x720_60,9.85385,4.45231,25.96154,6.52721,64.79231,7.98169,0.19231,26.0,0.96477,7.78927,116.35385,7.03846,6.4,3.01408,6e-05,4.75354
KristenAndSara_1280x720_60,11.0,4.02418,31.82308,6.03257,79.33077,7.37096,0.54724,32.0,0.68037,6.72303,106.83077,8.70769,7.0,3.15696,0.00063,4.38455
Life_1080p30,18.41538,12.62403,42.45385,24.40227,108.48462,36.30381,0.62156,43.0,8.63406,24.96644,98.78462,12.63846,13.29231,3.60561,0.00022,21.84482
Life_1080p30_v2,18.40769,15.71427,42.56923,31.98611,108.78462,49.40476,0.76398,43.0,30.39795,25.77694,98.35385,12.53846,13.12308,3.59686,0.00022,28.69078
MINECRAFT_1080p_60_8bit,25.71538,62.7699,48.05385,88.40113,111.69231,139.58689,8.56047,57.0,31.57276,122.7048,98.58462,15.38462,14.22308,3.29217,0.00221,79.61767
MeridianTalk_sdr_1920x1080p_5994_10bit,7.0,4.02392,14.0,4.96777,34.16923,5.67622,0.0,14.0,0.33334,5.46158,79.87692,5.0,2.29231,4.53441,0.0,3.81896
MissionControlClip1_1920x1080_60fps_10bit_420_0450_0579,26.86923,7.37283,57.42308,11.08549,139.89231,16.07269,12.09696,83.0,38.28569,1.97327,41.26154,11.15385,8.41538,3.71767,0.00778,11.7229
MissionControlClip3_1920x1080_60_420,47.36923,15.79499,87.78462,16.85391,209.56923,20.17863,1.35297,91.0,38.64286,103.0396,137.67692,13.98462,9.0,2.42544,0.03019,15.98241
MobileDeviceScreenSharing,26.89231,132.22256,87.86154,337.4356,225.14615,593.16632,5.09261,96.0,240.23564,671.802,167.42308,4.31538,2.26923,0.72344,0.01106,366.96852
Motorcycle_1920x1080_30fps_8bit,27.55385,73.83928,69.93846,126.98637,167.44615,184.60897,4.91114,77.0,18.31613,154.7884,108.66154,20.30769,14.42308,4.14393,0.00014,109.1445
MountainBike_1920x1080_30fps_8bit,27.36154,90.09554,75.26923,177.73628,176.96154,292.13862,15.18997,95.0,38.23341,222.4866,116.63077,16.52308,15.46923,4.47042,0.00024,148.59403
Neon1224_3840x2160_2997fps,5.03077,18.49903,18.01538,54.20686,46.46154,106.29487,1.1896,19.0,8.29977,62.71124,81.42308,7.32308,10.35385,3.86694,0.0,49.25049
NocturneDance_3840x2160p_10bit_60fps,3.39231,9.96119,15.2,30.65571,36.81538,39.93738,1.1395,17.0,2.96225,34.723,67.59231,14.65385,5.46154,4.45213,0.0,27.74349
OldTownCross_1920x1080p50,21.13846,11.75364,43.90769,17.65617,98.77692,18.72099,0.41964,44.0,1.65295,19.70646,118.30769,12.57692,11.81538,4.03354,0.0,14.37655
ParkJoy_480x270_50,53.26154,28.37441,87.66923,43.15999,192.32308,59.57017,14.08894,99.0,13.47623,63.98242,93.27692,28.06154,12.13077,4.65659,0.00063,39.05941
PedestrianArea_1920x1080p25,8.82308,7.354,23.31538,19.35604,57.28462,35.56547,3.36506,27.0,3.56097,24.25688,103.81538,7.46154,5.73077,3.65416,0.0,17.89055
PierSeaSide_3840x2160_2997fps_10bit_420_v2,6.80769,9.16171,19.21538,19.73594,45.03846,24.62716,3.57337,23.0,3.6713,23.65092,97.82308,7.74615,8.76923,4.24958,0.0,17.89334
RedKayak_360_2997,27.76923,65.84855,48.10769,79.37871,107.88462,107.73582,4.58802,54.1,9.98893,89.93948,120.23077,9.26923,3.82308,4.14797,4e-05,67.6902
RitualDance_1920x1080_5994_10bit_420,5.33846,8.62218,18.43846,22.95666,47.58462,37.40634,2.23264,22.0,5.16345,29.16298,55.76923,5.56923,5.67692,3.60536,0.0,21.3149
Riverbed_1920x1080p25,12.60769,20.04563,38.55385,59.0882,91.42308,93.10467,0.70232,39.0,1.62315,61.21468,108.57692,11.75385,6.99231,4.65822,0.0,50.06817
RollerCoaster_1280x720p_5994_10bit_420,11.82308,19.94368,36.56154,40.81045,86.87692,51.96046,1.73207,39.0,3.90876,45.03758,89.42308,17.40769,11.02308,4.78865,0.0,35.52422
RushFieldCuts_1920x1080_2997,18.0,14.19999,67.08462,28.09226,159.68462,37.01972,0.37282,68.0,0.94577,29.2629,100.0,18.08462,12.36923,4.4384,2e-05,23.71807
STARCRAFT_1080p60,20.37692,12.09434,44.96154,16.45462,108.32308,21.98107,0.3375,45.0,22.72572,52.6526,77.27692,10.0,9.98462,3.21729,0.00197,15.32934
SceneComposition_1,23.71538,18.42543,56.99231,25.36915,141.81538,41.07783,3.13907,59.0,40.9063,81.94274,153.83077,7.88462,10.73077,1.37912,0.00721,49.80296
SceneComposition_2,19.11538,11.23832,45.86923,13.02576,111.93846,19.20686,1.46963,48.0,26.93528,60.0763,164.29231,6.62308,7.94615,1.00141,0.00513,24.51389
Skater227_1920x1080_30fps,2.13846,6.62207,5.76154,18.30671,14.92308,39.1977,1.41858,8.0,2.65975,21.84916,58.33846,1.01538,0.97692,4.12116,0.0,16.31173
Slides1_1920x1080_30fps_8bit_420,15.86154,7.21611,46.89231,16.63204,116.43846,31.69269,37.93441,104.1,46.30886,26.53306,165.38462,15.71538,12.63846,0.61306,0.00439,21.5152
Slides2r_1920x1080_30fps_8bit_420,23.39231,5.26249,57.42308,10.50558,140.48462,22.10169,29.51189,90.1,15.47098,15.95438,159.64615,9.11538,9.51538,1.49545,0.01649,7.15199
Sniper_1920x1080P_30fps_8bit,34.22308,70.7744,57.69231,88.83266,131.58462,132.07241,17.12436,76.0,28.94166,127.8802,107.56923,9.44615,8.50769,4.0955,0.00265,79.1479
SnowMountain_640x360_2997,49.0,4.41352,89.0,4.50251,199.76154,5.10486,0.0,89.0,0.48478,4.67821,123.0,7.0,5.0,3.63123,0.00221,3.52645
SolLevanteDragons_sdr_1920x1080_24_10bit,6.81538,10.57232,12.86923,24.64282,30.99231,47.9328,3.69488,18.0,5.14728,30.19664,75.65385,9.98462,9.82308,4.8282,0.0,20.64587
SolLevanteFace_sdr_1920x1080_24_10bit,10.36923,24.56701,25.84615,40.99819,58.28462,49.20935,14.03811,50.3,30.18685,93.0475,115.33846,8.23846,11.75385,4.48261,0.0,35.17251
SparksElevator_480x270p_5994_10bit,28.06923,12.98494,48.90769,18.13642,111.79231,23.52135,2.40655,52.1,4.28087,24.6253,59.50769,5.61538,10.36154,5.23131,0.00011,14.96177
SpeedBag_640x360_2997,7.23077,5.92519,21.06154,13.33216,52.8,21.5433,2.38506,26.0,8.95825,27.71988,123.69231,6.76154,4.11538,3.28829,1e-05,12.18698
Spreadsheet_1920x1080_30fps_8bit_420_130f,29.09231,46.73608,88.3,120.51712,215.69231,230.0834,8.49584,100.0,154.54521,375.3918,160.59231,6.96154,7.56923,1.46235,0.00443,119.89417
Stockholm_640x360_5994,32.52308,16.314,65.93077,30.38645,147.66154,36.11133,1.67419,67.1,1.0531,31.84048,105.73077,13.35385,13.55385,4.44746,0.00024,24.44338
Tango_3840x2160_5994fps_10bit_420,8.3,8.94917,15.39231,17.43035,37.37692,28.06336,0.48826,16.0,1.49924,19.7971,85.45385,4.0,6.73846,4.84592,0.0,15.99297
TimeLapse_3840x2160_5994fps_10bit_420,8.16923,4.38795,25.02308,6.5522,60.26154,8.84279,3.1144,28.0,0.71124,7.44861,62.27692,5.97692,4.0,4.67045,0.0,5.17413
ToddlerFountain_1920x1080_2997fps_10bit_420,22.04615,40.84406,55.0,78.84026,127.95385,110.69751,0.85034,56.0,3.56511,82.943,62.68462,6.41538,9.0,5.31022,0.0,63.60876
TouchdownPass_640x360_2997,23.26154,9.63619,48.30769,14.36109,111.57692,19.26216,1.21431,50.0,5.1207,22.07884,106.33846,8.25385,8.19231,4.17006,0.00024,11.82182
TreesAndGrass_1920_1080_30fps_8bit,47.69231,78.46747,101.26923,128.12583,223.76923,194.09411,8.981,115.0,37.30882,172.059,113.32308,19.43846,9.50769,4.73113,0.00044,108.41002
TunnelFlag_1920x1080_5994_10bit_420,20.03846,39.54611,67.8,111.41935,164.80769,167.81356,2.05464,70.0,5.42821,117.4436,56.94615,11.87692,9.92308,5.1046,0.0,104.81056
Vertical_Bayshore_270x480_2997,15.92308,19.71929,37.54615,33.31733,88.88462,44.95344,6.08037,47.0,15.20274,54.8891,128.8,3.74615,3.75385,3.46991,2e-05,30.11002
Vertical_Carnaby_1080x1920_5994,3.40769,7.82694,14.55385,24.56136,39.33846,45.75542,5.80061,25.0,8.74205,31.88324,96.44615,5.40769,5.63077,3.06618,6e-05,22.58808
Vertical_bees_1080x1920_2997,8.7,9.04841,31.53846,18.19938,78.16923,21.92696,0.8148,33.0,5.28766,25.47856,117.16154,11.02308,9.18462,3.79583,0.0,15.6941
Vidyo3_1280x720p_60fps,11.0,4.27854,32.83846,6.9269,77.01538,9.17435,0.38837,33.0,1.75562,9.85866,122.0,4.0,6.0,3.22932,0.0,5.59585
Vidyo4_1280x720p_60fps,9.72308,4.87778,29.14615,9.65853,74.77692,14.47161,1.54975,31.0,1.87517,12.12718,118.06923,5.0,5.46154,3.45205,6e-05,8.16813
WITCHER3_1920x1080_60_8bit_420,12.04615,16.72371,24.70769,26.89108,56.33846,39.85358,3.63836,28.0,8.42746,37.79346,70.21538,4.56923,6.57692,3.46982,0.00019,22.70427
WalkingInStreet_1920x1080_30fps,26.01538,40.33387,68.36923,83.63021,158.32308,102.75015,4.78642,75.0,28.62513,126.3736,136.52308,24.43846,11.59231,4.40254,0.0,72.44571
WestWindEasy_1280x720p30_420,21.59231,30.6748,67.40769,65.8726,163.18462,104.31003,3.63888,72.0,4.15459,70.71542,90.11538,5.98462,3.0,3.31122,0.00365,56.08947
Wikipedia_1920x1080p30,25.59231,67.85147,51.32308,81.44916,119.64615,118.19641,13.03558,67.1,81.68249,202.0546,153.52308,6.6,4.93077,1.48085,0.013,79.41319
WorldCup_1920x1080_30p,5.60769,15.57836,21.86154,39.66372,60.83077,65.78881,1.41831,23.1,9.06325,50.4076,110.63846,4.2,4.16154,2.85766,4e-05,40.86982
WorldCup_far_1920x1080_30p,16.1,25.98604,54.47692,53.28841,134.17692,70.48769,2.31455,57.0,15.61298,74.6905,126.98462,23.12308,13.53846,4.35305,3e-05,49.56727
