source,probe_crf,probe_width,probe_height,bitrate_kbps,vmaf
Aerial3200_1920x1080_5994_10bit_420,33,960,540,2086.814,95.489337
Aerial3200_1920x1080_5994_10bit_420,42,960,540,1424.954,94.122922
Aerial3200_1920x1080_5994_10bit_420,63,960,540,142.366,66.096487
BigBuckBunnyStudio1_1920x1080_60fps_10bit_420_020_0149,33,960,540,1236.79,96.604523
BigBuckBunnyStudio1_1920x1080_60fps_10bit_420_020_0149,42,960,540,739.178,94.489231
BigBuckBunnyStudio1_1920x1080_60fps_10bit_420_020_0149,63,960,540,140.367,71.585202
BlueSky_360p25,33,320,180,300.358,95.837192
BlueSky_360p25,42,320,180,146.465,92.819089
BlueSky_360p25,63,320,180,26.358,71.322353
BlueSky_360p25_v2,33,320,180,326.554,97.078991
BlueSky_360p25_v2,42,320,180,167.668,94.179597
BlueSky_360p25_v2,63,320,180,28.532,71.525103
Boat_1920x1080_5994_10bit_420,33,960,540,5867.79,96.410728
Boat_1920x1080_5994_10bit_420,42,960,540,3371.413,94.072302
Boat_1920x1080_5994_10bit_420,63,960,540,383.834,71.787455
BoxingPractice_3840x2160_5994fps_10bit_420,33,1920,1080,5479.312,96.332195
BoxingPractice_3840x2160_5994fps_10bit_420,42,1920,1080,2955.864,92.857405
BoxingPractice_3840x2160_5994fps_10bit_420,63,1920,1080,354.163,57.018836
ControlledBurn_1280x720p30_420,33,640,360,986.116,92.706172
ControlledBurn_1280x720p30_420,42,640,360,523.507,86.339299
ControlledBurn_1280x720p30_420,63,640,360,55.981,48.738997
CosmosTreeTrunk_sdr_2048x858_25_8bit,33,1024,428,2298.572,93.301625
CosmosTreeTrunk_sdr_2048x858_25_8bit,42,1024,428,1094.044,88.476233
CosmosTreeTrunk_sdr_2048x858_25_8bit,63,1024,428,56.851,48.439671
Crosswalk_3840x2160_5994fps_10bit_420,33,1920,1080,3817.747,90.209776
Crosswalk_3840x2160_5994fps_10bit_420,42,1920,1080,2139.842,83.837704
Crosswalk_3840x2160_5994fps_10bit_420,63,1920,1080,281.622,34.015749
CrowdRun_1920x1080p50,33,960,540,14713.8,94.772675
CrowdRun_1920x1080p50,42,960,540,6821.529,89.086695
CrowdRun_1920x1080p50,63,960,540,380.249,37.930896
DOTA2_1920x1080_60_8bit_420,33,960,540,5816.621,93.861732
DOTA2_1920x1080_60_8bit_420,42,960,540,2852.315,89.523853
DOTA2_1920x1080_60_8bit_420,63,960,540,251.845,46.789304
Debugging_1920x1080_30fps_8bit_420,33,960,540,735.166,96.268876
Debugging_1920x1080_30fps_8bit_420,42,960,540,472.486,93.990854
Debugging_1920x1080_30fps_8bit_420,63,960,540,90.055,69.187242
DinnerSceneCropped_1920x1080_2997fps_10bit_420,33,960,540,247.864,89.624616
DinnerSceneCropped_1920x1080_2997fps_10bit_420,42,960,540,131.894,87.166555
DinnerSceneCropped_1920x1080_2997fps_10bit_420,63,960,540,25.636,58.608261
DrivingPOV_1280x720p_5994_10bit_420,33,640,360,1741.847,95.641116
DrivingPOV_1280x720p_5994_10bit_420,42,640,360,963.917,93.700169
DrivingPOV_1280x720p_5994_10bit_420,63,640,360,136.449,69.664934
EuroTruckSimulator2_1920x1080p60,33,960,540,9190.415,95.079136
EuroTruckSimulator2_1920x1080p60,42,960,540,4431.603,91.390292
EuroTruckSimulator2_1920x1080p60,63,960,540,254.485,61.504816
EuroTruckSimulator2_1920x1080p60_v2,33,960,540,10716.966,95.277974
EuroTruckSimulator2_1920x1080p60_v2,42,960,540,4358.647,91.50189
EuroTruckSimulator2_1920x1080p60_v2,63,960,540,275.671,65.986845
FoodMarket2_3840x2160_5994fps_10bit_420,33,1920,1080,8628.869,99.600162
FoodMarket2_3840x2160_5994fps_10bit_420,42,1920,1080,4913.123,96.682283
FoodMarket2_3840x2160_5994fps_10bit_420,63,1920,1080,559.885,54.378693
FoodMarket_1920x1080_5994_10bit_420,33,960,540,3125.26,95.617391
FoodMarket_1920x1080_5994_10bit_420,42,960,540,1629.828,91.873296
FoodMarket_1920x1080_5994_10bit_420,63,960,540,148.692,58.951301
FourPeople_480x270_60,33,320,180,305.169,97.164573
FourPeople_480x270_60,42,320,180,179.801,95.596551
FourPeople_480x270_60,63,320,180,39.858,80.287392
GlassHalf_1920x1080p_24p_8bit_420,33,960,540,3101.637,93.636668
GlassHalf_1920x1080p_24p_8bit_420,42,960,540,1516.667,89.760718
GlassHalf_1920x1080p_24p_8bit_420,63,960,540,120.137,51.674391
Johnny_1280x720_60,33,640,360,391.565,91.430992
Johnny_1280x720_60,42,640,360,239.468,90.747199
Johnny_1280x720_60,63,640,360,52.08,78.679759
KristenAndSara_1280x720_60,33,640,360,497.01,94.102574
KristenAndSara_1280x720_60,42,640,360,302.548,92.936126
KristenAndSara_1280x720_60,63,640,360,64.305,77.962258
Life_1080p30,33,960,540,2437.484,96.021915
Life_1080p30,42,960,540,1192.028,92.874771
Life_1080p30,63,960,540,150.921,66.923964
Life_1080p30_v2,33,960,540,2741.166,96.254965
Life_1080p30_v2,42,960,540,1347.445,93.52163
Life_1080p30_v2,63,960,540,160.636,65.903028
MINECRAFT_1080p_60_8bit,33,960,540,10908.862,96.554594
MINECRAFT_1080p_60_8bit,42,960,540,4741.982,90.741409
MINECRAFT_1080p_60_8bit,63,960,540,261.7,46.160059
MeridianTalk_sdr_1920x1080p_5994_10bit,33,960,540,694.995,93.388946
MeridianTalk_sdr_1920x1080p_5994_10bit,42,960,540,370.419,91.58387
MeridianTalk_sdr_1920x1080p_5994_10bit,63,960,540,54.931,70.502234
MissionControlClip1_1920x1080_60fps_10bit_420_0450_0579,33,960,540,1979.298,97.642214
MissionControlClip1_1920x1080_60fps_10bit_420_0450_0579,42,960,540,1144.648,95.96793
MissionControlClip1_1920x1080_60fps_10bit_420_0450_0579,63,960,540,213.279,79.205759
MissionControlClip3_1920x1080_60_420,33,960,540,2067.05,97.109693
MissionControlClip3_1920x1080_60_420,42,960,540,1140.653,95.500524
MissionControlClip3_1920x1080_60_420,63,960,540,232.305,81.628477
MobileDeviceScreenSharing,33,538,1110,596.882,99.262841
MobileDeviceScreenSharing,42,538,1110,383.748,98.733939
MobileDeviceScreenSharing,63,538,1110,105.723,89.378082
Motorcycle_1920x1080_30fps_8bit,33,960,540,13696.14,99.761343
Motorcycle_1920x1080_30fps_8bit,42,960,540,7049.351,94.352546
Motorcycle_1920x1080_30fps_8bit,63,960,540,326.143,35.351031
MountainBike_1920x1080_30fps_8bit,33,960,540,16390.953,99.780984
MountainBike_1920x1080_30fps_8bit,42,960,540,8674.044,94.191019
MountainBike_1920x1080_30fps_8bit,63,960,540,392.64,31.750938
Neon1224_3840x2160_2997fps,33,1920,1080,15557.864,99.264378
Neon1224_3840x2160_2997fps,42,1920,1080,8025.092,94.632444
Neon1224_3840x2160_2997fps,63,1920,1080,517.613,20.380676
NocturneDance_3840x2160p_10bit_60fps,33,1920,1080,15335.957,82.437847
NocturneDance_3840x2160p_10bit_60fps,42,1920,1080,6100.541,70.315345
NocturneDance_3840x2160p_10bit_60fps,63,1920,1080,139.831,12.901763
OldTownCross_1920x1080p50,33,960,540,1364.289,92.844988
OldTownCross_1920x1080p50,42,960,540,895.172,91.697507
OldTownCross_1920x1080p50,63,960,540,111.637,66.499721
ParkJoy_480x270_50,33,320,180,1256.166,93.155193
ParkJoy_480x270_50,42,320,180,613.877,88.108863
ParkJoy_480x270_50,63,320,180,49.582,43.223207
PedestrianArea_1920x1080p25,33,960,540,1485.389,94.218416
PedestrianArea_1920x1080p25,42,960,540,801.472,87.776066
PedestrianArea_1920x1080p25,63,960,540,89.197,31.230503
PierSeaSide_3840x2160_2997fps_10bit_420_v2,33,1920,1080,1551.116,97.095834
PierSeaSide_3840x2160_2997fps_10bit_420_v2,42,1920,1080,774.32,95.500631
PierSeaSide_3840x2160_2997fps_10bit_420_v2,63,1920,1080,83.448,73.660147
RedKayak_360_2997,33,320,180,1237.262,94.175703
RedKayak_360_2997,42,320,180,540.781,83.03893
RedKayak_360_2997,63,320,180,28.605,10.283603
RitualDance_1920x1080_5994_10bit_420,33,960,540,4054.855,93.13502
RitualDance_1920x1080_5994_10bit_420,42,960,540,2081.16,87.312006
RitualDance_1920x1080_5994_10bit_420,63,960,540,174.534,35.215543
Riverbed_1920x1080p25,33,960,540,6528.04,93.445898
Riverbed_1920x1080p25,42,960,540,3561.375,81.546737
Riverbed_1920x1080p25,63,960,540,170.24,8.6918
RollerCoaster_1280x720p_5994_10bit_420,33,640,360,1978.959,96.514835
RollerCoaster_1280x720p_5994_10bit_420,42,640,360,1049.169,92.353449
RollerCoaster_1280x720p_5994_10bit_420,63,640,360,120.935,47.15038
RushFieldCuts_1920x1080_2997,33,960,540,4967.164,92.537646
RushFieldCuts_1920x1080_2997,42,960,540,2428.587,86.652567
RushFieldCuts_1920x1080_2997,63,960,540,181.906,36.56494
STARCRAFT_1080p60,33,960,540,2110.434,95.251082
STARCRAFT_1080p60,42,960,540,1036.453,92.658764
STARCRAFT_1080p60,63,960,540,123.198,69.236824
SceneComposition_1,33,960,540,424.151,98.435003
SceneComposition_1,42,960,540,258.003,96.997821
SceneComposition_1,63,960,540,59.888,85.15565
SceneComposition_2,33,960,540,287.875,97.479422
SceneComposition_2,42,960,540,186.316,95.975794
SceneComposition_2,63,960,540,42.937,79.037508
Skater227_1920x1080_30fps,33,960,540,747.115,94.090473
Skater227_1920x1080_30fps,42,960,540,385.577,87.214736
Skater227_1920x1080_30fps,63,960,540,53.594,43.952264
Slides1_1920x1080_30fps_8bit_420,33,960,540,1088.134,95.206385
Slides1_1920x1080_30fps_8bit_420,42,960,540,673.418,93.02566
Slides1_1920x1080_30fps_8bit_420,63,960,540,142.194,70.462919
Slides2r_1920x1080_30fps_8bit_420,33,960,540,1031.78,96.528069
Slides2r_1920x1080_30fps_8bit_420,42,960,540,626.795,94.076336
Slides2r_1920x1080_30fps_8bit_420,63,960,540,119.91,74.8468
Sniper_1920x1080P_30fps_8bit,33,960,540,9213.676,95.111868
Sniper_1920x1080P_30fps_8bit,42,960,540,3917.088,86.497402
Sniper_1920x1080P_30fps_8bit,63,960,540,137.249,33.193885
SnowMountain_640x360_2997,33,320,180,81.474,92.606623
SnowMountain_640x360_2997,42,320,180,50.903,91.374279
SnowMountain_640x360_2997,63,320,180,18.668,79.888634
SolLevanteDragons_sdr_1920x1080_24_10bit,33,960,540,2155.337,92.333034
SolLevanteDragons_sdr_1920x1080_24_10bit,42,960,540,1086.428,81.803928
SolLevanteDragons_sdr_1920x1080_24_10bit,63,960,540,89.4,11.794307
SolLevanteFace_sdr_1920x1080_24_10bit,33,960,540,3549.35,85.017157
SolLevanteFace_sdr_1920x1080_24_10bit,42,960,540,1448.192,73.933216
SolLevanteFace_sdr_1920x1080_24_10bit,63,960,540,37.82,19.066854
SparksElevator_480x270p_5994_10bit,33,320,180,723.456,92.587959
SparksElevator_480x270p_5994_10bit,42,320,180,329.372,88.611997
SparksElevator_480x270p_5994_10bit,63,320,180,32.877,57.625847
SpeedBag_640x360_2997,33,320,180,122.222,96.146695
SpeedBag_640x360_2997,42,320,180,75.395,93.412476
SpeedBag_640x360_2997,63,320,180,18.511,63.8034
Spreadsheet_1920x1080_30fps_8bit_420_130f,33,960,540,1433.935,96.194965
Spreadsheet_1920x1080_30fps_8bit_420_130f,42,960,540,871.571,94.570719
Spreadsheet_1920x1080_30fps_8bit_420_130f,63,960,540,204.432,76.328283
Stockholm_640x360_5994,33,320,180,310.574,95.551552
Stockholm_640x360_5994,42,320,180,181.203,94.16282
Stockholm_640x360_5994,63,320,180,36.329,73.328017
Tango_3840x2160_5994fps_10bit_420,33,1920,1080,7091.198,93.016101
Tango_3840x2160_5994fps_10bit_420,42,1920,1080,3847.824,87.340932
Tango_3840x2160_5994fps_10bit_420,63,1920,1080,423.645,33.353155
TimeLapse_3840x2160_5994fps_10bit_420,33,1920,1080,4751.968,92.527211
TimeLapse_3840x2160_5994fps_10bit_420,42,1920,1080,2314.904,88.915026
TimeLapse_3840x2160_5994fps_10bit_420,63,1920,1080,210.926,58.476438
ToddlerFountain_1920x1080_2997fps_10bit_420,33,960,540,10811.284,95.130228
ToddlerFountain_1920x1080_2997fps_10bit_420,42,960,540,5045.866,86.15574
ToddlerFountain_1920x1080_2997fps_10bit_420,63,960,540,138.642,15.301755
TouchdownPass_640x360_2997,33,320,180,244.472,93.806491
TouchdownPass_640x360_2997,42,320,180,124.126,90.063068
TouchdownPass_640x360_2997,63,320,180,19.24,55.435967
TreesAndGrass_1920_1080_30fps_8bit,33,960,540,9183.514,99.590484
TreesAndGrass_1920_1080_30fps_8bit,42,960,540,4431.746,96.968777
TreesAndGrass_1920_1080_30fps_8bit,63,960,540,213.513,63.748655
TunnelFlag_1920x1080_5994_10bit_420,33,960,540,8418.743,100.0
TunnelFlag_1920x1080_5994_10bit_420,42,960,540,4534.332,99.340617
TunnelFlag_1920x1080_5994_10bit_420,63,960,540,636.98,65.902541
Vertical_Bayshore_270x480_2997,33,180,320,360.5,94.055235
Vertical_Bayshore_270x480_2997,42,180,320,154.031,90.20696
Vertical_Bayshore_270x480_2997,63,180,320,19.339,59.879672
Vertical_Carnaby_1080x1920_5994,33,540,960,3877.436,94.896067
Vertical_Carnaby_1080x1920_5994,42,540,960,2080.4,89.769471
Vertical_Carnaby_1080x1920_5994,63,540,960,229.997,45.309838
Vertical_bees_1080x1920_2997,33,540,960,1037.695,96.061325
Vertical_bees_1080x1920_2997,42,540,960,606.025,94.172999
Vertical_bees_1080x1920_2997,63,540,960,88.2,72.344759
Vidyo3_1280x720p_60fps,33,640,360,698.322,93.441789
Vidyo3_1280x720p_60fps,42,640,360,397.156,90.403591
Vidyo3_1280x720p_60fps,63,640,360,72.705,65.241496
Vidyo4_1280x720p_60fps,33,640,360,679.621,95.172996
Vidyo4_1280x720p_60fps,42,640,360,399.6,93.505598
Vidyo4_1280x720p_60fps,63,640,360,71.535,73.041207
WITCHER3_1920x1080_60_8bit_420,33,960,540,3951.939,88.184677
WITCHER3_1920x1080_60_8bit_420,42,960,540,1538.193,79.856866
WITCHER3_1920x1080_60_8bit_420,63,960,540,91.178,33.748027
WalkingInStreet_1920x1080_30fps,33,540,960,6127.535,98.653034
WalkingInStreet_1920x1080_30fps,42,540,960,2930.817,94.933875
WalkingInStreet_1920x1080_30fps,63,540,960,232.468,54.689201
WestWindEasy_1280x720p30_420,33,640,360,2655.375,95.26931
WestWindEasy_1280x720p30_420,42,640,360,1187.367,89.151641
WestWindEasy_1280x720p30_420,63,640,360,70.916,57.800212
Wikipedia_1920x1080p30,33,960,540,1287.235,97.558749
Wikipedia_1920x1080p30,42,960,540,720.524,95.38055
Wikipedia_1920x1080p30,63,960,540,115.361,72.891291
WorldCup_1920x1080_30p,33,960,540,2161.342,95.975057
WorldCup_1920x1080_30p,42,960,540,1125.327,91.914914
WorldCup_1920x1080_30p,63,960,540,138.33,53.301072
WorldCup_far_1920x1080_30p,33,960,540,3346.507,97.835552
WorldCup_far_1920x1080_30p,42,960,540,1736.507,95.214458
WorldCup_far_1920x1080_30p,63,960,540,159.628,66.373436
