source,lr_w,lr_h,preset,crf,vmaf_lr_v061,vmaf_lr_v1,bitrate_kbps,enc_s,score_s
ParkJoy_480x270_50,320,180,10,20,97.542107,97.184595,2617.492,0.193,0.2592
ParkJoy_480x270_50,320,180,10,33,93.576378,93.155193,1256.166,0.1185,0.2235
ParkJoy_480x270_50,320,180,10,42,87.625097,88.108863,613.877,0.1139,0.2215
ParkJoy_480x270_50,320,180,10,51,78.351701,80.584152,294.763,0.1131,0.2185
ParkJoy_480x270_50,320,180,10,63,39.325891,43.223207,49.582,0.1235,0.2018
SparksElevator_480x270p_5994_10bit,320,180,10,20,94.951388,95.66191,1676.533,0.2098,0.2702
SparksElevator_480x270p_5994_10bit,320,180,10,33,91.634114,92.587959,723.456,0.1556,0.2361
SparksElevator_480x270p_5994_10bit,320,180,10,42,86.879325,88.611997,329.372,0.1383,0.2358
SparksElevator_480x270p_5994_10bit,320,180,10,51,80.192736,83.510953,154.557,0.1648,0.2246
SparksElevator_480x270p_5994_10bit,320,180,10,63,49.198851,57.625847,32.877,0.1369,0.216
