source,px,scale,luma_mean,luma_std,ti_mean,sec,era
Aerial3200_1920x1080_5994_10bit_420,2073600,full,82.67776,34.8055,10.34536,1.4715,new26
Aerial3200_1920x1080_5994_10bit_420,2073600,half,82.61588,34.52211,8.8547,0.2855,new26
BigBuckBunnyStudio1_1920x1080_60fps_10bit_420_020_0149,2073600,full,114.3653,64.70914,6.52028,1.3739,new26
BigBuckBunnyStudio1_1920x1080_60fps_10bit_420_020_0149,2073600,half,114.33235,63.55015,6.07314,0.3261,new26
BlueSky_360p25,230400,full,127.52924,79.76085,28.92234,0.1382,old47
BlueSky_360p25,230400,half,127.48116,78.52579,23.7419,0.0452,old47
BlueSky_360p25_v2,230400,full,122.91458,80.09327,35.47861,0.1312,new26
BlueSky_360p25_v2,230400,half,122.87022,78.79154,29.18629,0.0452,new26
Boat_1920x1080_5994_10bit_420,2073600,full,101.97803,69.54743,20.85452,1.4346,new26
Boat_1920x1080_5994_10bit_420,2073600,half,101.91822,68.99082,18.0946,0.2749,new26
BoxingPractice_3840x2160_5994fps_10bit_420,8294400,full,104.5638,82.58879,20.04917,6.3207,old47
BoxingPractice_3840x2160_5994fps_10bit_420,8294400,half,104.49716,82.55103,19.77557,1.8258,old47
ControlledBurn_1280x720p30_420,921600,full,88.5694,54.67656,7.77905,0.6018,old47
ControlledBurn_1280x720p30_420,921600,half,88.49922,54.14615,7.31933,0.1173,old47
CosmosTreeTrunk_sdr_2048x858_25_8bit,1757184,full,62.86969,55.79914,18.33789,1.1531,new26
CosmosTreeTrunk_sdr_2048x858_25_8bit,1757184,half,62.74861,55.54501,16.24522,0.2481,new26
Crosswalk_3840x2160_5994fps_10bit_420,8294400,full,79.27713,56.30509,13.75199,6.4446,old47
Crosswalk_3840x2160_5994fps_10bit_420,8294400,half,79.21463,56.27983,13.54305,1.3586,old47
CrowdRun_1920x1080p50,2073600,full,100.65348,70.72434,24.53965,1.392,old47
CrowdRun_1920x1080p50,2073600,half,100.57941,69.83149,20.76318,0.3836,old47
DOTA2_1920x1080_60_8bit_420,2073600,full,63.9309,38.9393,10.25298,1.4678,old47
DOTA2_1920x1080_60_8bit_420,2073600,half,63.86499,37.723,9.39184,0.3202,old47
Debugging_1920x1080_30fps_8bit_420,2073600,full,58.98386,30.53394,4.85939,1.9064,old47
Debugging_1920x1080_30fps_8bit_420,2073600,half,58.88698,28.0852,4.2747,0.3214,old47
DinnerSceneCropped_1920x1080_2997fps_10bit_420,2073600,full,33.05338,36.52197,6.76887,1.4122,new26
DinnerSceneCropped_1920x1080_2997fps_10bit_420,2073600,half,32.98644,36.3852,5.08548,0.3058,new26
DrivingPOV_1280x720p_5994_10bit_420,921600,full,123.99776,59.65591,15.81987,0.7263,old47
DrivingPOV_1280x720p_5994_10bit_420,921600,half,123.93692,59.05227,12.37134,0.1564,old47
EuroTruckSimulator2_1920x1080p60,2073600,full,90.45224,57.09128,28.75965,1.7192,old47
EuroTruckSimulator2_1920x1080p60,2073600,half,90.37746,55.79384,24.18085,0.3722,old47
EuroTruckSimulator2_1920x1080p60_v2,2073600,full,97.82932,53.2438,23.59506,1.4929,new26
EuroTruckSimulator2_1920x1080p60_v2,2073600,half,97.74913,52.21795,20.08565,0.3326,new26
FoodMarket2_3840x2160_5994fps_10bit_420,8294400,full,87.20632,57.37312,28.63455,6.1187,old47
FoodMarket2_3840x2160_5994fps_10bit_420,8294400,half,87.14247,57.33487,28.46396,1.4379,old47
FoodMarket_1920x1080_5994_10bit_420,2073600,full,49.21963,50.15787,18.10276,1.6849,new26
FoodMarket_1920x1080_5994_10bit_420,2073600,half,49.15576,50.02041,17.27826,0.3867,new26
FourPeople_480x270_60,129600,full,98.88574,61.82921,4.93728,0.0668,new26
FourPeople_480x270_60,129600,half,98.83374,60.54789,3.93554,0.0398,new26
GlassHalf_1920x1080p_24p_8bit_420,2073600,full,99.84179,56.05305,20.51755,2.0174,old47
GlassHalf_1920x1080p_24p_8bit_420,2073600,half,99.7482,55.457,19.37895,0.4131,old47
Johnny_1280x720_60,921600,full,112.81306,64.30774,3.79996,0.6785,old47
Johnny_1280x720_60,921600,half,112.72198,64.13703,2.61475,0.1437,old47
KristenAndSara_1280x720_60,921600,full,95.25885,69.04427,3.98371,0.706,old47
KristenAndSara_1280x720_60,921600,half,95.18334,68.7064,3.10513,0.1473,old47
Life_1080p30,2073600,full,78.11782,54.90838,17.23377,1.3881,new26
Life_1080p30,2073600,half,78.06123,54.3092,14.81491,0.2765,new26
Life_1080p30_v2,2073600,full,77.42833,55.13401,19.71035,1.289,new26
Life_1080p30_v2,2073600,half,77.37151,54.5342,17.37681,0.249,new26
MINECRAFT_1080p_60_8bit,2073600,full,78.45529,59.66298,32.18547,2.1762,old47
MINECRAFT_1080p_60_8bit,2073600,half,78.38765,58.7368,28.62738,0.3714,old47
MeridianTalk_sdr_1920x1080p_5994_10bit,2073600,full,77.90114,70.9466,3.81155,2.8482,old47
MeridianTalk_sdr_1920x1080p_5994_10bit,2073600,half,77.83648,70.90079,2.55214,0.4063,old47
MissionControlClip1_1920x1080_60fps_10bit_420_0450_0579,2073600,full,129.01346,77.77094,5.74961,1.6542,new26
MissionControlClip1_1920x1080_60fps_10bit_420_0450_0579,2073600,half,128.86871,75.54154,4.77972,0.3953,new26
MissionControlClip3_1920x1080_60_420,2073600,full,163.664,83.88245,9.13862,1.7495,old47
MissionControlClip3_1920x1080_60_420,2073600,half,163.41098,78.00617,6.1012,0.3812,old47
MobileDeviceScreenSharing,2393160,full,237.35971,54.51158,54.08335,1.7665,new26
MobileDeviceScreenSharing,2393160,half,236.9183,52.27981,51.42202,0.3632,new26
Motorcycle_1920x1080_30fps_8bit,2073600,full,97.90913,63.25036,47.69085,1.3839,new26
Motorcycle_1920x1080_30fps_8bit,2073600,half,97.83427,62.06607,44.45801,0.3058,new26
MountainBike_1920x1080_30fps_8bit,2073600,full,114.69671,61.69409,57.54974,1.4389,old47
MountainBike_1920x1080_30fps_8bit,2073600,half,114.61572,60.72824,55.55083,0.3197,old47
Neon1224_3840x2160_2997fps,8294400,full,48.75983,46.56483,36.2484,6.5026,old47
Neon1224_3840x2160_2997fps,8294400,half,48.69643,46.49706,36.06837,1.3906,old47
NocturneDance_3840x2160p_10bit_60fps,8294400,full,72.70435,41.85933,10.7006,6.0326,old47
NocturneDance_3840x2160p_10bit_60fps,8294400,half,72.64593,41.84081,10.61982,1.4256,old47
OldTownCross_1920x1080p50,2073600,full,116.58636,56.68624,11.36677,1.8163,old47
OldTownCross_1920x1080p50,2073600,half,116.52345,56.3061,8.39375,0.3142,old47
ParkJoy_480x270_50,129600,full,65.23938,43.02537,25.24283,0.0786,old47
ParkJoy_480x270_50,129600,half,65.17406,39.05819,16.0258,0.0423,old47
PedestrianArea_1920x1080p25,2073600,full,85.44151,40.54326,18.84429,1.6054,old47
PedestrianArea_1920x1080p25,2073600,half,85.39104,40.41304,18.64628,0.2995,old47
PierSeaSide_3840x2160_2997fps_10bit_420_v2,8294400,full,134.53723,54.26698,16.01468,6.0226,old47
PierSeaSide_3840x2160_2997fps_10bit_420_v2,8294400,half,134.47743,54.19875,15.40559,1.5774,old47
RedKayak_360_2997,230400,full,121.39531,54.12724,30.93708,0.1408,old47
RedKayak_360_2997,230400,half,121.35193,53.08764,27.11446,0.0474,old47
RitualDance_1920x1080_5994_10bit_420,2073600,full,124.18336,86.30526,16.18567,3.7224,old47
RitualDance_1920x1080_5994_10bit_420,2073600,half,124.1002,86.24284,15.82032,0.3554,old47
Riverbed_1920x1080p25,2073600,full,92.4245,34.49224,31.72608,1.5647,old47
Riverbed_1920x1080p25,2073600,half,92.35043,34.33349,31.36425,0.3088,old47
RollerCoaster_1280x720p_5994_10bit_420,921600,full,146.67773,54.13731,21.81665,0.6906,old47
RollerCoaster_1280x720p_5994_10bit_420,921600,half,146.61542,53.98232,21.059,0.1538,old47
RushFieldCuts_1920x1080_2997,2073600,full,75.634,34.99835,13.71494,1.5693,old47
RushFieldCuts_1920x1080_2997,2073600,half,75.55273,34.21772,12.79961,0.2878,old47
STARCRAFT_1080p60,2073600,full,39.97644,34.95064,8.49899,1.5614,new26
STARCRAFT_1080p60,2073600,half,39.95863,32.90387,6.95678,0.2941,new26
SceneComposition_1,2073600,full,207.18477,77.76728,10.77139,1.3833,new26
SceneComposition_1,2073600,half,206.94913,75.88196,8.84534,0.2653,new26
SceneComposition_2,2073600,full,231.67073,43.50733,6.056,1.3568,new26
SceneComposition_2,2073600,half,231.4817,40.7169,4.70413,0.3059,new26
Skater227_1920x1080_30fps,2073600,full,102.91313,45.21484,21.62315,1.32,new26
Skater227_1920x1080_30fps,2073600,half,102.85069,45.2064,21.57318,0.2752,new26
Slides1_1920x1080_30fps_8bit_420,2073600,full,234.08701,35.38819,10.82988,1.6207,old47
Slides1_1920x1080_30fps_8bit_420,2073600,half,233.95375,33.42428,9.63674,0.3116,old47
Slides2r_1920x1080_30fps_8bit_420,2073600,full,219.86824,49.11969,6.26993,1.5261,new26
Slides2r_1920x1080_30fps_8bit_420,2073600,half,219.49886,43.39183,5.55578,0.318,new26
Sniper_1920x1080P_30fps_8bit,2073600,full,96.91522,58.19808,35.88161,1.366,new26
Sniper_1920x1080P_30fps_8bit,2073600,half,96.84324,56.33458,29.47387,0.2671,new26
SnowMountain_640x360_2997,230400,full,123.74447,51.90731,2.43972,0.1447,old47
SnowMountain_640x360_2997,230400,half,123.77332,48.63808,1.21663,0.0471,old47
SolLevanteDragons_sdr_1920x1080_24_10bit,2073600,full,97.19057,51.67925,27.11766,1.5251,new26
SolLevanteDragons_sdr_1920x1080_24_10bit,2073600,half,97.1282,51.63585,26.91823,0.3564,new26
SolLevanteFace_sdr_1920x1080_24_10bit,2073600,full,180.93248,22.07082,15.25795,2.7292,old47
SolLevanteFace_sdr_1920x1080_24_10bit,2073600,half,180.87122,21.60748,13.79412,0.3902,old47
SparksElevator_480x270p_5994_10bit,129600,full,81.71653,44.12765,12.03869,0.0858,old47
SparksElevator_480x270p_5994_10bit,129600,half,81.63239,42.31837,6.11346,0.0464,old47
SpeedBag_640x360_2997,230400,full,128.66277,54.70457,12.33632,0.21,old47
SpeedBag_640x360_2997,230400,half,128.6068,54.5634,11.5745,0.0641,old47
Spreadsheet_1920x1080_30fps_8bit_420_130f,2073600,full,220.43471,50.89209,21.68257,1.4676,old47
Spreadsheet_1920x1080_30fps_8bit_420_130f,2073600,half,220.2869,47.82194,19.98822,0.3085,old47
Stockholm_640x360_5994,230400,full,90.85383,58.33887,21.1715,0.174,old47
Stockholm_640x360_5994,230400,half,90.78269,56.9818,12.71,0.0648,old47
Tango_3840x2160_5994fps_10bit_420,8294400,full,74.75741,60.91106,17.93944,6.8227,old47
Tango_3840x2160_5994fps_10bit_420,8294400,half,74.69423,60.86892,17.64158,1.51,old47
TimeLapse_3840x2160_5994fps_10bit_420,8294400,full,122.0038,61.41515,4.52851,6.4512,old47
TimeLapse_3840x2160_5994fps_10bit_420,8294400,half,121.9393,61.3406,4.00297,1.5445,old47
ToddlerFountain_1920x1080_2997fps_10bit_420,2073600,full,100.44767,51.94036,31.3389,1.8664,old47
ToddlerFountain_1920x1080_2997fps_10bit_420,2073600,half,100.38693,51.42332,29.72633,0.3935,old47
TouchdownPass_640x360_2997,230400,full,86.90604,29.30937,9.71251,0.1571,old47
TouchdownPass_640x360_2997,230400,half,86.83395,28.00583,6.98887,0.0601,old47
TreesAndGrass_1920_1080_30fps_8bit,2073600,full,108.39024,71.91714,57.3611,1.4532,old47
TreesAndGrass_1920_1080_30fps_8bit,2073600,half,108.28365,70.00791,52.1237,0.3064,old47
TunnelFlag_1920x1080_5994_10bit_420,2073600,full,148.0132,69.05851,60.43759,1.4816,new26
TunnelFlag_1920x1080_5994_10bit_420,2073600,half,147.95357,68.80932,59.88474,0.3473,new26
Vertical_Bayshore_270x480_2997,129600,full,141.39397,67.4397,17.51111,0.075,new26
Vertical_Bayshore_270x480_2997,129600,half,141.31836,67.00528,14.66723,0.0426,new26
Vertical_Carnaby_1080x1920_5994,2073600,full,75.86934,55.69539,19.3796,1.3429,new26
Vertical_Carnaby_1080x1920_5994,2073600,half,75.79833,55.66131,19.30409,0.2568,new26
Vertical_bees_1080x1920_2997,2073600,full,111.46833,44.13218,14.62735,1.4354,old47
Vertical_bees_1080x1920_2997,2073600,half,111.32153,44.07716,13.65945,0.3058,old47
Vidyo3_1280x720p_60fps,921600,full,121.60968,39.96252,7.23231,0.6123,old47
Vidyo3_1280x720p_60fps,921600,half,121.52751,39.52042,6.35141,0.1174,old47
Vidyo4_1280x720p_60fps,921600,full,118.27753,67.08263,7.63602,0.6146,old47
Vidyo4_1280x720p_60fps,921600,half,118.20887,66.90166,7.0131,0.12,old47
WITCHER3_1920x1080_60_8bit_420,2073600,full,28.70172,19.67299,12.50294,1.4649,old47
WITCHER3_1920x1080_60_8bit_420,2073600,half,28.65305,18.68035,11.00624,0.3257,old47
WalkingInStreet_1920x1080_30fps,2073600,full,156.78397,66.7869,38.34196,1.7428,old47
WalkingInStreet_1920x1080_30fps,2073600,half,156.75641,66.45204,36.89172,0.3271,old47
WestWindEasy_1280x720p30_420,921600,full,65.18565,57.43276,25.9363,0.6057,old47
WestWindEasy_1280x720p30_420,921600,half,65.25514,56.02031,22.32771,0.1137,old47
Wikipedia_1920x1080p30,2073600,full,202.80565,56.63277,23.85803,1.8872,old47
Wikipedia_1920x1080p30,2073600,half,202.68214,52.95914,18.93079,0.3967,old47
WorldCup_1920x1080_30p,2073600,full,105.2142,76.55796,23.21284,1.3808,new26
WorldCup_1920x1080_30p,2073600,half,105.1228,76.48895,22.69738,0.3269,new26
WorldCup_far_1920x1080_30p,2073600,full,134.88724,53.07526,26.63469,1.4613,new26
WorldCup_far_1920x1080_30p,2073600,half,134.81754,52.70632,25.08625,0.3101,new26
