source,luma_mean,luma_std,ti_mean
Aerial3200_1920x1080_5994_10bit_420,82.61588,34.52211,8.8547
BigBuckBunnyStudio1_1920x1080_60fps_10bit_420_020_0149,114.33235,63.55015,6.07314
BlueSky_360p25,127.48116,78.52579,23.7419
BlueSky_360p25_v2,122.87022,78.79154,29.18629
Boat_1920x1080_5994_10bit_420,101.91822,68.99082,18.0946
BoxingPractice_3840x2160_5994fps_10bit_420,104.49716,82.55103,19.77557
ControlledBurn_1280x720p30_420,88.49922,54.14615,7.31933
CosmosTreeTrunk_sdr_2048x858_25_8bit,62.74861,55.54501,16.24522
Crosswalk_3840x2160_5994fps_10bit_420,79.21463,56.27983,13.54305
CrowdRun_1920x1080p50,100.57941,69.83149,20.76318
DOTA2_1920x1080_60_8bit_420,63.86499,37.723,9.39184
Debugging_1920x1080_30fps_8bit_420,58.88698,28.0852,4.2747
DinnerSceneCropped_1920x1080_2997fps_10bit_420,32.98644,36.3852,5.08548
DrivingPOV_1280x720p_5994_10bit_420,123.93692,59.05227,12.37134
EuroTruckSimulator2_1920x1080p60,90.37746,55.79384,24.18085
EuroTruckSimulator2_1920x1080p60_v2,97.74913,52.21795,20.08565
FoodMarket2_3840x2160_5994fps_10bit_420,87.14247,57.33487,28.46396
FoodMarket_1920x1080_5994_10bit_420,49.15576,50.02041,17.27826
FourPeople_480x270_60,98.83374,60.54789,3.93554
GlassHalf_1920x1080p_24p_8bit_420,99.7482,55.457,19.37895
Johnny_1280x720_60,112.72198,64.13703,2.61475
KristenAndSara_1280x720_60,95.18334,68.7064,3.10513
Life_1080p30,78.06123,54.3092,14.81491
Life_1080p30_v2,77.37151,54.5342,17.37681
MINECRAFT_1080p_60_8bit,78.38765,58.7368,28.62738
MeridianTalk_sdr_1920x1080p_5994_10bit,77.83648,70.90079,2.55214
MissionControlClip1_1920x1080_60fps_10bit_420_0450_0579,128.86871,75.54154,4.77972
MissionControlClip3_1920x1080_60_420,163.41098,78.00617,6.1012
MobileDeviceScreenSharing,236.9183,52.27981,51.42202
Motorcycle_1920x1080_30fps_8bit,97.83427,62.06607,44.45801
MountainBike_1920x1080_30fps_8bit,114.61572,60.72824,55.55083
Neon1224_3840x2160_2997fps,48.69643,46.49706,36.06837
NocturneDance_3840x2160p_10bit_60fps,72.64593,41.84081,10.61982
OldTownCross_1920x1080p50,116.52345,56.3061,8.39375
ParkJoy_480x270_50,65.17406,39.05819,16.0258
PedestrianArea_1920x1080p25,85.39104,40.41304,18.64628
PierSeaSide_3840x2160_2997fps_10bit_420_v2,134.47743,54.19875,15.40559
RedKayak_360_2997,121.35193,53.08764,27.11446
RitualDance_1920x1080_5994_10bit_420,124.1002,86.24284,15.82032
Riverbed_1920x1080p25,92.35043,34.33349,31.36425
RollerCoaster_1280x720p_5994_10bit_420,146.61542,53.98232,21.059
RushFieldCuts_1920x1080_2997,75.55273,34.21772,12.79961
STARCRAFT_1080p60,39.95863,32.90387,6.95678
SceneComposition_1,206.94913,75.88196,8.84534
SceneComposition_2,231.4817,40.7169,4.70413
Skater227_1920x1080_30fps,102.85069,45.2064,21.57318
Slides1_1920x1080_30fps_8bit_420,233.95375,33.42428,9.63674
Slides2r_1920x1080_30fps_8bit_420,219.49886,43.39183,5.55578
Sniper_1920x1080P_30fps_8bit,96.84324,56.33458,29.47387
SnowMountain_640x360_2997,123.77332,48.63808,1.21663
SolLevanteDragons_sdr_1920x1080_24_10bit,97.1282,51.63585,26.91823
SolLevanteFace_sdr_1920x1080_24_10bit,180.87122,21.60748,13.79412
SparksElevator_480x270p_5994_10bit,81.63239,42.31837,6.11346
SpeedBag_640x360_2997,128.6068,54.5634,11.5745
Spreadsheet_1920x1080_30fps_8bit_420_130f,220.2869,47.82194,19.98822
Stockholm_640x360_5994,90.78269,56.9818,12.71
Tango_3840x2160_5994fps_10bit_420,74.69423,60.86892,17.64158
TimeLapse_3840x2160_5994fps_10bit_420,121.9393,61.3406,4.00297
ToddlerFountain_1920x1080_2997fps_10bit_420,100.38693,51.42332,29.72633
TouchdownPass_640x360_2997,86.83395,28.00583,6.98887
TreesAndGrass_1920_1080_30fps_8bit,108.28365,70.00791,52.1237
TunnelFlag_1920x1080_5994_10bit_420,147.95357,68.80932,59.88474
Vertical_Bayshore_270x480_2997,141.31836,67.00528,14.66723
Vertical_Carnaby_1080x1920_5994,75.79833,55.66131,19.30409
Vertical_bees_1080x1920_2997,111.32153,44.07716,13.65945
Vidyo3_1280x720p_60fps,121.52751,39.52042,6.35141
Vidyo4_1280x720p_60fps,118.20887,66.90166,7.0131
WITCHER3_1920x1080_60_8bit_420,28.65305,18.68035,11.00624
WalkingInStreet_1920x1080_30fps,156.75641,66.45204,36.89172
WestWindEasy_1280x720p30_420,65.25514,56.02031,22.32771
Wikipedia_1920x1080p30,202.68214,52.95914,18.93079
WorldCup_1920x1080_30p,105.1228,76.48895,22.69738
WorldCup_far_1920x1080_30p,134.81754,52.70632,25.08625
