source,lr_w,lr_h,preset,crf,vmaf_lr_v061,vmaf_lr_v1,vmaf_lr_v1_hfr,bitrate_kbps,enc_time_s,score_s,stored_v061,repro_err,scale,era
Aerial3200_1920x1080_5994_10bit_420,960,540,10,20,95.57852,96.58104,97.724421,3543.97,2.0248,4.0695,95.57852,,half,new26
Aerial3200_1920x1080_5994_10bit_420,960,540,10,33,94.761072,95.489337,96.641643,2086.814,0.6006,18.0997,94.761072,,half,new26
Aerial3200_1920x1080_5994_10bit_420,960,540,10,42,93.377005,94.122922,95.280382,1424.954,0.4737,1.3787,93.377005,,half,new26
Aerial3200_1920x1080_5994_10bit_420,960,540,10,51,90.015001,91.124219,92.291793,765.455,0.536,1.3346,90.015001,,half,new26
Aerial3200_1920x1080_5994_10bit_420,960,540,10,63,59.993621,66.096487,67.348197,142.366,0.4332,1.3288,59.993621,,half,new26
BigBuckBunnyStudio1_1920x1080_60fps_10bit_420_020_0149,960,540,10,20,96.495839,98.306761,99.254262,2465.401,1.4992,6.6033,96.495839,,half,new26
BigBuckBunnyStudio1_1920x1080_60fps_10bit_420_020_0149,960,540,10,33,95.278941,96.604523,97.877863,1236.79,1.0611,3.5135,95.278941,,half,new26
BigBuckBunnyStudio1_1920x1080_60fps_10bit_420_020_0149,960,540,10,42,93.460001,94.489231,95.895248,739.178,1.0925,3.7799,93.460001,,half,new26
BigBuckBunnyStudio1_1920x1080_60fps_10bit_420_020_0149,960,540,10,51,90.172041,91.309333,92.743712,452.57,2.3504,3.463,90.172041,,half,new26
BigBuckBunnyStudio1_1920x1080_60fps_10bit_420_020_0149,960,540,10,63,69.612639,71.585202,73.107642,140.367,1.0519,3.5657,69.612639,,half,new26
BlueSky_360p25,320,180,10,20,97.897181,97.99579,99.470385,651.251,0.151,0.332,97.8972,1.9e-05,half,old47
BlueSky_360p25,320,180,10,33,95.811385,95.837192,97.885595,300.358,0.109,0.306,95.8114,1.5e-05,half,old47
BlueSky_360p25,320,180,10,42,92.00839,92.819089,95.019301,146.465,0.108,0.389,92.0084,1e-05,half,old47
BlueSky_360p25,320,180,10,51,87.975099,89.823279,92.055136,84.997,0.122,0.335,87.9751,1e-06,half,old47
BlueSky_360p25,320,180,10,63,63.737242,71.322353,73.700576,26.358,0.099,0.303,63.7372,4.2e-05,half,old47
BlueSky_360p25_v2,320,180,10,20,99.602419,99.02572,99.991224,714.495,0.2551,0.794,99.602419,,half,new26
BlueSky_360p25_v2,320,180,10,33,97.923961,97.078991,99.428017,326.554,0.2186,0.6187,97.923961,,half,new26
BlueSky_360p25_v2,320,180,10,42,94.057067,94.179597,96.968839,167.668,0.1837,0.5996,94.057067,,half,new26
BlueSky_360p25_v2,320,180,10,51,89.412803,90.624661,93.496768,95.312,0.1899,0.5752,89.412803,,half,new26
BlueSky_360p25_v2,320,180,10,63,64.444529,71.525103,74.672617,28.532,0.1772,0.6199,64.444529,,half,new26
Boat_1920x1080_5994_10bit_420,960,540,10,20,97.903799,98.6838,99.939943,12544.877,1.6653,18.7762,97.903799,,half,new26
Boat_1920x1080_5994_10bit_420,960,540,10,33,95.171599,96.410728,98.277628,5867.79,1.372,3.7553,95.171599,,half,new26
Boat_1920x1080_5994_10bit_420,960,540,10,42,91.873747,94.072302,95.966249,3371.413,1.0936,4.4546,91.873747,,half,new26
Boat_1920x1080_5994_10bit_420,960,540,10,51,86.826849,90.757087,92.67216,1967.244,0.9585,3.0877,86.826849,,half,new26
Boat_1920x1080_5994_10bit_420,960,540,10,63,59.81409,71.787455,73.819675,383.834,0.8949,3.0962,59.81409,,half,new26
BoxingPractice_3840x2160_5994fps_10bit_420,1920,1080,10,20,99.939489,98.82415,99.998729,12955.126,1.526,4.946,99.9395,1.1e-05,half,old47
BoxingPractice_3840x2160_5994fps_10bit_420,1920,1080,10,33,98.572203,96.332195,98.814704,5479.312,2.096,27.786,98.5722,3e-06,half,old47
BoxingPractice_3840x2160_5994fps_10bit_420,1920,1080,10,42,94.985362,92.857405,95.510298,2955.864,1.159,4.996,94.9854,3.8e-05,half,old47
BoxingPractice_3840x2160_5994fps_10bit_420,1920,1080,10,51,88.673541,87.558762,90.281762,1589.201,1.373,4.661,88.6735,4.1e-05,half,old47
BoxingPractice_3840x2160_5994fps_10bit_420,1920,1080,10,63,57.592007,57.018836,60.134977,354.163,1.346,5.026,57.592,7e-06,half,old47
ControlledBurn_1280x720p30_420,640,360,10,20,97.360466,97.059625,97.899569,2069.856,0.312,0.803,97.3604,6.6e-05,half,old47
ControlledBurn_1280x720p30_420,640,360,10,33,92.404587,92.706172,93.703692,986.116,0.262,0.722,92.4045,8.7e-05,half,old47
ControlledBurn_1280x720p30_420,640,360,10,42,84.876901,86.339299,87.381024,523.507,0.265,0.716,84.8769,1e-06,half,old47
ControlledBurn_1280x720p30_420,640,360,10,51,74.740615,77.985942,79.087496,277.617,0.252,0.675,74.7406,1.5e-05,half,old47
ControlledBurn_1280x720p30_420,640,360,10,63,46.926325,48.738997,50.000472,55.981,0.225,0.655,46.9263,2.5e-05,half,old47
CosmosTreeTrunk_sdr_2048x858_25_8bit,1024,428,10,20,98.060214,97.188814,98.744651,4916.643,0.9214,1.804,98.060214,,half,new26
CosmosTreeTrunk_sdr_2048x858_25_8bit,1024,428,10,33,93.649468,93.301625,95.238868,2298.572,0.5395,1.4417,93.649468,,half,new26
CosmosTreeTrunk_sdr_2048x858_25_8bit,1024,428,10,42,86.794603,88.476233,90.474171,1094.044,0.4012,1.4223,86.794603,,half,new26
CosmosTreeTrunk_sdr_2048x858_25_8bit,1024,428,10,51,76.687847,81.113418,83.172946,487.377,0.381,1.904,76.687847,,half,new26
CosmosTreeTrunk_sdr_2048x858_25_8bit,1024,428,10,63,41.456278,48.439671,50.774264,56.851,0.3759,1.8135,41.456278,,half,new26
Crosswalk_3840x2160_5994fps_10bit_420,1920,1080,10,20,97.361054,95.840066,98.027651,8613.554,3.446,4.784,97.3611,4.6e-05,half,old47
Crosswalk_3840x2160_5994fps_10bit_420,1920,1080,10,33,91.118357,90.209776,92.655508,3817.747,18.309,4.761,91.1184,4.3e-05,half,old47
Crosswalk_3840x2160_5994fps_10bit_420,1920,1080,10,42,83.889413,83.837704,86.357996,2139.842,1.138,14.871,83.8894,1.3e-05,half,old47
Crosswalk_3840x2160_5994fps_10bit_420,1920,1080,10,51,73.686495,75.344052,77.96178,1219.185,1.26,14.41,73.6865,5e-06,half,old47
Crosswalk_3840x2160_5994fps_10bit_420,1920,1080,10,63,32.74913,34.015749,37.085264,281.622,1.321,16.087,32.7491,3e-05,half,old47
CrowdRun_1920x1080p50,960,540,10,20,99.273265,98.86147,99.986803,33142.212,0.573,3.037,99.2733,3.5e-05,half,old47
CrowdRun_1920x1080p50,960,540,10,33,94.25076,94.772675,97.113846,14713.8,0.973,3.108,94.2508,4e-05,half,old47
CrowdRun_1920x1080p50,960,540,10,42,86.207746,89.086695,91.504537,6821.529,0.806,2.679,86.2078,5.4e-05,half,old47
CrowdRun_1920x1080p50,960,540,10,51,74.497131,80.727298,83.230797,3026.329,0.766,2.801,74.4971,3.1e-05,half,old47
CrowdRun_1920x1080p50,960,540,10,63,31.041476,37.930896,40.872886,380.249,0.613,2.515,31.0415,2.4e-05,half,old47
DOTA2_1920x1080_60_8bit_420,960,540,10,20,94.864841,96.659443,99.076237,11956.876,0.66,2.737,94.8646,0.000241,half,old47
DOTA2_1920x1080_60_8bit_420,960,540,10,33,92.001566,93.861732,96.786257,5816.621,0.703,2.612,92.0013,0.000266,half,old47
DOTA2_1920x1080_60_8bit_420,960,540,10,42,86.652111,89.523853,92.518883,2852.315,0.727,2.606,86.6519,0.000211,half,old47
DOTA2_1920x1080_60_8bit_420,960,540,10,51,77.616014,82.800741,85.851471,1475.313,0.684,2.552,77.6158,0.000214,half,old47
DOTA2_1920x1080_60_8bit_420,960,540,10,63,39.960938,46.789304,50.127422,251.845,0.568,2.536,39.9608,0.000138,half,old47
Debugging_1920x1080_30fps_8bit_420,960,540,10,20,97.0563,97.990523,98.165888,1195.309,0.574,2.775,97.0563,0.0,half,old47
Debugging_1920x1080_30fps_8bit_420,960,540,10,33,96.144175,96.268876,96.477194,735.166,0.648,2.734,96.1442,2.5e-05,half,old47
Debugging_1920x1080_30fps_8bit_420,960,540,10,42,94.657786,93.990854,94.20717,472.486,0.658,2.588,94.6578,1.4e-05,half,old47
Debugging_1920x1080_30fps_8bit_420,960,540,10,51,91.657586,90.374128,90.592192,304.482,0.592,2.591,91.6576,1.4e-05,half,old47
Debugging_1920x1080_30fps_8bit_420,960,540,10,63,69.246023,69.187242,69.415685,90.055,0.513,2.388,69.246,2.3e-05,half,old47
DinnerSceneCropped_1920x1080_2997fps_10bit_420,960,540,10,20,94.516418,92.805821,93.468669,938.648,2.8676,10.4933,94.516418,,half,new26
DinnerSceneCropped_1920x1080_2997fps_10bit_420,960,540,10,33,92.110925,89.624616,90.292572,247.864,0.881,3.4893,92.110925,,half,new26
DinnerSceneCropped_1920x1080_2997fps_10bit_420,960,540,10,42,89.630136,87.166555,87.83904,131.894,0.7122,3.3231,89.630136,,half,new26
DinnerSceneCropped_1920x1080_2997fps_10bit_420,960,540,10,51,86.322646,83.939402,84.618252,76.351,0.8097,3.3197,86.322646,,half,new26
DinnerSceneCropped_1920x1080_2997fps_10bit_420,960,540,10,63,59.8775,58.608261,59.329504,25.636,0.7575,3.4619,59.8775,,half,new26
DrivingPOV_1280x720p_5994_10bit_420,640,360,10,20,97.268432,97.696057,99.076148,3427.93,0.559,1.476,97.2684,3.2e-05,half,old47
DrivingPOV_1280x720p_5994_10bit_420,640,360,10,33,95.446075,95.641116,97.102489,1741.847,0.57,1.366,95.4461,2.5e-05,half,old47
DrivingPOV_1280x720p_5994_10bit_420,640,360,10,42,92.842205,93.700169,95.171167,963.917,0.549,1.305,92.8422,5e-06,half,old47
DrivingPOV_1280x720p_5994_10bit_420,640,360,10,51,89.08087,89.491363,90.986795,573.776,0.55,1.335,89.0809,3e-05,half,old47
DrivingPOV_1280x720p_5994_10bit_420,640,360,10,63,64.580346,69.664934,71.260936,136.449,0.501,1.295,64.5803,4.6e-05,half,old47
EuroTruckSimulator2_1920x1080p60,960,540,10,20,99.399509,98.69944,99.593469,22277.86,0.734,2.585,99.3995,9e-06,half,old47
EuroTruckSimulator2_1920x1080p60,960,540,10,33,95.348333,95.079136,96.383586,9190.415,0.645,2.497,95.3483,3.3e-05,half,old47
EuroTruckSimulator2_1920x1080p60,960,540,10,42,90.794062,91.390292,92.715674,4431.603,0.661,2.18,90.794,6.2e-05,half,old47
EuroTruckSimulator2_1920x1080p60,960,540,10,51,84.678662,86.466871,87.819891,2235.046,0.601,2.059,84.6787,3.8e-05,half,old47
EuroTruckSimulator2_1920x1080p60,960,540,10,63,54.993162,61.504816,62.997361,254.485,0.476,2.049,54.9932,3.8e-05,half,old47
EuroTruckSimulator2_1920x1080p60_v2,960,540,10,20,99.510356,98.902926,99.825548,27329.161,0.808,4.1286,99.510356,,half,new26
EuroTruckSimulator2_1920x1080p60_v2,960,540,10,33,95.430136,95.277974,96.798169,10716.966,0.734,2.5286,95.430136,,half,new26
EuroTruckSimulator2_1920x1080p60_v2,960,540,10,42,90.31091,91.50189,93.049065,4358.647,0.6752,2.5485,90.31091,,half,new26
EuroTruckSimulator2_1920x1080p60_v2,960,540,10,51,83.550931,86.946069,88.525508,1887.249,0.6833,2.1838,83.550931,,half,new26
EuroTruckSimulator2_1920x1080p60_v2,960,540,10,63,57.814441,65.986845,67.716557,275.671,0.532,2.0795,57.814441,,half,new26
FoodMarket2_3840x2160_5994fps_10bit_420,1920,1080,10,20,99.968909,100.0,100.0,19270.614,6.57,6.218,99.9689,9e-06,half,old47
FoodMarket2_3840x2160_5994fps_10bit_420,1920,1080,10,33,99.928622,99.600162,99.962595,8628.869,3.75,7.401,99.9286,2.2e-05,half,old47
FoodMarket2_3840x2160_5994fps_10bit_420,1920,1080,10,42,97.982229,96.682283,98.613508,4913.123,1.491,17.164,97.9822,2.9e-05,half,old47
FoodMarket2_3840x2160_5994fps_10bit_420,1920,1080,10,51,90.119886,90.790428,93.548414,2773.06,1.238,5.238,90.1199,1.4e-05,half,old47
FoodMarket2_3840x2160_5994fps_10bit_420,1920,1080,10,63,49.076969,54.378693,57.977071,559.885,1.247,5.769,49.077,3.1e-05,half,old47
FoodMarket_1920x1080_5994_10bit_420,960,540,10,20,98.679578,97.993678,99.251793,7218.555,1.3615,17.5126,98.679578,,half,new26
FoodMarket_1920x1080_5994_10bit_420,960,540,10,33,96.187863,95.617391,97.235876,3125.26,1.3284,3.5609,96.187863,,half,new26
FoodMarket_1920x1080_5994_10bit_420,960,540,10,42,91.384798,91.873296,93.538542,1629.828,1.0398,3.3143,91.384798,,half,new26
FoodMarket_1920x1080_5994_10bit_420,960,540,10,51,83.776049,86.445577,88.151897,832.983,0.9452,3.0573,83.776049,,half,new26
FoodMarket_1920x1080_5994_10bit_420,960,540,10,63,50.861784,58.951301,60.866187,148.692,0.8447,3.1935,50.861784,,half,new26
FourPeople_480x270_60,320,180,10,20,96.938052,98.390782,98.588661,608.009,0.1931,0.7734,96.938052,,twothird,new26
FourPeople_480x270_60,320,180,10,33,95.812478,97.164573,97.362966,305.169,0.2506,0.8303,95.812478,,twothird,new26
FourPeople_480x270_60,320,180,10,42,93.880215,95.596551,95.795653,179.801,0.2413,0.8405,93.880215,,twothird,new26
FourPeople_480x270_60,320,180,10,51,90.773598,93.235803,93.435893,113.468,0.2699,0.8341,90.773598,,twothird,new26
FourPeople_480x270_60,320,180,10,63,72.624835,80.287392,80.492924,39.858,0.2221,0.8325,72.624835,,twothird,new26
GlassHalf_1920x1080p_24p_8bit_420,960,540,10,20,98.312089,96.182562,97.5204,6657.202,0.539,1.59,98.3121,1.1e-05,half,old47
GlassHalf_1920x1080p_24p_8bit_420,960,540,10,33,96.151288,93.636668,95.127072,3101.637,0.46,2.115,96.1513,1.2e-05,half,old47
GlassHalf_1920x1080p_24p_8bit_420,960,540,10,42,92.100843,89.760718,91.272044,1516.667,0.66,2.165,92.1008,4.3e-05,half,old47
GlassHalf_1920x1080p_24p_8bit_420,960,540,10,51,85.567455,84.426487,85.965957,745.464,0.799,2.259,85.5674,5.5e-05,half,old47
GlassHalf_1920x1080p_24p_8bit_420,960,540,10,63,50.815689,51.674391,53.38311,120.137,0.54,2.055,50.8157,1.1e-05,half,old47
Johnny_1280x720_60,640,360,10,20,96.770337,92.578371,92.707931,772.992,0.296,1.541,96.7704,6.3e-05,half,old47
Johnny_1280x720_60,640,360,10,33,95.782941,91.430992,91.560682,391.565,0.36,1.174,95.783,5.9e-05,half,old47
Johnny_1280x720_60,640,360,10,42,94.530235,90.747199,90.877152,239.468,0.322,1.203,94.5303,6.5e-05,half,old47
Johnny_1280x720_60,640,360,10,51,92.576129,89.474103,89.604497,150.085,0.376,1.219,92.5761,2.9e-05,half,old47
Johnny_1280x720_60,640,360,10,63,78.661596,78.679759,78.81263,52.08,0.285,1.081,78.6616,4e-06,half,old47
KristenAndSara_1280x720_60,640,360,10,20,97.015846,94.849447,95.043614,955.842,0.31,1.169,97.0159,5.4e-05,half,old47
KristenAndSara_1280x720_60,640,360,10,33,96.087375,94.102574,94.297046,497.01,0.341,1.168,96.0874,2.5e-05,half,old47
KristenAndSara_1280x720_60,640,360,10,42,94.704013,92.936126,93.131233,302.548,0.318,1.148,94.704,1.3e-05,half,old47
KristenAndSara_1280x720_60,640,360,10,51,92.324448,91.056484,91.252544,189.474,0.321,1.143,92.3245,5.2e-05,half,old47
KristenAndSara_1280x720_60,640,360,10,63,77.242986,77.962258,78.164492,64.305,0.309,1.18,77.243,1.4e-05,half,old47
Life_1080p30,960,540,10,20,97.73779,98.215747,99.44728,6119.541,1.0276,2.6319,97.73779,,half,new26
Life_1080p30,960,540,10,33,94.984542,96.021915,97.367719,2437.484,0.6642,2.3668,94.984542,,half,new26
Life_1080p30,960,540,10,42,91.052577,92.874771,94.218615,1192.028,0.7521,2.2688,91.052577,,half,new26
Life_1080p30,960,540,10,51,85.389674,89.012613,90.370291,647.708,0.6718,2.0703,85.389674,,half,new26
Life_1080p30,960,540,10,63,56.85039,66.923964,68.364532,150.921,0.5331,1.9853,56.85039,,half,new26
Life_1080p30_v2,960,540,10,20,97.903189,98.363282,99.499842,6777.547,0.8646,2.6927,97.903189,,half,new26
Life_1080p30_v2,960,540,10,33,95.230574,96.254965,97.512538,2741.166,0.776,5.3973,95.230574,,half,new26
Life_1080p30_v2,960,540,10,42,91.664011,93.52163,94.75809,1347.445,0.6009,2.2176,91.664011,,half,new26
Life_1080p30_v2,960,540,10,51,85.792167,89.109057,90.362123,731.369,0.73,2.2779,85.792167,,half,new26
Life_1080p30_v2,960,540,10,63,56.181899,65.903028,67.227885,160.636,0.5915,2.129,56.181899,,half,new26
MINECRAFT_1080p_60_8bit,960,540,10,20,99.293092,99.194935,99.412162,26874.391,0.831,3.023,99.2931,8e-06,half,old47
MINECRAFT_1080p_60_8bit,960,540,10,33,97.126692,96.554594,97.627078,10908.862,0.762,2.645,97.1267,8e-06,half,old47
MINECRAFT_1080p_60_8bit,960,540,10,42,90.322177,90.741409,92.354467,4741.982,0.791,2.719,90.3222,2.3e-05,half,old47
MINECRAFT_1080p_60_8bit,960,540,10,51,78.609508,82.495991,84.231745,2111.605,0.868,3.008,78.6095,8e-06,half,old47
MINECRAFT_1080p_60_8bit,960,540,10,63,40.445342,46.160059,48.336328,261.7,0.614,2.686,40.4453,4.2e-05,half,old47
MeridianTalk_sdr_1920x1080p_5994_10bit,960,540,10,20,95.432555,95.807763,96.029607,1698.543,0.647,3.003,95.4326,4.5e-05,half,old47
MeridianTalk_sdr_1920x1080p_5994_10bit,960,540,10,33,93.517345,93.388946,93.61217,694.995,0.704,3.179,93.5173,4.5e-05,half,old47
MeridianTalk_sdr_1920x1080p_5994_10bit,960,540,10,42,90.929501,91.58387,91.807922,370.419,0.739,3.087,90.9295,1e-06,half,old47
MeridianTalk_sdr_1920x1080p_5994_10bit,960,540,10,51,86.684477,87.712055,87.938206,207.227,0.726,3.078,86.6845,2.3e-05,half,old47
MeridianTalk_sdr_1920x1080p_5994_10bit,960,540,10,63,65.842045,70.502234,70.736612,54.931,0.617,3.167,65.842,4.5e-05,half,old47
MissionControlClip1_1920x1080_60fps_10bit_420_0450_0579,960,540,10,20,97.053551,98.984812,99.195675,4182.52,1.0509,3.2976,97.053551,,half,new26
MissionControlClip1_1920x1080_60fps_10bit_420_0450_0579,960,540,10,33,96.217277,97.642214,98.022085,1979.298,0.9226,3.2689,96.217277,,half,new26
MissionControlClip1_1920x1080_60fps_10bit_420_0450_0579,960,540,10,42,94.955505,95.96793,96.454144,1144.648,0.7682,3.0794,94.955505,,half,new26
MissionControlClip1_1920x1080_60fps_10bit_420_0450_0579,960,540,10,51,92.992498,93.514736,94.03638,697.506,0.8194,3.2906,92.992498,,half,new26
MissionControlClip1_1920x1080_60fps_10bit_420_0450_0579,960,540,10,63,77.443848,79.205759,79.797309,213.279,0.7116,3.0812,77.443848,,half,new26
MissionControlClip3_1920x1080_60_420,960,540,10,20,97.13175,98.278495,98.449404,3989.475,0.548,2.673,97.1317,5e-05,half,old47
MissionControlClip3_1920x1080_60_420,960,540,10,33,96.304854,97.109693,97.285726,2067.05,0.586,2.608,96.3048,5.4e-05,half,old47
MissionControlClip3_1920x1080_60_420,960,540,10,42,95.095097,95.500524,95.679438,1140.653,0.621,2.619,95.0951,3e-06,half,old47
MissionControlClip3_1920x1080_60_420,960,540,10,51,93.224395,93.328947,93.506392,707.49,0.797,2.646,93.2244,5e-06,half,old47
MissionControlClip3_1920x1080_60_420,960,540,10,63,79.168578,81.628477,81.807945,232.305,0.54,2.476,79.1686,2.2e-05,half,old47
MobileDeviceScreenSharing,538,1110,10,20,99.181501,99.677118,99.749883,1048.434,0.7899,2.4809,99.181501,,half,new26
MobileDeviceScreenSharing,538,1110,10,33,99.048141,99.262841,99.42718,596.882,0.6131,2.2667,99.048141,,half,new26
MobileDeviceScreenSharing,538,1110,10,42,98.842896,98.733939,98.995477,383.748,0.6143,9.3903,98.842896,,half,new26
MobileDeviceScreenSharing,538,1110,10,51,98.535869,98.253751,98.568018,253.154,0.4502,1.4937,98.535869,,half,new26
MobileDeviceScreenSharing,538,1110,10,63,95.12433,89.378082,90.685706,105.723,0.4209,1.6771,95.12433,,half,new26
Motorcycle_1920x1080_30fps_8bit,960,540,10,20,99.969864,100.0,100.0,26095.822,1.5774,5.1186,99.969864,,half,new26
Motorcycle_1920x1080_30fps_8bit,960,540,10,33,99.949072,99.761343,99.985437,13696.14,1.1232,3.8613,99.949072,,half,new26
Motorcycle_1920x1080_30fps_8bit,960,540,10,42,96.542139,94.352546,95.255523,7049.351,1.1301,3.2027,96.542139,,half,new26
Motorcycle_1920x1080_30fps_8bit,960,540,10,51,83.358304,83.497336,84.567449,3143.042,1.0761,3.0026,83.358304,,half,new26
Motorcycle_1920x1080_30fps_8bit,960,540,10,63,37.666327,35.351031,36.828684,326.143,1.9101,2.7857,37.666327,,half,new26
MountainBike_1920x1080_30fps_8bit,960,540,10,20,99.87871,99.935173,100.0,30601.324,1.187,4.046,99.8787,1e-05,half,old47
MountainBike_1920x1080_30fps_8bit,960,540,10,33,99.781498,99.780984,99.933548,16390.953,1.008,3.284,99.7815,2e-06,half,old47
MountainBike_1920x1080_30fps_8bit,960,540,10,42,98.909501,94.191019,94.41919,8674.044,1.098,2.937,98.9095,1e-06,half,old47
MountainBike_1920x1080_30fps_8bit,960,540,10,51,88.08356,81.970122,82.22561,3940.42,0.882,2.844,88.0836,4e-05,half,old47
MountainBike_1920x1080_30fps_8bit,960,540,10,63,43.923134,31.750938,32.076146,392.64,0.734,2.338,43.9231,3.4e-05,half,old47
Neon1224_3840x2160_2997fps,1920,1080,10,20,99.966803,99.952227,99.995073,33785.223,6.711,6.545,99.9668,3e-06,half,old47
Neon1224_3840x2160_2997fps,1920,1080,10,33,99.587966,99.264378,99.576885,15557.864,2.053,13.048,99.588,3.4e-05,half,old47
Neon1224_3840x2160_2997fps,1920,1080,10,42,94.038646,94.632444,95.191038,8025.092,1.731,12.535,94.0386,4.6e-05,half,old47
Neon1224_3840x2160_2997fps,1920,1080,10,51,78.391877,84.106443,84.752631,3870.328,2.563,11.954,78.3919,2.3e-05,half,old47
Neon1224_3840x2160_2997fps,1920,1080,10,63,23.205574,20.380676,21.287474,517.613,1.733,7.822,23.2056,2.6e-05,half,old47
NocturneDance_3840x2160p_10bit_60fps,1920,1080,10,20,92.963882,92.268224,92.895994,41909.181,8.104,10.628,92.9639,1.8e-05,half,old47
NocturneDance_3840x2160p_10bit_60fps,1920,1080,10,33,81.171927,82.437847,83.083691,15335.957,3.393,16.732,81.1719,2.7e-05,half,old47
NocturneDance_3840x2160p_10bit_60fps,1920,1080,10,42,65.006932,70.315345,70.982522,6100.541,4.073,14.997,65.0069,3.2e-05,half,old47
NocturneDance_3840x2160p_10bit_60fps,1920,1080,10,51,44.60357,53.914124,54.60843,1951.613,3.337,16.57,44.6036,3e-05,half,old47
NocturneDance_3840x2160p_10bit_60fps,1920,1080,10,63,14.273433,12.901763,13.662755,139.831,2.638,12.273,14.2734,3.3e-05,half,old47
OldTownCross_1920x1080p50,960,540,10,20,93.681314,94.465566,95.229306,2585.994,0.582,3.271,93.6813,1.4e-05,half,old47
OldTownCross_1920x1080p50,960,540,10,33,92.274733,92.844988,93.612382,1364.289,0.76,2.701,92.2748,6.7e-05,half,old47
OldTownCross_1920x1080p50,960,540,10,42,90.699001,91.697507,92.466781,895.172,0.665,2.49,90.699,1e-06,half,old47
OldTownCross_1920x1080p50,960,540,10,51,88.02337,89.03974,89.814585,515.772,1.006,2.291,88.0234,3e-05,half,old47
OldTownCross_1920x1080p50,960,540,10,63,61.594039,66.499721,67.316509,111.637,0.498,2.164,61.5941,6.1e-05,half,old47
ParkJoy_480x270_50,240,134,10,20,96.836664,,,1371.102,0.141,14.894,96.8367,3.6e-05,half,old47
ParkJoy_480x270_50,240,134,10,33,92.762703,,,650.932,0.11,11.78,92.7627,3e-06,half,old47
ParkJoy_480x270_50,240,134,10,42,86.480059,,,319.08,0.099,11.094,86.4801,4.1e-05,half,old47
ParkJoy_480x270_50,240,134,10,51,78.038056,,,168.363,0.099,10.575,78.0381,4.4e-05,half,old47
ParkJoy_480x270_50,240,134,10,63,38.069679,,,34.425,0.08,10.931,38.0697,2.1e-05,half,old47
PedestrianArea_1920x1080p25,960,540,10,20,99.741408,98.311599,99.543554,3333.112,0.515,1.342,99.7414,8e-06,half,old47
PedestrianArea_1920x1080p25,960,540,10,33,97.025326,94.218416,96.51336,1485.389,0.417,1.294,97.0253,2.6e-05,half,old47
PedestrianArea_1920x1080p25,960,540,10,42,89.694714,87.776066,90.238077,801.472,0.419,1.332,89.6947,1.4e-05,half,old47
PedestrianArea_1920x1080p25,960,540,10,51,78.496713,78.36967,80.96357,435.435,0.356,1.218,78.4967,1.3e-05,half,old47
PedestrianArea_1920x1080p25,960,540,10,63,35.343558,31.230503,34.480807,89.197,0.306,1.266,35.3435,5.8e-05,half,old47
PierSeaSide_3840x2160_2997fps_10bit_420_v2,1920,1080,10,20,98.497588,98.388697,99.330718,4397.901,16.545,4.89,98.4976,1.2e-05,half,old47
PierSeaSide_3840x2160_2997fps_10bit_420_v2,1920,1080,10,33,96.816641,97.095834,98.406457,1551.116,22.545,5.392,96.8166,4.1e-05,half,old47
PierSeaSide_3840x2160_2997fps_10bit_420_v2,1920,1080,10,42,94.10729,95.500631,96.945438,774.32,1.164,25.859,94.1073,1e-05,half,old47
PierSeaSide_3840x2160_2997fps_10bit_420_v2,1920,1080,10,51,89.840605,92.984497,94.452714,401.249,1.224,4.647,89.8406,5e-06,half,old47
PierSeaSide_3840x2160_2997fps_10bit_420_v2,1920,1080,10,63,63.840762,73.660147,75.231246,83.448,1.133,4.982,63.8408,3.8e-05,half,old47
RedKayak_360_2997,320,180,10,20,99.964186,99.567509,99.922101,2511.758,0.138,0.445,99.9642,1.4e-05,half,old47
RedKayak_360_2997,320,180,10,33,96.642266,94.175703,96.317768,1237.262,0.131,0.481,96.6423,3.4e-05,half,old47
RedKayak_360_2997,320,180,10,42,82.491841,83.03893,85.714372,540.781,0.137,0.362,82.4918,4.1e-05,half,old47
RedKayak_360_2997,320,180,10,51,60.779151,64.597311,67.625551,216.71,0.113,0.38,60.7792,4.9e-05,half,old47
RedKayak_360_2997,320,180,10,63,15.288496,10.283603,13.107679,28.605,0.091,0.307,15.2885,4e-06,half,old47
RitualDance_1920x1080_5994_10bit_420,960,540,10,20,98.266437,96.928904,98.210103,9321.039,1.027,1.749,98.2664,3.7e-05,half,old47
RitualDance_1920x1080_5994_10bit_420,960,540,10,33,94.651443,93.13502,94.660795,4054.855,0.577,2.54,94.6515,5.7e-05,half,old47
RitualDance_1920x1080_5994_10bit_420,960,540,10,42,87.290709,87.312006,88.893467,2081.16,1.056,2.791,87.2907,9e-06,half,old47
RitualDance_1920x1080_5994_10bit_420,960,540,10,51,76.035932,78.690626,80.325356,1064.978,0.772,2.783,76.0359,3.2e-05,half,old47
RitualDance_1920x1080_5994_10bit_420,960,540,10,63,32.640789,35.215543,37.107031,174.534,0.758,2.649,32.6408,1.1e-05,half,old47
Riverbed_1920x1080p25,960,540,10,20,99.965456,99.909709,100.0,13621.458,0.846,3.158,99.9655,4.4e-05,half,old47
Riverbed_1920x1080p25,960,540,10,33,99.823813,93.445898,95.036601,6528.04,1.132,3.035,99.8238,1.3e-05,half,old47
Riverbed_1920x1080p25,960,540,10,42,89.939508,81.546737,83.378191,3561.375,0.883,2.862,89.9395,8e-06,half,old47
Riverbed_1920x1080p25,960,540,10,51,67.97507,63.6139,65.718545,1731.4,0.957,3.124,67.9751,3e-05,half,old47
Riverbed_1920x1080p25,960,540,10,63,18.364475,8.6918,10.388526,170.24,0.679,3.011,18.3645,2.5e-05,half,old47
RollerCoaster_1280x720p_5994_10bit_420,640,360,10,20,99.832301,99.368183,99.989394,4430.644,0.81,2.069,99.8323,1e-06,half,old47
RollerCoaster_1280x720p_5994_10bit_420,640,360,10,33,97.142315,96.514835,98.388031,1978.959,0.819,1.804,97.1423,1.5e-05,half,old47
RollerCoaster_1280x720p_5994_10bit_420,640,360,10,42,91.842829,92.353449,94.356148,1049.169,0.821,2.033,91.8428,2.9e-05,half,old47
RollerCoaster_1280x720p_5994_10bit_420,640,360,10,51,84.190732,86.49812,88.559239,587.387,0.815,1.917,84.1907,3.2e-05,half,old47
RollerCoaster_1280x720p_5994_10bit_420,640,360,10,63,42.939064,47.15038,49.60957,120.935,0.681,1.86,42.9391,3.6e-05,half,old47
RushFieldCuts_1920x1080_2997,960,540,10,20,97.004493,96.514985,97.70922,11165.307,1.354,4.698,97.0045,7e-06,half,old47
RushFieldCuts_1920x1080_2997,960,540,10,33,92.248284,92.537646,93.791143,4967.164,1.022,3.977,92.2483,1.6e-05,half,old47
RushFieldCuts_1920x1080_2997,960,540,10,42,84.482413,86.652567,87.931866,2428.587,1.626,3.949,84.4824,1.3e-05,half,old47
RushFieldCuts_1920x1080_2997,960,540,10,51,73.625017,78.307379,79.621683,1215.149,1.063,3.671,73.625,1.7e-05,half,old47
RushFieldCuts_1920x1080_2997,960,540,10,63,37.107014,36.56494,38.058401,181.906,0.836,3.4,37.107,1.4e-05,half,old47
STARCRAFT_1080p60,960,540,10,20,97.122242,97.717271,97.980966,5083.701,0.7382,2.9454,97.122242,,half,new26
STARCRAFT_1080p60,960,540,10,33,95.447387,95.251082,95.589675,2110.434,0.6616,3.5228,95.447387,,half,new26
STARCRAFT_1080p60,960,540,10,42,93.280058,92.658764,93.002041,1036.453,0.6543,2.72,93.280058,,half,new26
STARCRAFT_1080p60,960,540,10,51,89.800896,89.158069,89.505407,556.468,0.6521,2.7117,89.800896,,half,new26
STARCRAFT_1080p60,960,540,10,63,66.604273,69.236824,69.608377,123.198,0.5541,2.8555,66.604273,,half,new26
SceneComposition_1,960,540,10,20,97.029624,99.224907,99.782479,759.167,0.5264,2.0318,97.029624,,half,new26
SceneComposition_1,960,540,10,33,96.458009,98.435003,99.322154,424.151,0.4574,1.9929,96.458009,,half,new26
SceneComposition_1,960,540,10,42,95.565423,96.997821,98.132418,258.003,0.5144,1.8792,95.565423,,half,new26
SceneComposition_1,960,540,10,51,94.105617,95.277932,96.639174,172.158,0.4859,2.868,94.105617,,half,new26
SceneComposition_1,960,540,10,63,82.226979,85.15565,86.887232,59.888,0.4445,1.9267,82.226979,,half,new26
SceneComposition_2,960,540,10,20,96.762644,98.718697,99.199263,522.31,0.6091,3.2326,96.762644,,half,new26
SceneComposition_2,960,540,10,33,95.966644,97.479422,98.006234,287.875,0.5827,2.5473,95.966644,,half,new26
SceneComposition_2,960,540,10,42,94.754332,95.975794,96.504408,186.316,0.5505,2.5587,94.754332,,half,new26
SceneComposition_2,960,540,10,51,92.971576,93.706274,94.238065,121.404,0.5615,2.4938,92.971576,,half,new26
SceneComposition_2,960,540,10,63,78.913479,79.037508,79.585524,42.937,0.5817,2.699,78.913479,,half,new26
Skater227_1920x1080_30fps,960,540,10,20,99.666899,98.678452,99.569694,1725.86,1.4349,3.6313,99.666899,,half,new26
Skater227_1920x1080_30fps,960,540,10,33,96.688057,94.090473,96.075833,747.115,1.1677,19.8075,96.688057,,half,new26
Skater227_1920x1080_30fps,960,540,10,42,88.579167,87.214736,89.426308,385.577,1.138,3.2354,88.579167,,half,new26
Skater227_1920x1080_30fps,960,540,10,51,77.200707,77.760201,80.099115,208.098,0.8954,3.3621,77.200707,,half,new26
Skater227_1920x1080_30fps,960,540,10,63,41.618823,43.952264,46.748074,53.594,0.8366,3.35,41.618823,,half,new26
Slides1_1920x1080_30fps_8bit_420,960,540,10,20,96.40958,96.999354,97.423757,1995.434,0.807,3.11,96.4096,2e-05,half,old47
Slides1_1920x1080_30fps_8bit_420,960,540,10,33,95.151426,95.206385,95.736702,1088.134,0.693,2.974,95.1514,2.6e-05,half,old47
Slides1_1920x1080_30fps_8bit_420,960,540,10,42,93.149327,93.02566,93.559816,673.418,0.695,2.715,93.1493,2.7e-05,half,old47
Slides1_1920x1080_30fps_8bit_420,960,540,10,51,90.03098,89.632134,90.170523,423.716,0.759,2.549,90.031,2e-05,half,old47
Slides1_1920x1080_30fps_8bit_420,960,540,10,63,69.942085,70.462919,71.024889,142.194,0.586,2.447,69.9421,1.5e-05,half,old47
Slides2r_1920x1080_30fps_8bit_420,960,540,10,20,97.37794,97.974473,98.100463,1943.227,0.6205,2.6034,97.37794,,half,new26
Slides2r_1920x1080_30fps_8bit_420,960,540,10,33,96.140578,96.528069,96.848681,1031.78,0.6253,2.4831,96.140578,,half,new26
Slides2r_1920x1080_30fps_8bit_420,960,540,10,42,94.264121,94.076336,94.620745,626.795,0.5886,2.5127,94.264121,,half,new26
Slides2r_1920x1080_30fps_8bit_420,960,540,10,51,91.259863,91.492012,92.047161,380.492,0.9652,13.5643,91.259863,,half,new26
Slides2r_1920x1080_30fps_8bit_420,960,540,10,63,72.916619,74.8468,75.426636,119.91,0.5782,2.5945,72.916619,,half,new26
Sniper_1920x1080P_30fps_8bit,960,540,10,20,99.639132,99.367903,99.64529,19894.045,1.3712,3.8906,99.639132,,half,new26
Sniper_1920x1080P_30fps_8bit,960,540,10,33,96.955185,95.111868,96.601385,9213.676,0.9966,5.7661,96.955185,,half,new26
Sniper_1920x1080P_30fps_8bit,960,540,10,42,87.327664,86.497402,88.286939,3917.088,0.8531,2.9806,87.327664,,half,new26
Sniper_1920x1080P_30fps_8bit,960,540,10,51,73.67003,75.792907,77.707795,1507.715,0.766,3.7526,73.67003,,half,new26
Sniper_1920x1080P_30fps_8bit,960,540,10,63,32.838187,33.193885,35.590762,137.249,0.6646,3.5041,32.838187,,half,new26
SnowMountain_640x360_2997,320,180,10,20,96.402932,93.30937,93.348686,135.282,0.135,0.492,96.4029,3.2e-05,half,old47
SnowMountain_640x360_2997,320,180,10,33,95.818446,92.606623,92.646001,81.474,0.122,0.459,95.8184,4.6e-05,half,old47
SnowMountain_640x360_2997,320,180,10,42,94.718769,91.374279,91.413712,50.903,0.145,0.506,94.7187,6.9e-05,half,old47
SnowMountain_640x360_2997,320,180,10,51,92.917502,89.903284,89.942851,37.541,0.162,0.582,92.9174,0.000102,half,old47
SnowMountain_640x360_2997,320,180,10,63,79.312515,79.888634,79.929014,18.668,0.153,0.463,79.3125,1.5e-05,half,old47
SolLevanteDragons_sdr_1920x1080_24_10bit,960,540,10,20,99.501226,98.56867,99.375591,5140.549,1.451,5.0191,99.501226,,half,new26
SolLevanteDragons_sdr_1920x1080_24_10bit,960,540,10,33,95.012514,92.333034,93.913753,2155.337,1.5191,2.9529,95.012514,,half,new26
SolLevanteDragons_sdr_1920x1080_24_10bit,960,540,10,42,82.585957,81.803928,83.50087,1086.428,0.9368,2.5686,82.585957,,half,new26
SolLevanteDragons_sdr_1920x1080_24_10bit,960,540,10,51,62.479101,65.396976,67.265362,534.346,0.8569,2.5394,62.479101,,half,new26
SolLevanteDragons_sdr_1920x1080_24_10bit,960,540,10,63,20.16787,11.794307,14.095477,89.4,0.8519,2.4512,20.16787,,half,new26
SolLevanteFace_sdr_1920x1080_24_10bit,960,540,10,20,92.615671,92.219887,92.92077,8564.486,3.718,2.983,92.6157,2.9e-05,half,old47
SolLevanteFace_sdr_1920x1080_24_10bit,960,540,10,33,83.752601,85.017157,86.14646,3549.35,1.0,2.726,83.7526,1e-06,half,old47
SolLevanteFace_sdr_1920x1080_24_10bit,960,540,10,42,68.743109,73.933216,75.166921,1448.192,0.889,2.53,68.7431,9e-06,half,old47
SolLevanteFace_sdr_1920x1080_24_10bit,960,540,10,51,50.889489,60.301278,61.637678,499.987,0.723,2.441,50.8895,1.1e-05,half,old47
SolLevanteFace_sdr_1920x1080_24_10bit,960,540,10,63,14.478326,19.066854,20.167349,37.82,0.603,2.269,14.4783,2.6e-05,half,old47
SparksElevator_480x270p_5994_10bit,240,134,10,20,94.328313,,,644.538,0.145,12.356,94.3283,1.3e-05,half,old47
SparksElevator_480x270p_5994_10bit,240,134,10,33,91.138383,,,268.2,0.126,12.162,91.1384,1.7e-05,half,old47
SparksElevator_480x270p_5994_10bit,240,134,10,42,87.257908,,,141.606,0.133,10.876,87.2579,8e-06,half,old47
SparksElevator_480x270p_5994_10bit,240,134,10,51,81.450958,,,78.748,0.116,9.74,81.451,4.2e-05,half,old47
SparksElevator_480x270p_5994_10bit,240,134,10,63,53.759389,,,27.13,0.101,8.28,53.7594,1.1e-05,half,old47
SpeedBag_640x360_2997,320,180,10,20,97.325812,98.048351,98.551694,241.874,0.115,0.308,97.3258,1.2e-05,half,old47
SpeedBag_640x360_2997,320,180,10,33,95.514558,96.146695,96.938391,122.222,0.089,0.296,95.5145,5.8e-05,half,old47
SpeedBag_640x360_2997,320,180,10,42,92.277133,93.412476,94.424076,75.395,0.107,0.298,92.2771,3.3e-05,half,old47
SpeedBag_640x360_2997,320,180,10,51,86.97562,89.465111,90.542509,48.638,0.09,0.278,86.9756,2e-05,half,old47
SpeedBag_640x360_2997,320,180,10,63,57.325002,63.8034,65.049556,18.511,0.091,0.293,57.325,2e-06,half,old47
Spreadsheet_1920x1080_30fps_8bit_420_130f,960,540,10,20,96.428813,97.665367,99.061231,2565.576,0.542,1.291,96.4288,1.3e-05,half,old47
Spreadsheet_1920x1080_30fps_8bit_420_130f,960,540,10,33,95.530907,96.194965,98.271102,1433.935,0.442,1.243,95.5309,7e-06,half,old47
Spreadsheet_1920x1080_30fps_8bit_420_130f,960,540,10,42,94.180825,94.570719,97.26709,871.571,1.542,1.324,94.1808,2.5e-05,half,old47
Spreadsheet_1920x1080_30fps_8bit_420_130f,960,540,10,51,92.125398,92.018229,95.346743,567.715,0.55,1.217,92.1254,2e-06,half,old47
Spreadsheet_1920x1080_30fps_8bit_420_130f,960,540,10,63,73.796569,76.328283,80.27298,204.432,0.473,1.222,73.7966,3.1e-05,half,old47
Stockholm_640x360_5994,320,180,10,20,96.628471,96.984033,98.142713,623.495,0.097,0.321,96.6285,2.9e-05,half,old47
Stockholm_640x360_5994,320,180,10,33,95.299956,95.551552,96.71729,310.574,0.098,0.344,95.2999,5.6e-05,half,old47
Stockholm_640x360_5994,320,180,10,42,93.788772,94.16282,95.33321,181.203,0.113,0.349,93.7888,2.8e-05,half,old47
Stockholm_640x360_5994,320,180,10,51,90.856759,91.735291,92.913725,108.228,0.104,0.283,90.8567,5.9e-05,half,old47
Stockholm_640x360_5994,320,180,10,63,68.852872,73.328017,74.566671,36.329,0.084,0.285,68.8529,2.8e-05,half,old47
Tango_3840x2160_5994fps_10bit_420,1920,1080,10,20,98.574668,97.451938,99.412496,16544.831,6.122,5.214,98.5747,3.2e-05,half,old47
Tango_3840x2160_5994fps_10bit_420,1920,1080,10,33,93.521422,93.016101,95.669578,7091.198,7.663,9.5,93.5214,2.2e-05,half,old47
Tango_3840x2160_5994fps_10bit_420,1920,1080,10,42,85.971167,87.340932,90.098648,3847.824,5.269,15.588,85.9712,3.3e-05,half,old47
Tango_3840x2160_5994fps_10bit_420,1920,1080,10,51,74.457361,78.336374,81.219218,2079.456,1.454,9.417,74.4574,3.9e-05,half,old47
Tango_3840x2160_5994fps_10bit_420,1920,1080,10,63,33.161358,33.353155,36.843899,423.645,2.159,14.972,33.1614,4.2e-05,half,old47
TimeLapse_3840x2160_5994fps_10bit_420,1920,1080,10,20,95.986493,95.714683,96.057043,12759.998,9.618,25.044,95.9865,7e-06,half,old47
TimeLapse_3840x2160_5994fps_10bit_420,1920,1080,10,33,93.60538,92.527211,92.872911,4751.968,3.862,13.701,93.6054,2e-05,half,old47
TimeLapse_3840x2160_5994fps_10bit_420,1920,1080,10,42,90.765239,88.915026,89.264333,2314.904,2.235,10.45,90.7652,3.9e-05,half,old47
TimeLapse_3840x2160_5994fps_10bit_420,1920,1080,10,51,86.597272,83.408904,83.763732,1154.361,2.273,11.81,86.5973,2.8e-05,half,old47
TimeLapse_3840x2160_5994fps_10bit_420,1920,1080,10,63,64.834176,58.476438,58.853253,210.926,1.326,13.478,64.8342,2.4e-05,half,old47
ToddlerFountain_1920x1080_2997fps_10bit_420,960,540,10,20,99.962585,99.232093,99.774771,23255.104,0.925,2.191,99.9626,1.5e-05,half,old47
ToddlerFountain_1920x1080_2997fps_10bit_420,960,540,10,33,99.274543,95.130228,96.604383,10811.284,0.805,2.496,99.2745,4.3e-05,half,old47
ToddlerFountain_1920x1080_2997fps_10bit_420,960,540,10,42,89.953628,86.15574,87.789721,5045.866,0.869,2.509,89.9536,2.8e-05,half,old47
ToddlerFountain_1920x1080_2997fps_10bit_420,960,540,10,51,70.537748,70.980266,72.777894,2078.625,0.904,2.045,70.5377,4.8e-05,half,old47
ToddlerFountain_1920x1080_2997fps_10bit_420,960,540,10,63,20.537995,15.301755,17.673107,138.642,0.557,1.931,20.538,5e-06,half,old47
TouchdownPass_640x360_2997,320,180,10,20,95.500332,96.705381,97.143708,549.313,0.118,0.386,95.5002,0.000132,half,old47
TouchdownPass_640x360_2997,320,180,10,33,92.591535,93.806491,94.251926,244.472,0.118,0.443,92.5914,0.000135,half,old47
TouchdownPass_640x360_2997,320,180,10,42,88.339224,90.063068,90.513092,124.126,0.116,0.367,88.3391,0.000124,half,old47
TouchdownPass_640x360_2997,320,180,10,51,82.83609,85.213796,85.669635,68.95,0.118,0.356,82.836,9e-05,half,old47
TouchdownPass_640x360_2997,320,180,10,63,53.001663,55.435967,55.921899,19.24,0.101,0.324,53.0016,6.3e-05,half,old47
TreesAndGrass_1920_1080_30fps_8bit,960,540,10,20,99.957804,99.97154,100.0,19876.741,0.665,2.47,99.9578,4e-06,half,old47
TreesAndGrass_1920_1080_30fps_8bit,960,540,10,33,99.712383,99.590484,99.937299,9183.514,0.608,1.978,99.7124,1.7e-05,half,old47
TreesAndGrass_1920_1080_30fps_8bit,960,540,10,42,98.821006,96.968777,97.757228,4431.746,0.569,1.82,98.821,6e-06,half,old47
TreesAndGrass_1920_1080_30fps_8bit,960,540,10,51,94.369727,91.547038,92.40712,2159.066,0.546,1.617,94.3697,2.7e-05,half,old47
TreesAndGrass_1920_1080_30fps_8bit,960,540,10,63,60.466336,63.748655,64.759397,213.513,0.421,1.631,60.4663,3.6e-05,half,old47
TunnelFlag_1920x1080_5994_10bit_420,960,540,10,20,99.97343,100.0,100.0,19597.599,0.9642,4.9097,99.97343,,half,new26
TunnelFlag_1920x1080_5994_10bit_420,960,540,10,33,99.960712,100.0,100.0,8418.743,0.6501,11.0834,99.960712,,half,new26
TunnelFlag_1920x1080_5994_10bit_420,960,540,10,42,99.936889,99.340617,99.340617,4534.332,0.7287,1.5549,99.936889,,half,new26
TunnelFlag_1920x1080_5994_10bit_420,960,540,10,51,99.895734,94.302876,94.302876,2594.704,0.6091,1.6406,99.895734,,half,new26
TunnelFlag_1920x1080_5994_10bit_420,960,540,10,63,67.713732,65.902541,65.902541,636.98,0.7529,2.0609,67.713732,,half,new26
Vertical_Bayshore_270x480_2997,180,320,10,20,97.736253,97.352306,98.124308,861.562,0.1227,0.5675,97.736253,,twothird,new26
Vertical_Bayshore_270x480_2997,180,320,10,33,94.022137,94.055235,95.148778,360.5,0.2003,0.6239,94.022137,,twothird,new26
Vertical_Bayshore_270x480_2997,180,320,10,42,88.739713,90.20696,91.341839,154.031,0.1977,0.5831,88.739713,,twothird,new26
Vertical_Bayshore_270x480_2997,180,320,10,51,80.537687,84.806005,85.965559,69.32,0.1609,0.4533,80.537687,,twothird,new26
Vertical_Bayshore_270x480_2997,180,320,10,63,50.651118,59.879672,61.153308,19.339,0.1288,0.4175,50.651118,,twothird,new26
Vertical_Carnaby_1080x1920_5994,540,960,10,20,99.451057,98.302839,99.081291,8509.97,0.9284,3.51,99.451057,,half,new26
Vertical_Carnaby_1080x1920_5994,540,960,10,33,96.487751,94.896067,96.793067,3877.436,0.854,3.0683,96.487751,,half,new26
Vertical_Carnaby_1080x1920_5994,540,960,10,42,89.736102,89.769471,92.088236,2080.4,0.7028,3.067,89.736102,,half,new26
Vertical_Carnaby_1080x1920_5994,540,960,10,51,78.684578,82.126882,84.565599,1119.197,0.6997,2.9386,78.684578,,half,new26
Vertical_Carnaby_1080x1920_5994,540,960,10,63,38.299671,45.309838,48.224911,229.997,0.6271,2.8979,38.299671,,half,new26
Vertical_bees_1080x1920_2997,540,960,10,20,97.408899,97.923742,99.069314,2284.14,0.558,1.993,97.4089,1e-06,half,old47
Vertical_bees_1080x1920_2997,540,960,10,33,95.029539,96.061325,97.531569,1037.695,0.419,1.729,95.0295,3.9e-05,half,old47
Vertical_bees_1080x1920_2997,540,960,10,42,92.37621,94.172999,95.701695,606.025,0.426,1.774,92.3762,1e-05,half,old47
Vertical_bees_1080x1920_2997,540,960,10,51,88.507652,91.667436,93.210213,369.981,0.445,1.774,88.5076,5.2e-05,half,old47
Vertical_bees_1080x1920_2997,540,960,10,63,63.190859,72.344759,73.991993,88.2,0.386,1.815,63.1908,5.9e-05,half,old47
Vidyo3_1280x720p_60fps,640,360,10,20,95.709075,96.074425,96.443438,1452.716,0.244,0.811,95.709,7.5e-05,half,old47
Vidyo3_1280x720p_60fps,640,360,10,33,93.694615,93.441789,93.812949,698.322,0.238,0.817,93.6945,0.000115,half,old47
Vidyo3_1280x720p_60fps,640,360,10,42,91.192261,90.403591,90.777773,397.156,0.246,0.813,91.1922,6.1e-05,half,old47
Vidyo3_1280x720p_60fps,640,360,10,51,87.281116,85.757496,86.136416,242.817,0.249,0.79,87.281,0.000116,half,old47
Vidyo3_1280x720p_60fps,640,360,10,63,64.822882,65.241496,65.636629,72.705,0.236,0.851,64.8228,8.2e-05,half,old47
Vidyo4_1280x720p_60fps,640,360,10,20,96.986437,97.111868,97.692058,1427.28,0.245,1.058,96.9863,0.000137,half,old47
Vidyo4_1280x720p_60fps,640,360,10,33,95.718143,95.172996,95.756296,679.621,0.253,0.83,95.718,0.000143,half,old47
Vidyo4_1280x720p_60fps,640,360,10,42,94.015725,93.505598,94.09154,399.6,0.262,0.852,94.0156,0.000125,half,old47
Vidyo4_1280x720p_60fps,640,360,10,51,91.321767,90.769854,91.360338,249.833,0.254,0.803,91.3217,6.7e-05,half,old47
Vidyo4_1280x720p_60fps,640,360,10,63,72.024171,73.041207,73.65818,71.535,0.225,0.816,72.0241,7.1e-05,half,old47
WITCHER3_1920x1080_60_8bit_420,960,540,10,20,96.758245,94.593957,95.146226,11631.517,0.421,1.783,96.7582,4.5e-05,half,old47
WITCHER3_1920x1080_60_8bit_420,960,540,10,33,90.827091,88.184677,88.76636,3951.939,0.421,1.643,90.8271,9e-06,half,old47
WITCHER3_1920x1080_60_8bit_420,960,540,10,42,80.858039,79.856866,80.453761,1538.193,0.393,1.648,80.858,3.9e-05,half,old47
WITCHER3_1920x1080_60_8bit_420,960,540,10,51,68.002389,69.541189,70.156237,612.24,0.394,1.688,68.0024,1.1e-05,half,old47
WITCHER3_1920x1080_60_8bit_420,960,540,10,63,38.769454,33.748027,34.433039,91.178,0.362,1.789,38.7695,4.6e-05,half,old47
WalkingInStreet_1920x1080_30fps,540,960,10,20,99.966982,99.862143,100.0,14535.987,0.615,2.566,99.967,1.8e-05,half,old47
WalkingInStreet_1920x1080_30fps,540,960,10,33,99.251951,98.653034,99.711046,6127.535,0.756,2.219,99.252,4.9e-05,half,old47
WalkingInStreet_1920x1080_30fps,540,960,10,42,96.135643,94.933875,96.580415,2930.817,0.575,1.867,96.1356,4.3e-05,half,old47
WalkingInStreet_1920x1080_30fps,540,960,10,51,87.626723,88.155003,89.900079,1434.22,0.545,1.966,87.6267,2.3e-05,half,old47
WalkingInStreet_1920x1080_30fps,540,960,10,63,49.73849,54.689201,56.8359,232.468,0.472,1.84,49.7385,1e-05,half,old47
WestWindEasy_1280x720p30_420,640,360,10,20,99.971862,99.64893,99.986921,5765.282,0.353,1.248,99.9719,3.8e-05,half,old47
WestWindEasy_1280x720p30_420,640,360,10,33,99.678292,95.26931,97.666992,2655.375,0.358,1.103,99.6783,8e-06,half,old47
WestWindEasy_1280x720p30_420,640,360,10,42,94.782375,89.151641,91.772898,1187.367,0.34,0.985,94.7824,2.5e-05,half,old47
WestWindEasy_1280x720p30_420,640,360,10,51,84.185394,81.785762,84.52506,519.772,0.386,0.93,84.1854,6e-06,half,old47
WestWindEasy_1280x720p30_420,640,360,10,63,56.494074,57.800212,60.910826,70.916,0.273,0.862,56.4941,2.6e-05,half,old47
Wikipedia_1920x1080p30,960,540,10,20,98.487972,98.992141,99.278533,2592.729,0.41,1.726,98.488,2.8e-05,half,old47
Wikipedia_1920x1080p30,960,540,10,33,98.165653,97.558749,98.108567,1287.235,0.405,1.747,98.1657,4.7e-05,half,old47
Wikipedia_1920x1080p30,960,540,10,42,97.447991,95.38055,95.994964,720.524,0.444,1.746,97.448,9e-06,half,old47
Wikipedia_1920x1080p30,960,540,10,51,95.685442,92.131659,92.772691,421.355,0.428,1.735,95.6855,5.8e-05,half,old47
Wikipedia_1920x1080p30,960,540,10,63,77.610254,72.891291,73.583403,115.361,0.4,1.749,77.6103,4.6e-05,half,old47
WorldCup_1920x1080_30p,960,540,10,20,99.376128,98.788958,99.890963,5054.496,1.0404,2.9899,99.376128,,half,new26
WorldCup_1920x1080_30p,960,540,10,33,96.602931,95.975057,98.190215,2161.342,0.8591,2.7719,96.602931,,half,new26
WorldCup_1920x1080_30p,960,540,10,42,90.502764,91.914914,94.295915,1125.327,1.4053,3.0081,90.502764,,half,new26
WorldCup_1920x1080_30p,960,540,10,51,81.597849,85.690121,88.140643,612.595,0.7356,2.6852,81.597849,,half,new26
WorldCup_1920x1080_30p,960,540,10,63,47.506004,53.301072,56.10527,138.33,0.6395,2.703,47.506004,,half,new26
WorldCup_far_1920x1080_30p,960,540,10,20,99.437586,99.33798,99.957538,7372.861,0.9065,3.2433,99.437586,,half,new26
WorldCup_far_1920x1080_30p,960,540,10,33,98.152394,97.835552,99.295399,3346.507,0.8818,3.3429,98.152394,,half,new26
WorldCup_far_1920x1080_30p,960,540,10,42,95.363062,95.214458,97.356889,1736.507,0.925,4.0403,95.363062,,half,new26
WorldCup_far_1920x1080_30p,960,540,10,51,89.738436,91.123468,93.509187,906.816,0.8039,2.7358,89.738436,,half,new26
WorldCup_far_1920x1080_30p,960,540,10,63,59.644522,66.373436,69.093301,159.628,0.606,2.6288,59.644522,,half,new26
