source,probe_crf,probe_preset,probe_width,probe_height,bitrate_kbps,vmaf_mean,vmaf_min,vmaf_max,vmaf_harmonic_mean,cambi_mean,cambi_min,cambi_max,cambi_harmonic_mean,speed_chroma_uv_mean,speed_chroma_uv_min,speed_chroma_uv_max,speed_chroma_uv_harmonic_mean,speed_chroma_u_mean,speed_chroma_u_min,speed_chroma_u_max,speed_chroma_u_harmonic_mean,speed_chroma_v_mean,speed_chroma_v_min,speed_chroma_v_max,speed_chroma_v_harmonic_mean,adm2_mean,adm2_min,adm2_max,adm2_harmonic_mean,adm3_mean,adm3_min,adm3_max,adm3_harmonic_mean,adm_scale0_mean,adm_scale0_min,adm_scale0_max,adm_scale0_harmonic_mean,adm_scale1_mean,adm_scale1_min,adm_scale1_max,adm_scale1_harmonic_mean,adm_scale2_mean,adm_scale2_min,adm_scale2_max,adm_scale2_harmonic_mean,adm_scale3_mean,adm_scale3_min,adm_scale3_max,adm_scale3_harmonic_mean,aim_mean,aim_min,aim_max,aim_harmonic_mean,motion2_mean,motion2_min,motion2_max,motion2_harmonic_mean,motion3_mean,motion3_min,motion3_max,motion3_harmonic_mean,motion_sad_mean,motion_sad_min,motion_sad_max,motion_sad_harmonic_mean
Aerial3200_1920x1080_5994_10bit_420,20,10,960,540,3543.97,96.58104,94.937334,99.34832,96.573779,0.0,0.0,0.0,0.0,1.132587,0.737136,1.515965,1.119924,1.051656,0.560768,1.711126,1.030869,1.213519,0.625212,2.112648,1.179422,0.978973,0.972135,0.988432,0.978968,0.984227,0.979359,0.991349,0.984224,0.954097,0.928212,0.981994,0.954016,0.958336,0.940648,0.979953,0.958302,0.978444,0.972884,0.987574,0.97844,0.989687,0.985765,0.993435,0.989686,0.003515,0.001532,0.007228,0.003514,2.249495,0.0,3.470341,2.150862,2.273947,1.585077,3.470341,2.210047,2.391481,0.0,3.50339,2.278692
Aerial3200_1920x1080_5994_10bit_420,51,10,960,540,765.455,91.124219,88.422913,93.167745,91.11123,0.000135,0.0,0.000922,0.000135,3.151092,2.088533,3.996743,3.119516,3.00882,1.379781,4.065182,2.930698,3.293364,2.385911,4.606678,3.246279,0.963215,0.95198,0.973733,0.963204,0.971652,0.960368,0.978945,0.971646,0.931684,0.907204,0.963025,0.93157,0.927235,0.907482,0.948109,0.927187,0.960289,0.948941,0.969949,0.96028,0.980669,0.970968,0.984954,0.980666,0.008661,0.006422,0.020058,0.008658,2.249495,0.0,3.470341,2.150862,2.273947,1.585077,3.470341,2.210047,2.391481,0.0,3.50339,2.278692
BigBuckBunnyStudio1_1920x1080_60fps_10bit_420_020_0149,20,10,960,540,2465.401,98.306761,96.671284,100.0,98.302835,0.066441,0.038285,0.099749,0.066194,0.644502,0.27641,1.258822,0.624646,0.699737,0.321224,1.931476,0.663753,0.589266,0.231596,1.20733,0.568427,0.993885,0.987594,0.996787,0.993884,0.994163,0.989172,0.997326,0.994162,0.990268,0.982274,0.996487,0.990265,0.986148,0.974875,0.994871,0.98614,0.991696,0.982989,0.995533,0.991693,0.996777,0.992544,0.998009,0.996776,0.005187,0.001419,0.013307,0.005183,0.135843,0.0,8.913068,0.059089,0.13593,0.00064,8.913068,0.059185,1.761197,0.0,14.469489,0.370751
BigBuckBunnyStudio1_1920x1080_60fps_10bit_420_020_0149,51,10,960,540,452.57,91.309333,85.123509,94.618747,91.258355,0.076814,0.043488,0.139922,0.076452,3.359769,2.014207,6.553662,3.129628,3.480014,2.05417,6.564419,3.219204,3.239525,1.791916,6.979839,2.964983,0.976663,0.963508,0.985501,0.976648,0.978529,0.964196,0.98772,0.978516,0.973097,0.963963,0.981599,0.973092,0.957383,0.940136,0.973573,0.957357,0.967245,0.947452,0.979206,0.967217,0.984687,0.972883,0.990952,0.984675,0.017116,0.007101,0.0342,0.017079,0.135843,0.0,8.913068,0.059089,0.13593,0.00064,8.913068,0.059185,1.761197,0.0,14.469489,0.370751
BlueSky_360p25,20,10,320,180,651.251,97.99579,94.805297,100.0,97.969791,0.015995,0.0,0.148567,0.015448,0.0,0.0,0.0,0.0,0.0,0.0,0.0,0.0,0.0,0.0,0.0,0.0,0.984467,0.977615,0.99401,0.984458,0.987565,0.982493,0.994771,0.98756,0.956051,0.91764,0.98996,0.955873,0.974651,0.963035,0.990827,0.974625,0.985498,0.977958,0.994078,0.985492,0.992557,0.98934,0.996124,0.992556,0.005206,0.002534,0.008314,0.005205,3.76515,0.0,7.433984,1.308634,3.803758,0.0,7.433984,1.343335,4.69091,0.0,7.476015,2.379334
BlueSky_360p25,51,10,320,180,84.997,89.823279,84.906082,95.83771,89.757912,0.088347,0.019889,0.199857,0.086658,0.0,0.0,0.0,0.0,0.0,0.0,0.0,0.0,0.0,0.0,0.0,0.0,0.956643,0.947596,0.973934,0.956627,0.966455,0.960157,0.978657,0.966446,0.887658,0.852245,0.948067,0.887433,0.92917,0.913837,0.958802,0.929114,0.959175,0.949134,0.972867,0.959161,0.977422,0.968499,0.984985,0.977416,0.010652,0.007264,0.015122,0.01065,3.76515,0.0,7.433984,1.308634,3.803758,0.0,7.433984,1.343335,4.69091,0.0,7.476015,2.379334
BlueSky_360p25_v2,20,10,320,180,714.495,99.02572,97.029897,100.0,99.018471,0.012335,0.0,0.136416,0.011965,0.0,0.0,0.0,0.0,0.0,0.0,0.0,0.0,0.0,0.0,0.0,0.0,0.98331,0.977796,0.994019,0.983301,0.98688,0.982962,0.994705,0.986875,0.947937,0.916521,0.989361,0.947734,0.972856,0.962701,0.990453,0.97283,0.985107,0.979817,0.993456,0.985102,0.992447,0.989109,0.996401,0.992446,0.004792,0.002286,0.008242,0.004791,5.910047,0.0,8.026378,5.520691,5.948781,4.718466,8.026378,5.80549,5.933703,0.0,8.053125,5.542387
BlueSky_360p25_v2,51,10,320,180,95.312,90.624661,87.835559,95.304351,90.596843,0.171851,0.028745,0.680944,0.157349,0.0,0.0,0.0,0.0,0.0,0.0,0.0,0.0,0.0,0.0,0.0,0.0,0.954267,0.945317,0.972322,0.954251,0.964862,0.958919,0.977477,0.964854,0.878494,0.840802,0.942735,0.878266,0.92417,0.904643,0.953257,0.92411,0.957883,0.946934,0.973181,0.95787,0.976465,0.968575,0.984333,0.976461,0.010415,0.007554,0.014138,0.010414,5.910047,0.0,8.026378,5.520691,5.948781,4.718466,8.026378,5.80549,5.933703,0.0,8.053125,5.542387
Boat_1920x1080_5994_10bit_420,20,10,960,540,12544.877,98.6838,97.537871,100.0,98.678676,0.000494,0.0,0.002225,0.000494,0.481281,0.306058,0.713203,0.477203,0.493847,0.306609,0.710453,0.488626,0.468716,0.213272,0.864258,0.45975,0.982969,0.977997,0.990561,0.982962,0.986729,0.982883,0.992997,0.986725,0.946195,0.923149,0.976678,0.94605,0.965737,0.955643,0.98323,0.965706,0.983425,0.979383,0.990674,0.98342,0.993239,0.990836,0.995425,0.993239,0.004497,0.00119,0.006498,0.004495,3.42796,0.0,4.258946,3.324345,3.451803,3.085533,4.258946,3.435909,3.459292,0.0,4.269576,3.352727
Boat_1920x1080_5994_10bit_420,51,10,960,540,1967.244,90.757087,87.845442,94.729704,90.738112,0.001107,0.000153,0.004279,0.001105,2.064954,1.267763,2.873175,1.999672,2.169013,1.085964,3.209036,2.093523,1.960895,0.805103,2.929877,1.875906,0.954185,0.946115,0.967838,0.954173,0.963723,0.956199,0.975264,0.963714,0.888768,0.866659,0.928739,0.888689,0.909271,0.893099,0.935705,0.909217,0.951868,0.943254,0.966406,0.951854,0.977977,0.969955,0.984603,0.977974,0.014021,0.006298,0.020533,0.014011,3.42796,0.0,4.258946,3.324345,3.451803,3.085533,4.258946,3.435909,3.459292,0.0,4.269576,3.352727
BoxingPractice_3840x2160_5994fps_10bit_420,20,10,1920,1080,12955.126,98.82415,97.59936,100.0,98.819929,0.7722,0.508501,1.226155,0.756247,1.29932,0.717097,1.679302,1.280355,1.359078,0.710209,1.815641,1.336754,1.239563,0.666523,1.779582,1.215716,0.985667,0.981473,0.992971,0.985663,0.986988,0.983111,0.993806,0.986985,0.973598,0.962974,0.988872,0.973587,0.969145,0.957489,0.987023,0.969126,0.983136,0.978463,0.992091,0.983131,0.992448,0.990022,0.995955,0.992447,0.009931,0.003857,0.015293,0.009927,5.627645,0.0,7.2007,5.367428,5.671202,4.991095,7.2007,5.644007,5.669817,0.0,7.245642,5.405823
BoxingPractice_3840x2160_5994fps_10bit_420,51,10,1920,1080,1589.201,87.558762,82.579339,94.148184,87.499019,1.158885,0.769581,1.523712,1.136949,5.198296,3.496834,6.695016,5.101967,5.187921,3.214231,7.552118,5.035761,5.208672,3.369971,7.019237,5.106317,0.958185,0.944167,0.977542,0.958163,0.960391,0.947699,0.980041,0.960369,0.946959,0.934182,0.970294,0.946939,0.919929,0.892773,0.959493,0.919859,0.949711,0.928871,0.973198,0.949674,0.972694,0.962482,0.985342,0.972683,0.03446,0.013833,0.052294,0.034402,5.627645,0.0,7.2007,5.367428,5.671202,4.991095,7.2007,5.644007,5.669817,0.0,7.245642,5.405823
ControlledBurn_1280x720p30_420,20,10,640,360,2069.856,97.059625,90.760554,100.0,97.042038,0.128103,0.000795,1.300747,0.109356,1.645851,0.740854,3.442508,1.550544,1.813252,0.577773,3.922597,1.663012,1.47845,0.563955,3.639809,1.369931,0.984408,0.955838,0.992857,0.984381,0.985952,0.959602,0.993855,0.985924,0.98029,0.965296,0.989453,0.980272,0.973843,0.928607,0.988581,0.97376,0.980449,0.937198,0.991331,0.980398,0.990177,0.971903,0.996098,0.990165,0.010446,0.002749,0.051058,0.010383,3.141972,0.0,8.787177,1.85491,3.149207,0.82957,8.787177,1.885623,3.255725,0.0,8.999659,1.892241
ControlledBurn_1280x720p30_420,51,10,640,360,277.617,77.985942,43.453173,91.638662,75.119651,0.216618,0.010378,1.869721,0.184126,7.712946,3.117898,17.241917,6.689262,7.863316,1.686599,24.065668,6.063208,7.562576,2.741951,17.086739,6.774167,0.932249,0.807828,0.97843,0.930896,0.937254,0.828026,0.979954,0.936132,0.947494,0.901694,0.972212,0.947358,0.901719,0.756168,0.97144,0.899012,0.911239,0.71833,0.976276,0.90838,0.946337,0.807335,0.984727,0.945241,0.051069,0.011989,0.144093,0.04983,3.141972,0.0,8.787177,1.85491,3.149207,0.82957,8.787177,1.885623,3.255725,0.0,8.999659,1.892241
CosmosTreeTrunk_sdr_2048x858_25_8bit,20,10,1024,428,4916.643,97.188814,94.092369,100.0,97.162804,0.755782,0.0,2.134617,0.546558,1.581988,0.842295,2.536738,1.527662,1.228748,0.568623,2.239887,1.174473,1.935228,0.878316,3.531042,1.828044,0.981535,0.968582,0.990517,0.981519,0.983745,0.972379,0.992263,0.983735,0.965742,0.945862,0.986514,0.965686,0.960198,0.93275,0.98512,0.960105,0.978555,0.960954,0.990764,0.97853,0.992007,0.984771,0.995853,0.992005,0.011098,0.003353,0.024131,0.011088,4.839051,0.0,8.126829,4.322313,4.907183,1.916885,8.857269,4.525585,5.08201,0.0,8.857269,4.537109
CosmosTreeTrunk_sdr_2048x858_25_8bit,51,10,1024,428,487.377,81.113418,72.557341,89.56725,80.976268,0.89281,0.0,2.237769,0.605791,5.434406,2.921772,8.670542,5.200674,4.412155,1.695072,8.100129,4.118038,6.456657,2.641889,11.533099,5.980771,0.9309,0.893403,0.961034,0.930804,0.93915,0.904028,0.967667,0.939076,0.889475,0.85846,0.94286,0.889339,0.859221,0.807229,0.918286,0.858865,0.919126,0.867089,0.961432,0.918958,0.964645,0.926905,0.98294,0.964599,0.041598,0.016855,0.07118,0.041502,4.839051,0.0,8.126829,4.322313,4.907183,1.916885,8.857269,4.525585,5.08201,0.0,8.857269,4.537109
Crosswalk_3840x2160_5994fps_10bit_420,20,10,1920,1080,8613.554,95.840066,93.177414,99.897843,95.81332,0.079112,0.020446,0.175351,0.077354,2.28159,1.079281,3.048596,2.237144,2.310451,0.938699,3.214131,2.250275,2.252729,1.219863,3.152791,2.208246,0.975998,0.96657,0.989154,0.975985,0.977941,0.969263,0.989395,0.97793,0.97663,0.969396,0.985546,0.976623,0.950983,0.928115,0.978258,0.95091,0.967067,0.953134,0.98694,0.96704,0.985544,0.97544,0.994389,0.985535,0.017526,0.007198,0.030412,0.017504,5.433389,0.0,7.088224,5.164336,5.488377,4.240623,7.148459,5.431894,5.487787,0.0,7.148459,5.21274
Crosswalk_3840x2160_5994fps_10bit_420,51,10,1920,1080,1219.185,75.344052,67.780433,86.798487,75.150053,0.134613,0.046974,0.209963,0.133304,9.673356,5.947922,12.312347,9.524199,9.761562,5.743995,12.728914,9.574758,9.585149,6.151849,12.86598,9.4231,0.9251,0.893083,0.955771,0.925017,0.928531,0.90512,0.960647,0.928464,0.959066,0.944974,0.970966,0.959045,0.878611,0.8322,0.924921,0.878287,0.89384,0.843123,0.936213,0.893613,0.941804,0.917454,0.969647,0.941748,0.063462,0.027978,0.094514,0.06326,5.433389,0.0,7.088224,5.164336,5.488377,4.240623,7.148459,5.431894,5.487787,0.0,7.148459,5.21274
CrowdRun_1920x1080p50,20,10,960,540,33142.212,98.86147,97.369651,100.0,98.854108,9.8e-05,0.0,0.005927,9.8e-05,1.266698,0.724029,1.975424,1.245477,1.351437,0.780592,2.0255,1.319719,1.181959,0.561347,2.078044,1.147382,0.982614,0.97712,0.992561,0.982605,0.986478,0.982099,0.994153,0.986473,0.957139,0.939576,0.984461,0.957056,0.96911,0.958347,0.987875,0.969075,0.982961,0.977244,0.992293,0.982953,0.991385,0.98921,0.99568,0.991383,0.004505,0.001953,0.007949,0.004504,5.058057,0.0,6.09652,4.855307,5.10095,4.636024,6.09652,5.08781,5.153587,0.0,6.24784,4.939314
CrowdRun_1920x1080p50,51,10,960,540,3026.329,80.727298,76.652804,89.052492,80.62547,0.000962,6e-06,0.024893,0.000957,5.393642,3.47017,6.900376,5.325209,5.609885,2.607693,7.982218,5.467957,5.177399,2.795657,8.586543,4.95892,0.918086,0.899706,0.949222,0.918006,0.93474,0.916302,0.960735,0.934689,0.852664,0.827844,0.903346,0.852519,0.857707,0.831109,0.915189,0.857464,0.911743,0.889206,0.946556,0.911629,0.952944,0.935373,0.971115,0.952912,0.026399,0.012401,0.044972,0.026371,5.058057,0.0,6.09652,4.855307,5.10095,4.636024,6.09652,5.08781,5.153587,0.0,6.24784,4.939314
DOTA2_1920x1080_60_8bit_420,20,10,960,540,11956.876,96.659443,95.279167,100.0,96.651733,0.040043,0.012507,0.06782,0.039853,0.889933,0.538431,1.363234,0.874528,0.903195,0.404963,1.586586,0.8792,0.876671,0.44946,1.623569,0.849558,0.987444,0.982829,0.992991,0.987441,0.988785,0.984747,0.994479,0.988782,0.980907,0.972877,0.990143,0.980898,0.977932,0.969998,0.98926,0.97792,0.985768,0.979814,0.992663,0.985764,0.99279,0.988868,0.995004,0.99279,0.008086,0.002049,0.013653,0.008077,0.23888,0.0,6.339274,0.137159,0.239779,0.115307,6.339274,0.138201,2.805432,0.0,13.973245,0.792423
DOTA2_1920x1080_60_8bit_420,51,10,960,540,1475.313,82.800741,75.943244,91.976201,82.666508,0.106875,0.058442,0.195877,0.105711,4.345629,2.056603,7.194509,4.16769,4.345659,2.391521,9.235765,4.087183,4.345598,1.721685,7.264776,4.135722,0.946016,0.917396,0.972617,0.945956,0.951309,0.922348,0.976808,0.95126,0.931734,0.907555,0.963718,0.93166,0.911017,0.869843,0.95705,0.910863,0.938081,0.896227,0.970171,0.937976,0.964596,0.942977,0.981016,0.964568,0.036339,0.013339,0.066097,0.036257,0.23888,0.0,6.339274,0.137159,0.239779,0.115307,6.339274,0.138201,2.805432,0.0,13.973245,0.792423
Debugging_1920x1080_30fps_8bit_420,20,10,960,540,1195.309,97.990523,95.621761,99.141297,97.984338,0.713649,0.545367,0.933953,0.709822,0.534012,0.287867,1.186164,0.508402,0.525526,0.285758,1.46931,0.493144,0.542497,0.212992,1.329892,0.510708,0.994843,0.991357,0.996272,0.994842,0.994262,0.987874,0.997112,0.994259,0.993532,0.988466,0.995528,0.99353,0.992575,0.985711,0.994894,0.992572,0.994726,0.99035,0.996111,0.994725,0.996349,0.992993,0.997365,0.996348,0.007094,0.000773,0.025693,0.007064,0.127499,0.0,4.488119,0.047714,0.127547,0.0,4.488119,0.047766,0.538253,0.0,5.985972,0.160103
Debugging_1920x1080_30fps_8bit_420,51,10,960,540,304.482,90.374128,79.793186,93.315417,90.257839,1.847002,1.564541,2.300028,1.833418,2.71525,1.700509,10.532195,2.490099,3.071422,1.641896,13.862006,2.676813,2.359078,1.580815,7.202384,2.212915,0.976841,0.961078,0.981936,0.976825,0.977579,0.957632,0.985538,0.977542,0.972896,0.948132,0.979732,0.972862,0.970112,0.948105,0.976812,0.970082,0.975545,0.960077,0.980867,0.975531,0.981939,0.968413,0.987114,0.981929,0.020697,0.004776,0.068191,0.020427,0.127499,0.0,4.488119,0.047714,0.127547,0.0,4.488119,0.047766,0.538253,0.0,5.985972,0.160103
DinnerSceneCropped_1920x1080_2997fps_10bit_420,20,10,960,540,938.648,92.805821,90.013158,95.654405,92.786012,1.168165,0.405698,1.972831,1.108295,2.743282,0.921464,4.515641,2.59846,3.232097,0.947664,5.934298,2.930104,2.254467,0.895265,3.796838,2.154446,0.978909,0.970663,0.986268,0.978902,0.980918,0.973656,0.987158,0.980913,0.970436,0.963705,0.977226,0.970431,0.962824,0.946762,0.978915,0.962803,0.973245,0.959931,0.984393,0.973231,0.987793,0.980794,0.993382,0.987788,0.014395,0.010149,0.020889,0.01439,1.601528,0.0,2.204034,1.560899,1.61754,1.199226,2.204034,1.595435,1.653041,0.0,2.394771,1.608359
DinnerSceneCropped_1920x1080_2997fps_10bit_420,51,10,960,540,76.351,83.939402,77.537303,88.475066,83.891024,1.869368,1.415477,2.25025,1.859051,6.303392,4.25744,10.214842,6.149042,6.083805,3.565835,10.098392,5.914908,6.522979,3.281368,10.77612,6.222059,0.95737,0.938267,0.97192,0.957349,0.963134,0.947456,0.973969,0.963119,0.962491,0.955191,0.968749,0.962487,0.939228,0.917249,0.957709,0.93919,0.943605,0.915586,0.96474,0.943561,0.967255,0.946779,0.982968,0.967232,0.023416,0.016442,0.03517,0.023396,1.601528,0.0,2.204034,1.560899,1.61754,1.199226,2.204034,1.595435,1.653041,0.0,2.394771,1.608359
DrivingPOV_1280x720p_5994_10bit_420,20,10,640,360,3427.93,97.696057,96.361863,100.0,97.691043,0.001402,0.0,0.016482,0.001397,1.354392,0.756887,2.121655,1.321729,1.039567,0.496375,1.811941,1.001532,1.669216,0.832716,2.988677,1.592586,0.984169,0.979471,0.992171,0.984164,0.987836,0.984142,0.993965,0.987833,0.944863,0.926281,0.977597,0.944781,0.968012,0.957774,0.985613,0.967993,0.984612,0.977699,0.99274,0.984608,0.993018,0.990049,0.99599,0.993017,0.003608,0.001546,0.005691,0.003607,2.727089,0.0,4.993411,2.599663,2.746311,1.724649,4.993411,2.672286,3.028088,0.0,5.550183,2.840222
DrivingPOV_1280x720p_5994_10bit_420,51,10,640,360,573.776,89.491363,85.05161,93.167952,89.461116,0.099433,0.005248,0.222856,0.096584,5.490008,2.551143,8.580153,5.147253,4.170631,1.873743,7.026921,3.879515,6.809385,2.816122,12.962158,6.074002,0.965247,0.951577,0.976457,0.965236,0.972779,0.962413,0.981267,0.972772,0.907351,0.88815,0.943273,0.907284,0.929112,0.900833,0.955107,0.929055,0.964045,0.94721,0.977094,0.964032,0.982151,0.972524,0.988022,0.982147,0.009646,0.006696,0.022812,0.009643,2.727089,0.0,4.993411,2.599663,2.746311,1.724649,4.993411,2.672286,3.028088,0.0,5.550183,2.840222
EuroTruckSimulator2_1920x1080p60,20,10,960,540,22277.86,98.69944,97.039863,100.0,98.691253,0.096712,0.026495,0.840146,0.093136,1.552564,0.833767,2.998024,1.530862,1.363587,0.682444,2.770342,1.32982,1.741541,0.98509,3.225705,1.706003,0.981938,0.976534,0.990534,0.981929,0.985204,0.980881,0.992769,0.985198,0.957859,0.940465,0.981955,0.957791,0.962685,0.948599,0.983848,0.96264,0.981941,0.976409,0.990053,0.981933,0.992492,0.989915,0.995309,0.992491,0.007175,0.002017,0.010083,0.007172,5.892394,0.0,18.0,5.553269,5.9389,5.081766,18.0,5.849547,5.905109,0.0,18.0,5.565191
EuroTruckSimulator2_1920x1080p60,51,10,960,540,2235.046,86.466871,76.954267,91.767172,86.433424,0.292284,0.061007,1.876207,0.272799,6.028093,4.059404,15.637615,5.902171,5.259918,3.550629,14.859982,5.136928,6.796269,4.56818,16.415249,6.579134,0.948435,0.917494,0.961705,0.94842,0.956227,0.924302,0.968129,0.956214,0.888393,0.869554,0.919886,0.888332,0.898493,0.829996,0.930586,0.898417,0.949759,0.904647,0.962032,0.949737,0.974569,0.953446,0.981629,0.974563,0.025591,0.01544,0.059812,0.025568,5.892394,0.0,18.0,5.553269,5.9389,5.081766,18.0,5.849547,5.905109,0.0,18.0,5.565191
EuroTruckSimulator2_1920x1080p60_v2,20,10,960,540,27329.161,98.902926,97.674351,100.0,98.896538,0.048225,0.007082,0.145918,0.047203,1.328504,0.875507,1.845238,1.311777,1.197731,0.685903,1.882138,1.168492,1.459278,0.806132,2.212394,1.426572,0.982791,0.977406,0.989867,0.982783,0.985642,0.981466,0.992067,0.985637,0.958637,0.943468,0.981512,0.95858,0.963302,0.951293,0.9829,0.963258,0.982307,0.976749,0.990016,0.982299,0.992571,0.989634,0.995502,0.99257,0.007703,0.002419,0.012223,0.0077,5.628295,0.0,6.584025,5.370542,5.666636,4.966078,6.584025,5.641623,5.6407,0.0,6.628597,5.380884
EuroTruckSimulator2_1920x1080p60_v2,51,10,960,540,1887.249,86.946069,84.239577,91.196913,86.92279,0.280251,0.086077,0.56649,0.273355,5.591099,3.774372,7.868085,5.480992,4.820358,2.650768,7.345243,4.608045,6.36184,3.938051,8.908596,6.177339,0.95001,0.942106,0.962581,0.949999,0.957172,0.946182,0.969095,0.957163,0.898787,0.88335,0.929724,0.898743,0.901256,0.883688,0.93086,0.9012,0.948336,0.93767,0.963411,0.948321,0.973166,0.964977,0.98028,0.973162,0.026116,0.015291,0.04789,0.0261,5.628295,0.0,6.584025,5.370542,5.666636,4.966078,6.584025,5.641623,5.6407,0.0,6.628597,5.380884
FoodMarket2_3840x2160_5994fps_10bit_420,20,10,1920,1080,19270.614,100.0,100.0,100.0,100.0,0.000104,0.0,0.001973,0.000104,1.101533,0.694243,1.827583,1.082489,1.213566,0.720765,2.104795,1.187167,0.9895,0.574621,1.572254,0.971994,0.979506,0.970193,0.990321,0.979496,0.983154,0.975763,0.992413,0.983147,0.966275,0.951381,0.987771,0.966254,0.953024,0.932395,0.981486,0.952961,0.975336,0.961363,0.98962,0.975315,0.989776,0.984253,0.994877,0.989773,0.008333,0.002119,0.015038,0.008326,13.270184,0.0,15.785106,11.865776,13.381074,10.455766,15.785106,13.177908,13.334935,0.0,15.810921,11.920778
FoodMarket2_3840x2160_5994fps_10bit_420,51,10,1920,1080,2773.06,90.790428,82.166578,97.084691,90.663689,0.002046,0.000175,0.013039,0.002041,4.946914,3.504229,6.601637,4.840309,5.504791,3.777768,7.509045,5.368297,4.389038,3.044359,6.323016,4.280907,0.942241,0.912297,0.967735,0.942146,0.949391,0.921202,0.973778,0.94931,0.935257,0.917117,0.959059,0.935231,0.886482,0.832495,0.930111,0.886236,0.927158,0.881214,0.962887,0.926926,0.963619,0.938026,0.982501,0.963561,0.033926,0.01212,0.062654,0.033817,13.270184,0.0,15.785106,11.865776,13.381074,10.455766,15.785106,13.177908,13.334935,0.0,15.810921,11.920778
FoodMarket_1920x1080_5994_10bit_420,20,10,960,540,7218.555,97.993678,94.532253,100.0,97.977278,0.042368,0.0,0.144041,0.041198,1.589887,0.888631,2.622939,1.553651,1.689813,0.809106,3.013477,1.621623,1.489962,0.832886,2.818081,1.441177,0.979789,0.971425,0.989075,0.97978,0.982932,0.975811,0.991091,0.982926,0.958725,0.936681,0.98051,0.958683,0.95646,0.934561,0.9797,0.956413,0.978253,0.968743,0.988743,0.978242,0.990857,0.986861,0.994734,0.990855,0.009734,0.004022,0.016091,0.009729,5.630492,0.0,8.078497,5.299175,5.676812,3.896321,8.078497,5.572282,5.818546,0.0,8.091737,5.47164
FoodMarket_1920x1080_5994_10bit_420,51,10,960,540,832.983,86.445577,82.226503,92.333169,86.388414,0.170297,0.029694,0.334956,0.165557,5.657836,3.670495,8.416844,5.538085,5.752303,2.844909,8.985082,5.553493,5.563369,2.772387,10.404291,5.32625,0.949854,0.934255,0.968548,0.949824,0.955279,0.942395,0.972431,0.955256,0.927403,0.900132,0.951163,0.927359,0.904516,0.872483,0.939182,0.904415,0.942313,0.917744,0.968812,0.942259,0.970313,0.959185,0.983972,0.970298,0.032061,0.017344,0.050851,0.03202,5.630492,0.0,8.078497,5.299175,5.676812,3.896321,8.078497,5.572282,5.818546,0.0,8.091737,5.47164
FourPeople_480x270_60,20,10,320,180,608.009,98.390782,97.67007,98.848241,98.390232,0.581855,0.396269,0.7541,0.574941,0.0,0.0,0.0,0.0,0.0,0.0,0.0,0.0,0.0,0.0,0.0,0.0,0.99324,0.99108,0.99468,0.99324,0.994671,0.992894,0.995871,0.994671,0.985662,0.979847,0.989942,0.98566,0.987739,0.982867,0.991043,0.987737,0.991796,0.989489,0.993547,0.991795,0.996142,0.994493,0.996981,0.996142,0.001991,0.001308,0.003943,0.00199,0.549517,0.0,0.779217,0.537178,0.553126,0.317203,0.779217,0.543005,0.560911,0.0,0.873472,0.547774
FourPeople_480x270_60,51,10,320,180,113.468,93.235803,90.310077,95.258763,93.221921,0.866608,0.713489,1.055324,0.861322,0.0,0.0,0.0,0.0,0.0,0.0,0.0,0.0,0.0,0.0,0.0,0.0,0.978278,0.968709,0.983666,0.978272,0.982215,0.974206,0.98738,0.982211,0.961224,0.949569,0.967499,0.961215,0.959858,0.939951,0.96949,0.959834,0.972173,0.955365,0.978775,0.972159,0.987495,0.982015,0.991954,0.987492,0.008598,0.003953,0.018285,0.008589,0.549517,0.0,0.779217,0.537178,0.553126,0.317203,0.779217,0.543005,0.560911,0.0,0.873472,0.547774
GlassHalf_1920x1080p_24p_8bit_420,20,10,960,540,6657.202,96.182562,92.417222,100.0,96.149085,3.776487,0.529417,8.495697,2.45426,0.617276,0.1952,1.201835,0.600323,0.587218,0.210481,1.614406,0.556041,0.647333,0.179919,1.236258,0.62632,0.990336,0.985135,0.996146,0.990333,0.990197,0.985815,0.996111,0.990194,0.978547,0.965874,0.994107,0.978526,0.981163,0.970052,0.99394,0.981149,0.989536,0.984086,0.996049,0.989533,0.995053,0.992345,0.997452,0.995052,0.010127,0.003702,0.017493,0.01012,2.372721,0.0,7.63114,1.750859,2.403281,0.341539,7.63114,1.798163,3.269901,0.0,9.967037,2.285322
GlassHalf_1920x1080p_24p_8bit_420,51,10,960,540,745.464,84.426487,77.302088,91.889389,84.332396,4.925043,1.846016,9.367656,3.995662,3.006214,0.997984,5.821818,2.782976,2.777228,0.651081,7.217939,2.364906,3.235199,1.14802,5.785546,3.026833,0.956466,0.928276,0.985756,0.956393,0.959305,0.931473,0.987217,0.959236,0.921397,0.876689,0.977257,0.921166,0.918999,0.86777,0.975355,0.918743,0.949838,0.917378,0.985475,0.949742,0.975386,0.957399,0.990275,0.975362,0.034071,0.009374,0.063382,0.03394,2.372721,0.0,7.63114,1.750859,2.403281,0.341539,7.63114,1.798163,3.269901,0.0,9.967037,2.285322
Johnny_1280x720_60,20,10,640,360,772.992,92.578371,91.861161,94.487431,92.577252,8.523226,6.258993,8.896094,8.508506,0.618885,0.376205,0.863407,0.611823,0.684273,0.287252,1.008789,0.66985,0.553497,0.228754,1.012616,0.53759,0.992408,0.990373,0.99488,0.992408,0.993268,0.991802,0.995105,0.993268,0.983519,0.978413,0.989751,0.983516,0.983941,0.978491,0.989351,0.983938,0.991416,0.988356,0.994162,0.991416,0.995673,0.994292,0.997091,0.995673,0.004724,0.003795,0.006195,0.004724,0.526018,0.0,0.721428,0.519211,0.52996,0.384668,0.721428,0.52525,0.537356,0.0,0.764177,0.530252
Johnny_1280x720_60,51,10,640,360,150.085,89.474103,88.113986,90.907931,89.470574,8.325064,7.927472,8.557965,8.322087,1.342288,0.721874,2.318858,1.272229,1.452549,0.62887,2.261873,1.381336,1.232026,0.447341,2.473907,1.098103,0.98216,0.979006,0.986275,0.982159,0.984302,0.981458,0.987585,0.984301,0.965865,0.957166,0.973655,0.96586,0.962953,0.952618,0.971026,0.962947,0.979843,0.9759,0.984253,0.979841,0.989114,0.985763,0.99197,0.989114,0.010701,0.007541,0.014609,0.0107,0.526018,0.0,0.721428,0.519211,0.52996,0.384668,0.721428,0.52525,0.537356,0.0,0.764177,0.530252
KristenAndSara_1280x720_60,20,10,640,360,955.842,94.849447,94.176788,95.990057,94.848555,5.091266,4.625169,5.729421,5.080502,1.044388,0.571248,1.602345,1.022904,1.010888,0.426966,1.783576,0.969149,1.077888,0.485799,1.948001,1.037778,0.994054,0.992365,0.995638,0.994054,0.994581,0.992994,0.996073,0.994581,0.987394,0.98335,0.991908,0.987393,0.988109,0.985103,0.992007,0.988108,0.99397,0.991907,0.995867,0.99397,0.996271,0.994588,0.997186,0.996271,0.004191,0.002897,0.005537,0.00419,0.60009,0.0,0.946101,0.589132,0.604571,0.443451,0.946101,0.596315,0.607212,0.0,0.948876,0.596208
KristenAndSara_1280x720_60,51,10,640,360,189.474,91.056484,88.531083,92.400302,91.050205,4.861178,4.028475,5.393946,4.852439,2.593249,1.483339,4.086879,2.515408,2.836866,1.594578,4.428998,2.713023,2.349632,0.980594,4.577266,2.218508,0.984293,0.979302,0.988775,0.984291,0.985919,0.979359,0.989826,0.985917,0.970743,0.965948,0.975811,0.970741,0.969558,0.962505,0.976942,0.969554,0.984137,0.977583,0.988784,0.984134,0.989376,0.984827,0.993193,0.989375,0.010288,0.007393,0.020508,0.010284,0.60009,0.0,0.946101,0.589132,0.604571,0.443451,0.946101,0.596315,0.607212,0.0,0.948876,0.596208
Life_1080p30,20,10,960,540,6119.541,98.215747,96.919463,100.0,98.210818,0.558128,0.154538,1.245494,0.527616,0.684235,0.34334,1.480346,0.67257,0.666572,0.355557,1.187174,0.65392,0.701898,0.319631,1.773517,0.679324,0.987221,0.983216,0.992726,0.987218,0.989138,0.985909,0.994108,0.989136,0.964265,0.952045,0.983887,0.964228,0.972697,0.962885,0.986489,0.972678,0.986376,0.98147,0.992774,0.986373,0.994101,0.992041,0.996162,0.9941,0.006387,0.002542,0.012178,0.006385,2.699736,0.0,16.602362,2.521899,2.71631,2.154646,16.602362,2.588296,2.717557,0.0,16.602362,2.53813
Life_1080p30,51,10,960,540,647.708,89.012613,83.319075,92.809388,88.984723,0.667942,0.280394,1.050224,0.641648,2.959341,1.524414,6.139318,2.864387,3.070627,1.683766,8.109885,2.936809,2.848056,1.261672,6.856014,2.683635,0.958535,0.937677,0.969645,0.958522,0.96411,0.943313,0.974561,0.964099,0.91141,0.891658,0.944682,0.911355,0.914587,0.875261,0.941992,0.91453,0.95278,0.925249,0.965765,0.952761,0.977839,0.963246,0.984399,0.977834,0.022881,0.013283,0.043535,0.022858,2.699736,0.0,16.602362,2.521899,2.71631,2.154646,16.602362,2.588296,2.717557,0.0,16.602362,2.53813
Life_1080p30_v2,20,10,960,540,6777.547,98.363282,97.114072,100.0,98.356783,0.544333,0.125351,0.921921,0.520381,0.704929,0.347651,1.391842,0.685624,0.681243,0.273862,1.598,0.657335,0.728615,0.399016,1.571047,0.70174,0.987311,0.983466,0.993263,0.987308,0.989159,0.985362,0.994242,0.989157,0.964986,0.951141,0.984716,0.964948,0.972984,0.962812,0.987927,0.972963,0.986442,0.981442,0.993124,0.986439,0.994095,0.992299,0.996159,0.994095,0.006529,0.002437,0.014576,0.006526,3.627104,0.0,18.0,2.716762,3.646163,2.36508,18.0,2.794045,3.661347,0.0,18.0,2.734996
Life_1080p30_v2,51,10,960,540,731.369,89.109057,84.188888,97.554335,89.071854,0.697029,0.260558,1.329145,0.668603,3.191059,1.31516,8.240099,2.982339,3.226109,1.361521,6.896087,2.997394,3.156009,1.268798,9.584112,2.886773,0.957377,0.926525,0.970844,0.95735,0.963054,0.935186,0.974888,0.96303,0.910944,0.875462,0.945268,0.910872,0.913623,0.860937,0.945279,0.913527,0.95119,0.910641,0.966403,0.951148,0.976809,0.95497,0.9848,0.976795,0.0237,0.011774,0.047995,0.023659,3.627104,0.0,18.0,2.716762,3.646163,2.36508,18.0,2.794045,3.661347,0.0,18.0,2.734996
MINECRAFT_1080p_60_8bit,20,10,960,540,26874.391,99.194935,94.00595,100.0,99.168908,0.162669,0.0,1.401382,0.10234,1.431142,0.619971,2.349202,1.378712,1.294807,0.557703,2.517879,1.237753,1.567476,0.568215,2.762145,1.483245,0.980868,0.971478,0.99353,0.980852,0.982892,0.975404,0.994439,0.982881,0.968397,0.94774,0.989587,0.96834,0.962591,0.940437,0.988613,0.962516,0.978309,0.965915,0.993152,0.978289,0.990857,0.986642,0.996006,0.990855,0.012386,0.002199,0.020508,0.012373,10.466742,0.0,16.970086,7.501169,10.594492,1.932553,16.970086,8.059986,10.968671,0.0,18.0,7.857864
MINECRAFT_1080p_60_8bit,51,10,960,540,2111.605,82.495991,74.167677,95.162727,82.317235,0.295339,0.00012,2.125775,0.156684,6.767353,3.055693,11.596539,6.337232,6.096952,2.510662,13.058898,5.498488,7.437754,3.600723,16.505503,6.94762,0.924648,0.888377,0.962675,0.924522,0.932448,0.903363,0.967764,0.932344,0.900796,0.86896,0.94872,0.900586,0.86523,0.808289,0.931166,0.864859,0.909717,0.860151,0.958708,0.909491,0.956867,0.930275,0.979388,0.956816,0.049352,0.019254,0.093662,0.049176,10.466742,0.0,16.970086,7.501169,10.594492,1.932553,16.970086,8.059986,10.968671,0.0,18.0,7.857864
MeridianTalk_sdr_1920x1080p_5994_10bit,20,10,960,540,1698.543,95.807763,94.642278,97.41792,95.804032,0.330608,0.291751,0.514505,0.329827,2.052404,1.063176,3.137562,2.001314,2.136572,1.056788,3.723232,2.069001,1.968236,0.769216,3.679637,1.880754,0.988751,0.984596,0.992668,0.988749,0.989573,0.986511,0.993194,0.989572,0.981505,0.973834,0.990513,0.9815,0.980687,0.974314,0.988205,0.980682,0.988197,0.98384,0.992322,0.988195,0.992871,0.989323,0.995379,0.99287,0.008507,0.005225,0.011102,0.008506,0.604054,0.0,0.790015,0.598116,0.610051,0.498909,0.790015,0.606769,0.610492,0.0,0.79062,0.604449
MeridianTalk_sdr_1920x1080p_5994_10bit,51,10,960,540,207.227,87.712055,84.543034,90.517452,87.693993,0.419624,0.362888,0.537188,0.418808,5.74653,3.688951,8.499226,5.594582,6.14876,3.373618,9.652196,5.894925,5.344299,3.352219,8.049431,5.207909,0.972914,0.963772,0.980325,0.972908,0.973497,0.966659,0.980895,0.973493,0.966951,0.956524,0.977069,0.966943,0.958902,0.942993,0.970403,0.958886,0.971268,0.961871,0.978779,0.971262,0.979005,0.971068,0.986358,0.979,0.025141,0.017147,0.032609,0.025128,0.604054,0.0,0.790015,0.598116,0.610051,0.498909,0.790015,0.606769,0.610492,0.0,0.79062,0.604449
MissionControlClip1_1920x1080_60fps_10bit_420_0450_0579,20,10,960,540,4182.52,98.984812,96.429027,100.0,98.981422,0.096324,0.024263,0.199755,0.095199,0.508874,0.294319,1.528555,0.478102,0.506433,0.256324,1.767269,0.473796,0.511315,0.254004,1.501906,0.475531,0.995862,0.98355,0.997801,0.995859,0.995757,0.985757,0.998056,0.995755,0.992525,0.954603,0.995959,0.9925,0.992212,0.966994,0.99592,0.9922,0.995223,0.984389,0.997661,0.99522,0.997637,0.992174,0.998621,0.997637,0.004486,0.001349,0.010012,0.004483,0.526321,0.0,18.0,0.097291,0.527423,0.0,18.0,0.098453,1.067896,0.0,18.0,0.166219
MissionControlClip1_1920x1080_60fps_10bit_420_0450_0579,51,10,960,540,697.506,93.514736,82.553723,97.337303,93.445848,0.496879,0.118094,0.601578,0.476924,2.954731,1.573197,6.438888,2.786862,3.007189,1.26262,4.998024,2.830355,2.902274,1.523922,7.879752,2.675644,0.983784,0.949787,0.988958,0.983743,0.985165,0.954625,0.990483,0.985133,0.970476,0.871027,0.979818,0.970147,0.971205,0.904529,0.979109,0.971073,0.982069,0.951196,0.98846,0.982032,0.98994,0.970073,0.993121,0.989928,0.011612,0.005264,0.034088,0.011576,0.526321,0.0,18.0,0.097291,0.527423,0.0,18.0,0.098453,1.067896,0.0,18.0,0.166219
MissionControlClip3_1920x1080_60_420,20,10,960,540,3989.475,98.278495,97.539489,100.0,98.274581,0.762758,0.650618,1.047889,0.758516,0.740435,0.466569,1.108882,0.726821,0.669398,0.342614,1.194192,0.654926,0.811472,0.450026,1.444827,0.786914,0.994718,0.990117,0.996361,0.994718,0.99517,0.991477,0.997012,0.99517,0.99165,0.973704,0.994525,0.991645,0.991242,0.982099,0.994818,0.99124,0.993396,0.989015,0.995581,0.993395,0.996909,0.995213,0.997803,0.996909,0.003774,0.001334,0.014182,0.003773,0.834138,0.0,7.48944,0.215523,0.835692,0.0,7.48944,0.217435,1.099898,0.0,7.836379,0.282846
MissionControlClip3_1920x1080_60_420,51,10,960,540,707.49,93.328947,91.02115,97.31849,93.320372,1.003598,0.866862,1.214815,1.002199,2.609562,1.717222,4.650024,2.565091,2.585976,1.75543,7.181542,2.494568,2.633148,1.634434,3.917945,2.566787,0.981951,0.970011,0.985987,0.981947,0.983865,0.972197,0.988257,0.98386,0.966319,0.907639,0.972789,0.966237,0.969986,0.947121,0.974995,0.969975,0.978587,0.969517,0.983544,0.978583,0.989768,0.985891,0.992755,0.989767,0.01167,0.005858,0.036033,0.011649,0.834138,0.0,7.48944,0.215523,0.835692,0.0,7.48944,0.217435,1.099898,0.0,7.836379,0.282846
MobileDeviceScreenSharing,20,10,538,1110,1048.434,99.677118,97.558919,100.0,99.673095,0.004214,0.002153,0.006555,0.004213,0.82698,0.330339,2.812047,0.768168,0.765105,0.15315,3.697733,0.683602,0.888856,0.24952,2.821688,0.815064,0.995181,0.988746,0.998096,0.995177,0.996129,0.991524,0.998569,0.996126,0.98175,0.941309,0.996561,0.981598,0.994309,0.98512,0.997745,0.994303,0.996561,0.993229,0.998281,0.99656,0.997748,0.996896,0.998598,0.997748,0.00166,0.000327,0.00522,0.001659,11.007814,0.0,18.0,2.28481,11.095039,0.0,18.0,2.362896,12.60764,0.0,18.0,3.081461
MobileDeviceScreenSharing,51,10,538,1110,253.154,98.253751,89.627328,100.0,98.157412,0.005432,0.002764,0.009096,0.00543,3.674409,1.121461,9.901127,3.156856,2.97322,0.9623,9.317248,2.416258,4.375599,1.274421,10.981315,3.728215,0.986411,0.981586,0.991033,0.986408,0.98933,0.98232,0.993036,0.989327,0.964661,0.932205,0.981813,0.964551,0.98177,0.974626,0.987951,0.981762,0.989183,0.986053,0.992149,0.989181,0.992014,0.988337,0.994173,0.992013,0.003861,0.001308,0.022909,0.00385,11.007814,0.0,18.0,2.28481,11.095039,0.0,18.0,2.362896,12.60764,0.0,18.0,3.081461
Motorcycle_1920x1080_30fps_8bit,20,10,960,540,26095.822,100.0,100.0,100.0,100.0,0.039326,0.0,0.392472,0.036714,1.378553,0.622666,2.115896,1.327201,1.194022,0.491417,2.042271,1.143708,1.563083,0.612873,2.507958,1.486505,0.985689,0.980758,0.993435,0.985684,0.987932,0.982291,0.994771,0.987927,0.967937,0.94959,0.987604,0.967902,0.973352,0.960586,0.989307,0.973329,0.984183,0.978441,0.993068,0.984176,0.992639,0.989797,0.995646,0.992638,0.006836,0.002113,0.014666,0.006829,16.268647,0.0,18.0,14.346415,16.384058,13.148798,18.0,16.256209,16.472816,0.0,18.0,14.51827
Motorcycle_1920x1080_30fps_8bit,51,10,960,540,3143.042,83.497336,74.11235,96.104043,83.162456,0.232078,0.004125,0.844879,0.2147,10.452066,4.892148,16.717239,9.937098,8.77294,4.199129,14.096572,8.289419,12.131192,3.796355,21.30438,11.365911,0.92248,0.897453,0.961705,0.922346,0.932993,0.910098,0.968603,0.932876,0.850554,0.809355,0.92553,0.850244,0.860567,0.806212,0.936002,0.860098,0.914721,0.885539,0.959174,0.91454,0.954672,0.936232,0.975381,0.954617,0.042476,0.015303,0.068488,0.042311,16.268647,0.0,18.0,14.346415,16.384058,13.148798,18.0,16.256209,16.472816,0.0,18.0,14.51827
MountainBike_1920x1080_30fps_8bit,20,10,960,540,30601.324,99.935173,95.772342,100.0,99.932396,0.044168,0.0,0.352394,0.040963,1.757021,0.78463,3.124551,1.670677,1.883213,0.805951,4.175097,1.746509,1.630829,0.722653,2.810182,1.548427,0.986754,0.979733,0.993238,0.986749,0.989257,0.982899,0.994707,0.989254,0.970961,0.961103,0.987022,0.970939,0.978603,0.963677,0.990087,0.978588,0.986398,0.978618,0.993048,0.986392,0.99221,0.988262,0.995994,0.992209,0.004903,0.001111,0.012273,0.004898,17.501425,0.0,18.0,12.883667,17.639886,0.216033,18.0,14.446488,17.657034,0.0,18.0,14.140742
MountainBike_1920x1080_30fps_8bit,51,10,960,540,3940.42,81.970122,67.562196,94.504147,81.553917,0.13722,0.004931,0.8958,0.12173,13.519651,7.281507,21.435303,12.91748,13.494587,5.791401,23.741795,12.576475,13.544716,5.461176,21.254333,12.785699,0.923809,0.875567,0.958731,0.923641,0.93314,0.888867,0.963307,0.932995,0.865797,0.811209,0.936818,0.865358,0.881762,0.788806,0.941558,0.881195,0.919381,0.85953,0.958256,0.919144,0.949096,0.918969,0.973304,0.949001,0.045088,0.014541,0.083266,0.044848,17.501425,0.0,18.0,12.883667,17.639886,0.216033,18.0,14.446488,17.657034,0.0,18.0,14.140742
Neon1224_3840x2160_2997fps,20,10,1920,1080,33785.223,99.952227,98.789398,100.0,99.951897,0.061408,0.002877,0.355951,0.057621,1.077799,0.358362,1.907922,0.971163,1.128705,0.400272,2.277542,1.031091,1.026893,0.305384,1.853675,0.904259,0.985256,0.976204,0.995207,0.985243,0.985288,0.974479,0.995362,0.985277,0.972084,0.962368,0.991579,0.972062,0.972752,0.958929,0.992156,0.972716,0.984918,0.974768,0.995379,0.984903,0.990832,0.981877,0.996516,0.990824,0.014637,0.004277,0.040957,0.014616,13.063777,0.0,18.0,11.101122,13.121074,6.75868,18.0,12.183022,13.837263,0.0,18.0,11.753461
Neon1224_3840x2160_2997fps,51,10,1920,1080,3870.328,84.106443,72.131731,97.775493,83.803214,0.229002,0.057223,0.614678,0.221065,6.415305,2.427297,10.432074,6.074634,7.013479,2.524398,12.032465,6.647941,5.81713,2.207756,8.988681,5.424406,0.927051,0.908591,0.971432,0.926943,0.93078,0.880329,0.975058,0.93066,0.897597,0.877305,0.949562,0.897491,0.852974,0.805111,0.947913,0.852517,0.919934,0.889002,0.971718,0.919762,0.954905,0.942945,0.981128,0.95486,0.060518,0.016482,0.206631,0.060106,13.063777,0.0,18.0,11.101122,13.121074,6.75868,18.0,12.183022,13.837263,0.0,18.0,11.753461
NocturneDance_3840x2160p_10bit_60fps,20,10,1920,1080,41909.181,92.268224,88.912729,97.73858,92.211312,0.006055,3.559884375e-07,0.08489,0.005816,1.850974,0.884031,2.514639,1.791355,1.773238,0.840567,2.673308,1.699683,1.928709,0.916658,2.805575,1.86652,0.96716,0.957805,0.983155,0.967132,0.968641,0.959759,0.984409,0.968615,0.967796,0.959985,0.983445,0.967779,0.937454,0.915141,0.974615,0.937318,0.957889,0.941589,0.979856,0.95783,0.983577,0.977376,0.991577,0.983572,0.027901,0.008581,0.038271,0.027854,3.330389,0.0,4.355444,3.2068,3.359112,2.580363,4.355444,3.316989,3.358064,0.0,4.359827,3.232765
NocturneDance_3840x2160p_10bit_60fps,51,10,1920,1080,1951.613,53.914124,44.25549,72.010318,53.237897,0.403535,0.199868,0.724506,0.395184,8.256932,5.728261,11.212253,8.107581,9.320094,6.00392,14.041812,9.087832,7.193771,4.670788,9.791701,7.035722,0.832838,0.791197,0.894438,0.8325,0.851562,0.819322,0.910371,0.851304,0.918298,0.901483,0.937551,0.918267,0.729999,0.676203,0.81585,0.7295,0.760943,0.700727,0.862583,0.760073,0.886669,0.847087,0.941406,0.886435,0.104749,0.047796,0.139373,0.104446,3.330389,0.0,4.355444,3.2068,3.359112,2.580363,4.355444,3.316989,3.358064,0.0,4.359827,3.232765
OldTownCross_1920x1080p50,20,10,960,540,2585.994,94.465566,92.774034,96.918627,94.45704,0.000123,0.0,0.000502,0.000123,1.495592,1.055505,2.124701,1.477296,1.772267,1.129239,2.948455,1.724373,1.218916,0.764365,1.877702,1.194586,0.9746,0.96697,0.98591,0.974591,0.979542,0.973607,0.988164,0.979537,0.941751,0.92272,0.975493,0.941674,0.960809,0.947293,0.979068,0.960787,0.977594,0.970235,0.9863,0.977588,0.987272,0.983173,0.991784,0.98727,0.008925,0.005765,0.011703,0.008924,1.599998,0.0,2.115183,1.566569,1.61323,1.192166,2.115183,1.599017,1.737107,0.0,2.601664,1.692071
OldTownCross_1920x1080p50,51,10,960,540,515.772,89.03974,85.860056,91.623078,89.026568,0.008214,0.000217,0.057376,0.008104,3.307047,2.302255,4.642549,3.249359,3.746791,2.031555,5.368211,3.661311,2.867303,1.455515,5.011744,2.763137,0.958328,0.947038,0.970249,0.958318,0.966392,0.955819,0.975394,0.966386,0.92106,0.905958,0.950398,0.921008,0.935081,0.913555,0.955025,0.93505,0.960803,0.948873,0.970766,0.960794,0.976392,0.966952,0.982289,0.976388,0.014792,0.011284,0.025905,0.014788,1.599998,0.0,2.115183,1.566569,1.61323,1.192166,2.115183,1.599017,1.737107,0.0,2.601664,1.692071
ParkJoy_480x270_50,20,10,320,180,2617.492,97.184595,93.804871,100.0,97.151038,0.291795,0.0,1.641882,0.187819,0.0,0.0,0.0,0.0,0.0,0.0,0.0,0.0,0.0,0.0,0.0,0.0,0.980241,0.971163,0.992261,0.980228,0.984905,0.978938,0.993745,0.984898,0.948809,0.907881,0.987435,0.948568,0.968719,0.951794,0.988419,0.968688,0.981343,0.973357,0.99185,0.981333,0.98969,0.984415,0.994826,0.989688,0.004213,0.000939,0.016716,0.004208,4.258693,0.0,8.637329,3.53179,4.318944,1.88083,8.637329,3.676351,4.413221,0.0,8.902914,3.670849
ParkJoy_480x270_50,51,10,320,180,294.763,80.584152,70.252722,89.334988,80.373519,0.648526,0.005588,3.391166,0.327458,0.0,0.0,0.0,0.0,0.0,0.0,0.0,0.0,0.0,0.0,0.0,0.0,0.929995,0.897841,0.959285,0.929928,0.942771,0.910955,0.967868,0.942698,0.857195,0.823067,0.91932,0.856963,0.887161,0.840554,0.930735,0.887002,0.92952,0.880228,0.959379,0.929408,0.958565,0.923411,0.976908,0.958513,0.027419,0.010796,0.066554,0.027195,4.258693,0.0,8.637329,3.53179,4.318944,1.88083,8.637329,3.676351,4.413221,0.0,8.902914,3.670849
PedestrianArea_1920x1080p25,20,10,960,540,3333.112,98.311599,95.751534,100.0,98.296379,0.118309,6.7e-05,0.86185,0.102501,2.049039,1.204687,3.71614,1.977443,2.048178,0.926534,3.495031,1.963496,2.049901,0.900586,3.937249,1.946878,0.982051,0.97471,0.990866,0.982046,0.983433,0.975737,0.99194,0.983427,0.971761,0.961819,0.988508,0.971749,0.96611,0.947279,0.983838,0.966087,0.977268,0.964348,0.988268,0.977255,0.990136,0.985655,0.993953,0.990134,0.013342,0.003766,0.024662,0.013322,6.846745,0.0,11.536426,6.020109,6.931263,3.895575,11.536426,6.385671,6.99138,0.0,11.648008,6.137887
PedestrianArea_1920x1080p25,51,10,960,540,435.435,78.36967,65.973663,89.365021,78.147365,0.240595,0.039928,0.643252,0.223055,8.681011,4.187497,14.39542,8.329318,8.627814,4.68054,14.190831,8.228249,8.734207,3.191646,17.586639,8.221552,0.928164,0.887831,0.953884,0.928059,0.9328,0.892908,0.960577,0.932694,0.941428,0.931815,0.962584,0.941417,0.894966,0.835543,0.927071,0.894808,0.902702,0.844487,0.938038,0.902462,0.945517,0.906425,0.96986,0.945419,0.056382,0.023806,0.095246,0.056144,6.846745,0.0,11.536426,6.020109,6.931263,3.895575,11.536426,6.385671,6.99138,0.0,11.648008,6.137887
PierSeaSide_3840x2160_2997fps_10bit_420_v2,20,10,1920,1080,4397.901,98.388697,96.056843,100.0,98.373779,0.000187,1.3e-05,0.000628,0.000187,0.984283,0.484443,1.336874,0.968487,0.815423,0.380549,1.165719,0.800894,1.153144,0.555547,1.734181,1.128795,0.983937,0.977348,0.991502,0.983934,0.985914,0.980789,0.992518,0.985911,0.969617,0.946746,0.989764,0.969567,0.971939,0.958683,0.985751,0.971926,0.983521,0.973998,0.991132,0.983517,0.991047,0.986662,0.994229,0.991046,0.009475,0.004218,0.014151,0.00947,4.125063,0.0,5.853963,3.678574,4.166318,2.178731,5.853963,3.82493,4.191997,0.0,5.927315,3.747917
PierSeaSide_3840x2160_2997fps_10bit_420_v2,51,10,1920,1080,401.249,92.984497,89.686818,97.84202,92.949488,0.001535,0.000242,0.009439,0.001533,2.111038,1.555757,2.90137,2.092843,1.820692,1.186191,2.7815,1.795494,2.401384,1.631909,3.250107,2.370332,0.966941,0.957615,0.981305,0.966935,0.970134,0.962625,0.983339,0.970126,0.94808,0.925932,0.978611,0.948008,0.939408,0.921982,0.966961,0.939382,0.965561,0.951626,0.980787,0.965555,0.980509,0.973444,0.987109,0.980507,0.022418,0.010462,0.035615,0.022378,4.125063,0.0,5.853963,3.678574,4.166318,2.178731,5.853963,3.82493,4.191997,0.0,5.927315,3.747917
RedKayak_360_2997,20,10,320,180,2511.758,99.567509,96.067103,100.0,99.559015,0.170078,0.0,0.846239,0.148704,0.0,0.0,0.0,0.0,0.0,0.0,0.0,0.0,0.0,0.0,0.0,0.0,0.979387,0.971288,0.991751,0.979376,0.982695,0.975327,0.993303,0.982686,0.965678,0.955991,0.983808,0.965648,0.961522,0.944475,0.981547,0.961485,0.976563,0.965919,0.989587,0.976547,0.988085,0.980752,0.996329,0.98808,0.009586,0.002416,0.016821,0.009576,11.664769,0.0,18.0,10.365675,11.770136,7.659168,18.0,11.373899,11.870952,0.0,18.0,10.526957
RedKayak_360_2997,51,10,320,180,216.71,64.597311,41.746882,88.093318,62.247557,0.281216,0.007382,1.461333,0.24681,0.0,0.0,0.0,0.0,0.0,0.0,0.0,0.0,0.0,0.0,0.0,0.0,0.864192,0.790718,0.935824,0.863355,0.88411,0.819697,0.946342,0.883491,0.832011,0.786794,0.898251,0.831694,0.760173,0.662859,0.867844,0.758476,0.838904,0.73279,0.930721,0.837505,0.910041,0.833806,0.9707,0.909419,0.069415,0.022073,0.112683,0.068899,11.664769,0.0,18.0,10.365675,11.770136,7.659168,18.0,11.373899,11.870952,0.0,18.0,10.526957
RitualDance_1920x1080_5994_10bit_420,20,10,960,540,9321.039,96.928904,93.954719,100.0,96.903386,0.028268,0.001284,0.160972,0.027719,1.941738,0.683041,3.389383,1.842562,2.102115,0.573072,4.000049,1.972171,1.781361,0.679576,3.226362,1.671502,0.982662,0.975859,0.9928,0.982652,0.983645,0.977285,0.993773,0.983637,0.967925,0.955979,0.989966,0.967896,0.965138,0.948221,0.987202,0.965095,0.979843,0.970752,0.991996,0.979828,0.991023,0.983595,0.996247,0.99102,0.014062,0.003957,0.023522,0.01405,4.237372,0.0,10.516356,3.850848,4.293813,2.378457,10.516356,4.015552,4.714399,0.0,15.864622,4.149088
RitualDance_1920x1080_5994_10bit_420,51,10,960,540,1064.978,78.690626,70.971637,92.734456,78.49171,0.083575,0.007729,0.230746,0.081522,7.737691,3.317838,11.538836,7.339837,8.356946,3.441079,13.407177,7.933848,7.118437,3.180326,11.607557,6.618512,0.931629,0.903733,0.963002,0.93155,0.937361,0.91621,0.968166,0.937289,0.916487,0.888027,0.955395,0.916405,0.869426,0.828688,0.925806,0.869164,0.916524,0.881413,0.953898,0.916372,0.957322,0.928483,0.978713,0.957277,0.049266,0.019783,0.079097,0.049108,4.237372,0.0,10.516356,3.850848,4.293813,2.378457,10.516356,4.015552,4.714399,0.0,15.864622,4.149088
Riverbed_1920x1080p25,20,10,960,540,13621.458,99.909709,98.89076,100.0,99.909106,0.0,0.0,0.0,0.0,3.541123,1.733599,5.889753,3.34994,2.731171,1.148424,4.778751,2.5383,4.351074,1.812192,7.820667,4.089448,0.978558,0.970745,0.989672,0.978547,0.982031,0.9749,0.992292,0.982022,0.957906,0.93801,0.980871,0.95785,0.949367,0.926903,0.980642,0.949275,0.977992,0.971558,0.98909,0.977983,0.989667,0.986169,0.994097,0.989665,0.009865,0.001593,0.015404,0.009853,15.21093,0.0,16.730934,13.586757,15.320696,14.002661,16.730934,15.295459,15.324894,0.0,16.76514,13.676426
Riverbed_1920x1080p25,51,10,960,540,1731.4,63.6139,50.973109,78.450318,62.802815,0.002744,0.0,0.024916,0.002711,23.75026,15.672998,32.025311,23.371817,22.707115,10.377605,34.284527,21.644483,24.793406,18.566587,31.76494,24.54492,0.882407,0.84702,0.929171,0.88213,0.897404,0.861744,0.942032,0.897111,0.893832,0.879142,0.921256,0.8938,0.786428,0.74552,0.868859,0.785922,0.846884,0.794179,0.915209,0.846297,0.922398,0.89089,0.954418,0.92221,0.067602,0.027958,0.105857,0.066976,15.21093,0.0,16.730934,13.586757,15.320696,14.002661,16.730934,15.295459,15.324894,0.0,16.76514,13.676426
RollerCoaster_1280x720p_5994_10bit_420,20,10,640,360,4430.644,99.368183,97.709914,100.0,99.364634,0.01011,0.0,0.043266,0.009987,1.103646,0.535518,1.805097,1.0587,0.912638,0.267764,1.784904,0.857237,1.294653,0.514544,2.380612,1.218114,0.980294,0.974439,0.990877,0.980287,0.984408,0.980199,0.992323,0.984404,0.958019,0.941756,0.983592,0.957986,0.959333,0.945673,0.984066,0.9593,0.978782,0.971118,0.990071,0.978773,0.990264,0.986358,0.994144,0.990262,0.005992,0.002641,0.010513,0.00599,6.673023,0.0,8.959302,6.277805,6.744296,4.853253,9.265523,6.66512,7.023647,0.0,9.265523,6.588148
RollerCoaster_1280x720p_5994_10bit_420,51,10,640,360,587.387,86.49812,79.605671,94.515087,86.427356,0.017828,0.001143,0.070782,0.01753,4.757326,2.314129,8.344156,4.469398,3.712183,1.474687,6.857975,3.424813,5.802468,1.875578,11.2658,5.276297,0.937684,0.911871,0.96135,0.937624,0.949374,0.929157,0.967922,0.949338,0.910191,0.893575,0.933468,0.910156,0.880758,0.83979,0.924224,0.880586,0.928566,0.893762,0.959724,0.928458,0.961972,0.941681,0.976378,0.961941,0.023348,0.013024,0.037482,0.023331,6.673023,0.0,8.959302,6.277805,6.744296,4.853253,9.265523,6.66512,7.023647,0.0,9.265523,6.588148
RushFieldCuts_1920x1080_2997,20,10,960,540,11165.307,96.514985,94.378215,99.779992,96.491176,0.005181,0.0,0.035654,0.005138,1.804125,0.834588,2.508945,1.756798,1.637938,0.861997,2.695622,1.574351,1.970313,0.711545,2.896935,1.893794,0.980819,0.974817,0.991234,0.980806,0.983852,0.978531,0.993091,0.983842,0.963568,0.953055,0.984892,0.963528,0.964267,0.950773,0.986392,0.964212,0.980426,0.97287,0.991323,0.980412,0.990064,0.986643,0.994008,0.990062,0.00907,0.002493,0.015584,0.009058,3.262726,0.0,3.523341,3.176365,3.285207,2.885941,3.523341,3.278782,3.279451,0.0,3.633937,3.191967
RushFieldCuts_1920x1080_2997,51,10,960,540,1215.149,78.307379,73.057466,85.663798,78.243135,0.205272,0.0567,0.412562,0.200638,8.002194,5.70655,11.462171,7.884686,7.879537,4.525396,11.322913,7.691526,8.124851,4.316818,13.250718,7.80089,0.929875,0.917163,0.952961,0.929847,0.93983,0.928253,0.961867,0.939803,0.897511,0.886238,0.929765,0.897477,0.884813,0.866001,0.926679,0.884737,0.925547,0.912853,0.950865,0.925506,0.954277,0.940016,0.969261,0.95426,0.036943,0.017351,0.056708,0.036886,3.262726,0.0,3.523341,3.176365,3.285207,2.885941,3.523341,3.278782,3.279451,0.0,3.633937,3.191967
STARCRAFT_1080p60,20,10,960,540,5083.701,97.717271,95.773515,100.0,97.70975,0.259129,0.118909,0.926354,0.247291,1.080646,0.622142,1.95021,1.050817,0.939836,0.425619,2.075224,0.89566,1.221455,0.642463,2.189346,1.183551,0.990972,0.984323,0.99459,0.990968,0.991207,0.98563,0.995208,0.991205,0.987389,0.977161,0.993237,0.987377,0.985943,0.974523,0.991799,0.985932,0.989171,0.979981,0.993595,0.989165,0.994614,0.991266,0.996486,0.994613,0.008242,0.003247,0.014938,0.008239,1.301367,0.0,7.912986,0.541232,1.351527,0.145254,7.912986,0.55724,1.498477,0.0,8.525714,0.620386
STARCRAFT_1080p60,51,10,960,540,556.468,89.158069,84.672059,95.276106,89.130374,1.67842,1.467044,2.014026,1.676675,3.617641,2.585677,5.398013,3.561393,3.396509,2.241739,5.432659,3.336741,3.838774,2.349092,6.239841,3.723706,0.97219,0.958397,0.979271,0.972181,0.972905,0.959356,0.981936,0.972895,0.967554,0.950434,0.975642,0.967533,0.960706,0.938934,0.970115,0.960681,0.965805,0.949093,0.974088,0.965792,0.980928,0.971739,0.986324,0.980923,0.025427,0.011619,0.045829,0.025375,1.301367,0.0,7.912986,0.541232,1.351527,0.145254,7.912986,0.55724,1.498477,0.0,8.525714,0.620386
SceneComposition_1,20,10,960,540,759.167,99.224907,98.205469,99.803605,99.224299,0.131349,0.08371,0.144284,0.13108,0.26633,0.175551,0.473207,0.264309,0.235524,0.144884,0.491505,0.232017,0.297136,0.191425,0.466349,0.294736,0.996848,0.993885,0.997822,0.996848,0.996432,0.992885,0.998332,0.996432,0.993152,0.978433,0.995979,0.993148,0.994809,0.989201,0.996435,0.994808,0.996958,0.993405,0.997891,0.996958,0.998017,0.996623,0.998723,0.998017,0.004538,0.000477,0.00945,0.004536,0.046963,0.0,0.164178,0.046374,0.047368,0.021178,0.164178,0.046796,1.74611,0.0,17.996748,0.412475
SceneComposition_1,51,10,960,540,172.158,95.277932,93.207259,97.291649,95.271741,0.103792,0.050893,0.124481,0.103462,1.41179,1.060517,1.848534,1.402118,1.062546,0.714243,1.851978,1.035836,1.761033,1.34838,2.180329,1.744736,0.987497,0.983233,0.991203,0.987496,0.986278,0.978536,0.993267,0.986275,0.973356,0.960166,0.982449,0.97333,0.979739,0.973747,0.98365,0.979737,0.987747,0.983221,0.990701,0.987746,0.992079,0.987894,0.995062,0.992078,0.016565,0.001918,0.03848,0.016522,0.046963,0.0,0.164178,0.046374,0.047368,0.021178,0.164178,0.046796,1.74611,0.0,17.996748,0.412475
SceneComposition_2,20,10,960,540,522.31,98.718697,97.302435,100.0,98.715099,0.048373,0.016258,0.058015,0.04825,0.322058,0.195849,0.535553,0.318383,0.279476,0.151636,0.446815,0.276049,0.364641,0.214548,0.64294,0.357122,0.99402,0.990122,0.997079,0.994019,0.99446,0.98956,0.997788,0.994458,0.994806,0.987306,0.997222,0.994803,0.992865,0.986448,0.996314,0.992862,0.993316,0.989612,0.996954,0.993315,0.994718,0.990213,0.997503,0.994717,0.004515,0.000534,0.012253,0.004506,0.120613,0.0,3.884618,0.079891,0.120964,0.0,3.884618,0.080282,0.686173,0.0,4.686834,0.273824
SceneComposition_2,51,10,960,540,121.404,93.706274,89.278371,96.471819,93.666531,0.011905,0.003851,0.015454,0.011899,1.716866,1.295296,2.384764,1.696696,1.456835,1.078341,2.312334,1.437255,1.976897,1.103046,3.030278,1.909258,0.978941,0.966469,0.987487,0.978926,0.981312,0.966904,0.990368,0.981292,0.97818,0.959261,0.986256,0.978143,0.973554,0.950977,0.982198,0.973523,0.9778,0.961856,0.98672,0.977784,0.982087,0.967005,0.991249,0.982073,0.013156,0.002252,0.03215,0.013074,0.120613,0.0,3.884618,0.079891,0.120964,0.0,3.884618,0.080282,0.686173,0.0,4.686834,0.273824
Skater227_1920x1080_30fps,20,10,960,540,1725.86,98.678452,93.669815,100.0,98.65546,0.096934,0.001295,0.31461,0.092799,1.90502,0.865764,3.084943,1.839125,1.826244,0.787328,3.202467,1.744884,1.983796,0.891605,3.434569,1.892611,0.980912,0.967753,0.992,0.980896,0.980768,0.966732,0.992436,0.980755,0.981388,0.965766,0.993271,0.98137,0.96293,0.93103,0.986727,0.962858,0.97081,0.946642,0.988585,0.970768,0.989145,0.979647,0.994659,0.989139,0.019568,0.00646,0.039745,0.019535,8.990699,0.0,16.46234,7.567917,9.053357,3.903376,16.46234,8.102222,9.94732,0.0,17.535704,8.373129
Skater227_1920x1080_30fps,51,10,960,540,208.098,77.760201,63.471839,94.123414,77.308425,0.356304,0.101951,0.839548,0.333734,7.265966,3.429749,13.572615,6.806817,6.996929,3.252184,13.449333,6.516546,7.535003,2.820191,14.848972,6.927842,0.916494,0.850926,0.971311,0.916198,0.920775,0.874893,0.973591,0.92055,0.955143,0.90508,0.983516,0.955029,0.869133,0.774476,0.954325,0.868425,0.877138,0.794404,0.956766,0.876478,0.934958,0.875852,0.980002,0.934715,0.069235,0.02109,0.132416,0.06873,8.990699,0.0,16.46234,7.567917,9.053357,3.903376,16.46234,8.102222,9.94732,0.0,17.535704,8.373129
Slides1_1920x1080_30fps_8bit_420,20,10,960,540,1995.434,96.999354,80.663739,100.0,96.801152,0.00502,0.0,0.057027,0.00492,0.802542,0.0,3.40923,0.6877,0.720667,0.0,3.274724,0.59689,0.884416,0.0,4.780228,0.742176,0.987783,0.922295,0.996922,0.987679,0.988084,0.933672,0.997506,0.987994,0.985931,0.962951,0.996533,0.985894,0.984506,0.902136,0.995919,0.984351,0.98572,0.86021,0.996839,0.98545,0.988543,0.858478,0.998136,0.988299,0.011215,0.001106,0.06077,0.011076,0.914496,0.0,2.416912,0.662802,0.928116,0.0,2.416912,0.676506,1.251787,0.0,18.0,0.846861
Slides1_1920x1080_30fps_8bit_420,51,10,960,540,423.716,89.632134,59.832621,95.676788,88.830312,0.006993,0.0,0.062284,0.00676,2.706298,0.0,8.408264,2.251963,2.112502,0.0,10.058486,1.581463,3.300093,0.0,9.376095,2.735414,0.966052,0.839114,0.986207,0.965637,0.968611,0.873439,0.988912,0.968279,0.966607,0.937789,0.995742,0.966558,0.961499,0.877942,0.986036,0.961209,0.959803,0.716191,0.985758,0.958684,0.963648,0.658451,0.99108,0.961977,0.025418,0.00375,0.107172,0.024941,0.914496,0.0,2.416912,0.662802,0.928116,0.0,2.416912,0.676506,1.251787,0.0,18.0,0.846861
Slides2r_1920x1080_30fps_8bit_420,20,10,960,540,1943.227,97.974473,87.022621,100.0,97.905161,0.000883,0.0,0.004576,0.000881,0.579066,0.0,2.546244,0.412144,0.577141,0.0,2.052358,0.412587,0.580992,0.0,3.144785,0.393407,0.992781,0.970111,0.998305,0.992767,0.992381,0.96585,0.998569,0.992362,0.992783,0.981202,0.997181,0.992776,0.991638,0.947442,0.998085,0.99161,0.991129,0.960155,0.998403,0.991101,0.993455,0.960842,0.998633,0.993433,0.008552,0.000815,0.060841,0.008471,0.917946,0.0,2.715782,0.565422,0.917946,0.0,2.715782,0.565422,1.038228,0.0,10.747858,0.609826
Slides2r_1920x1080_30fps_8bit_420,51,10,960,540,380.492,91.492012,77.899653,97.556563,91.211741,0.007778,0.0,0.081788,0.007259,1.942681,0.0,7.516222,1.054453,2.008958,0.0,8.139592,1.069785,1.876404,0.0,6.892852,1.01124,0.974272,0.936817,0.989846,0.974203,0.97599,0.942546,0.991604,0.975917,0.975912,0.948707,0.990358,0.975878,0.972469,0.930911,0.987496,0.972383,0.968508,0.904844,0.990848,0.968317,0.974141,0.826182,0.99186,0.973908,0.02,0.004293,0.07119,0.019795,0.917946,0.0,2.715782,0.565422,0.917946,0.0,2.715782,0.565422,1.038228,0.0,10.747858,0.609826
Sniper_1920x1080P_30fps_8bit,20,10,960,540,19894.045,99.367903,93.211172,100.0,99.346521,0.072247,0.0,1.124064,0.057807,1.896197,0.845712,3.23987,1.843705,1.846112,0.678975,3.091301,1.77792,1.946283,0.80009,3.388439,1.872132,0.982371,0.971903,0.991966,0.982361,0.984409,0.973602,0.993011,0.9844,0.968222,0.953579,0.991068,0.968185,0.967417,0.947219,0.985858,0.967381,0.980466,0.968283,0.990552,0.980454,0.990947,0.985902,0.995733,0.990945,0.010837,0.002349,0.027382,0.010818,10.388649,0.0,18.0,7.333663,10.448641,0.642905,18.0,7.835703,10.951605,0.0,18.0,7.887161
Sniper_1920x1080P_30fps_8bit,51,10,960,540,1507.715,75.792907,65.176867,89.55408,75.452175,0.722657,3.1e-05,3.422543,0.45481,10.83462,5.436266,23.677309,10.168311,11.183336,5.240694,24.23115,10.566902,10.485903,4.539394,23.509834,9.559596,0.913777,0.881104,0.960819,0.913613,0.922131,0.893192,0.964165,0.921993,0.855398,0.803481,0.958169,0.854794,0.844224,0.78524,0.937968,0.84363,0.905547,0.861162,0.950206,0.905329,0.951877,0.926786,0.975157,0.951825,0.058376,0.023021,0.097791,0.058174,10.388649,0.0,18.0,7.333663,10.448641,0.642905,18.0,7.835703,10.951605,0.0,18.0,7.887161
SnowMountain_640x360_2997,20,10,320,180,135.282,93.30937,92.04009,94.27896,93.307733,6.485112,5.825343,7.188151,6.462685,0.0,0.0,0.0,0.0,0.0,0.0,0.0,0.0,0.0,0.0,0.0,0.0,0.991201,0.987863,0.99465,0.991201,0.992664,0.990467,0.99506,0.992664,0.985578,0.979332,0.989973,0.985576,0.985555,0.97968,0.991049,0.985553,0.990131,0.985397,0.993862,0.99013,0.99454,0.992659,0.997039,0.99454,0.003923,0.002955,0.005064,0.003923,0.276684,0.0,0.34446,0.276011,0.278875,0.2704,0.34446,0.278793,0.282971,0.0,0.517441,0.281789
SnowMountain_640x360_2997,51,10,320,180,37.541,89.903284,88.384709,91.555155,89.89912,6.508903,6.327604,6.691108,6.507194,0.0,0.0,0.0,0.0,0.0,0.0,0.0,0.0,0.0,0.0,0.0,0.0,0.980676,0.975967,0.986271,0.980674,0.984173,0.980251,0.988608,0.984172,0.963915,0.959048,0.974325,0.963909,0.967483,0.962318,0.977624,0.967477,0.97892,0.972512,0.984953,0.978916,0.98873,0.984619,0.992097,0.988729,0.007666,0.005937,0.009754,0.007666,0.276684,0.0,0.34446,0.276011,0.278875,0.2704,0.34446,0.278793,0.282971,0.0,0.517441,0.281789
SolLevanteDragons_sdr_1920x1080_24_10bit,20,10,960,540,5140.549,98.56867,88.996265,100.0,98.526555,0.069922,0.0,0.410326,0.063413,1.194756,0.521512,3.230603,1.09759,1.124949,0.378782,3.326533,1.029447,1.264564,0.449626,3.423181,1.148302,0.967319,0.947704,0.984251,0.967276,0.970345,0.947358,0.986659,0.970309,0.962608,0.943769,0.990906,0.962551,0.93765,0.901873,0.97363,0.937472,0.956443,0.919241,0.980678,0.956343,0.979992,0.904025,0.990994,0.979925,0.022596,0.007722,0.053459,0.022543,13.382909,0.0,18.0,11.170616,13.52137,6.773551,18.0,12.355118,13.962865,0.0,18.0,11.685
SolLevanteDragons_sdr_1920x1080_24_10bit,51,10,960,540,534.346,65.396976,48.507078,86.11134,64.353132,0.146292,0.0,0.774159,0.13108,8.096662,2.781763,25.447777,7.046572,7.706909,2.058225,23.354906,6.688815,8.486415,3.5053,31.38644,7.20225,0.853158,0.793056,0.908603,0.852817,0.864008,0.788643,0.921304,0.863644,0.929701,0.895716,0.990421,0.929493,0.787676,0.709915,0.967114,0.786323,0.771922,0.66739,0.886966,0.770835,0.879446,0.694237,0.941701,0.878561,0.110674,0.039708,0.364225,0.109378,13.382909,0.0,18.0,11.170616,13.52137,6.773551,18.0,12.355118,13.962865,0.0,18.0,11.685
SolLevanteFace_sdr_1920x1080_24_10bit,20,10,960,540,8564.486,92.219887,83.644901,100.0,91.965901,0.000475,0.0,0.019674,0.000471,1.744972,0.644115,3.588607,1.61922,2.204698,0.417346,4.740015,1.955973,1.285245,0.510856,3.496563,1.179433,0.961087,0.938033,0.984425,0.961016,0.964016,0.940963,0.987556,0.963946,0.961138,0.943994,0.980562,0.961092,0.933104,0.886152,0.979084,0.932794,0.95006,0.912873,0.98516,0.949901,0.978334,0.964677,0.989176,0.978317,0.029151,0.00514,0.056339,0.029002,5.482506,0.0,13.215962,3.991329,5.508112,2.547917,13.215962,4.143183,5.522581,0.0,13.308889,4.028504
SolLevanteFace_sdr_1920x1080_24_10bit,51,10,960,540,499.987,60.301278,35.260954,78.707758,59.073307,0.005071,0.0,0.066241,0.004905,7.836027,2.945525,13.678596,7.126937,9.227915,3.28375,16.518972,8.316252,6.44414,2.025743,16.092638,5.390118,0.848218,0.73527,0.901078,0.847607,0.86648,0.778215,0.913279,0.866072,0.878267,0.788229,0.917304,0.877683,0.77139,0.653529,0.847409,0.770559,0.808147,0.626115,0.904726,0.806891,0.889573,0.759313,0.9364,0.888997,0.090911,0.043493,0.13383,0.090593,5.482506,0.0,13.215962,3.991329,5.508112,2.547917,13.215962,4.143183,5.522581,0.0,13.308889,4.028504
SparksElevator_480x270p_5994_10bit,20,10,320,180,1676.533,95.66191,93.703231,98.384623,95.648303,0.089654,0.010879,0.1596,0.088804,0.0,0.0,0.0,0.0,0.0,0.0,0.0,0.0,0.0,0.0,0.0,0.0,0.982102,0.974999,0.988911,0.982096,0.985485,0.980206,0.991369,0.98548,0.957705,0.937397,0.976737,0.957651,0.9686,0.946299,0.981279,0.968577,0.980838,0.972557,0.990241,0.980829,0.990567,0.984753,0.99458,0.990564,0.006622,0.00227,0.011173,0.006619,1.36365,0.0,2.556887,1.309716,1.371727,0.766436,2.556887,1.330928,1.434619,0.0,2.569962,1.375075
SparksElevator_480x270p_5994_10bit,51,10,320,180,154.557,83.510953,78.185343,90.094072,83.43026,0.154634,0.03676,0.258405,0.152014,0.0,0.0,0.0,0.0,0.0,0.0,0.0,0.0,0.0,0.0,0.0,0.0,0.947598,0.929417,0.965938,0.94757,0.954766,0.940683,0.97204,0.954741,0.885491,0.842551,0.931111,0.88523,0.91262,0.868956,0.939995,0.912516,0.94439,0.920661,0.970462,0.944349,0.969389,0.951331,0.98171,0.969367,0.02851,0.013556,0.054953,0.028449,1.36365,0.0,2.556887,1.309716,1.371727,0.766436,2.556887,1.330928,1.434619,0.0,2.569962,1.375075
SpeedBag_640x360_2997,20,10,320,180,241.874,98.048351,95.582245,100.0,98.031889,0.062959,0.001986,0.329255,0.0602,0.0,0.0,0.0,0.0,0.0,0.0,0.0,0.0,0.0,0.0,0.0,0.0,0.987198,0.978974,0.993647,0.987195,0.989602,0.982148,0.994781,0.989599,0.977024,0.963305,0.989618,0.977009,0.976509,0.965158,0.988354,0.976496,0.98584,0.969727,0.993646,0.985832,0.992167,0.986584,0.996008,0.992165,0.00479,0.002321,0.010445,0.004788,3.013611,0.0,14.17743,1.536522,3.05246,0.280387,14.17743,1.578518,3.254927,0.0,14.623785,1.676699
SpeedBag_640x360_2997,51,10,320,180,48.638,89.465111,81.417522,97.178316,89.391262,0.16702,0.018663,0.804354,0.155712,0.0,0.0,0.0,0.0,0.0,0.0,0.0,0.0,0.0,0.0,0.0,0.0,0.961116,0.923962,0.981227,0.96105,0.966976,0.934343,0.983821,0.966926,0.946585,0.912906,0.971033,0.946495,0.93197,0.887072,0.96338,0.93183,0.958303,0.893461,0.97887,0.958189,0.97203,0.938896,0.989045,0.971973,0.019351,0.009801,0.043204,0.019289,3.013611,0.0,14.17743,1.536522,3.05246,0.280387,14.17743,1.578518,3.254927,0.0,14.623785,1.676699
Spreadsheet_1920x1080_30fps_8bit_420_130f,20,10,960,540,2565.576,97.665367,94.168516,100.0,97.642708,0.040395,0.020166,0.062013,0.040312,0.677761,0.246974,1.18144,0.656539,0.628699,0.183129,1.41283,0.591947,0.726824,0.310819,1.216524,0.70285,0.991245,0.982983,0.996208,0.991238,0.990693,0.980503,0.997142,0.990684,0.976628,0.932191,0.994982,0.976457,0.986741,0.974531,0.99463,0.986726,0.99238,0.98683,0.996272,0.992378,0.995736,0.993679,0.997272,0.995735,0.010593,0.000661,0.027381,0.010538,1.877555,0.0,18.0,0.130411,2.011682,0.0,18.0,0.139784,6.552778,0.0,18.0,0.604396
Spreadsheet_1920x1080_30fps_8bit_420_130f,51,10,960,540,567.715,92.018229,87.576918,100.0,91.900021,0.03234,0.022169,0.042859,0.032302,3.159805,1.647299,4.786037,3.032886,2.709959,1.257115,4.53209,2.561285,3.609652,1.284447,6.507133,3.337841,0.97668,0.964607,0.983033,0.976672,0.976451,0.96439,0.986708,0.976432,0.950904,0.877934,0.975872,0.950667,0.966195,0.948667,0.974646,0.96618,0.978408,0.971491,0.983508,0.978404,0.9857,0.981837,0.988624,0.985699,0.024084,0.003639,0.061396,0.023866,1.877555,0.0,18.0,0.130411,2.011682,0.0,18.0,0.139784,6.552778,0.0,18.0,0.604396
Stockholm_640x360_5994,20,10,320,180,623.495,96.984033,95.288235,98.911163,96.978999,0.005973,0.0,0.019931,0.00594,0.0,0.0,0.0,0.0,0.0,0.0,0.0,0.0,0.0,0.0,0.0,0.0,0.983821,0.978529,0.989801,0.983818,0.987672,0.983823,0.992292,0.98767,0.950087,0.929605,0.979798,0.950025,0.975416,0.967806,0.98579,0.975409,0.986403,0.98183,0.990475,0.986402,0.992591,0.989378,0.995276,0.99259,0.003344,0.001894,0.004539,0.003344,1.934013,0.0,2.194027,1.894941,1.947636,1.65354,2.194027,1.936737,1.944145,0.0,2.220968,1.904483
Stockholm_640x360_5994,51,10,320,180,108.228,91.735291,89.88678,94.053086,91.728325,0.096029,0.045066,0.157824,0.095412,0.0,0.0,0.0,0.0,0.0,0.0,0.0,0.0,0.0,0.0,0.0,0.0,0.967274,0.961651,0.975091,0.967271,0.97456,0.969971,0.980662,0.974558,0.918287,0.900183,0.95407,0.918231,0.950208,0.937847,0.961544,0.950199,0.969952,0.962977,0.976153,0.969949,0.982158,0.977455,0.987076,0.982156,0.008441,0.005444,0.011993,0.008439,1.934013,0.0,2.194027,1.894941,1.947636,1.65354,2.194027,1.936737,1.944145,0.0,2.220968,1.904483
Tango_3840x2160_5994fps_10bit_420,20,10,1920,1080,16544.831,97.451938,94.87169,100.0,97.433637,0.087611,0.009527,0.312528,0.085068,1.539675,0.6765,2.050658,1.510617,1.873278,0.861517,2.587451,1.837074,1.206072,0.491483,1.830181,1.174301,0.978409,0.970904,0.989493,0.978398,0.97997,0.973623,0.989574,0.979961,0.974529,0.967268,0.985588,0.974523,0.954174,0.938269,0.979733,0.954124,0.971579,0.960338,0.987201,0.971556,0.988004,0.981424,0.995436,0.987999,0.016387,0.007216,0.024748,0.016374,6.063557,0.0,8.648285,5.668479,6.122322,4.430674,8.648285,5.985324,6.130911,0.0,8.757338,5.725976
Tango_3840x2160_5994fps_10bit_420,51,10,1920,1080,2079.456,78.336374,71.951772,89.1962,78.183989,0.287936,0.17591,0.574967,0.280968,7.764426,5.189672,10.3426,7.641882,9.354464,6.567133,13.567115,9.203516,6.174387,3.812211,8.280961,6.014198,0.927544,0.903679,0.959533,0.927476,0.93201,0.910568,0.963498,0.931948,0.954177,0.943054,0.96523,0.954165,0.883762,0.852255,0.926108,0.883611,0.902461,0.865342,0.948223,0.902301,0.944497,0.922984,0.971557,0.944447,0.057568,0.026482,0.079845,0.057447,6.063557,0.0,8.648285,5.668479,6.122322,4.430674,8.648285,5.985324,6.130911,0.0,8.757338,5.725976
TimeLapse_3840x2160_5994fps_10bit_420,20,10,1920,1080,12759.998,95.714683,93.950651,97.74441,95.709544,0.000274,0.0,0.001636,0.000274,2.408331,1.312968,3.152068,2.368965,2.283887,1.058739,3.043771,2.242641,2.532776,1.393126,3.553799,2.485966,0.988676,0.980959,0.992187,0.988674,0.988672,0.982987,0.993418,0.98867,0.984472,0.975837,0.987366,0.984471,0.978922,0.966563,0.984728,0.978919,0.986769,0.977482,0.991325,0.986767,0.992995,0.987546,0.995647,0.992994,0.011338,0.003708,0.020853,0.011328,0.984261,0.0,1.387035,0.953811,0.991164,0.634325,1.387035,0.967799,1.002953,0.0,1.480248,0.971835
TimeLapse_3840x2160_5994fps_10bit_420,51,10,1920,1080,1154.361,83.408904,81.558963,88.778453,83.387824,0.000511,2.4e-05,0.001595,0.000511,10.082561,7.07128,12.059481,9.974551,9.509707,6.290269,11.550659,9.38874,10.655416,7.499184,14.160491,10.494709,0.971445,0.96695,0.977607,0.971442,0.970352,0.964484,0.979927,0.970349,0.968883,0.962186,0.974387,0.968874,0.951434,0.943126,0.958693,0.951423,0.965673,0.958909,0.974108,0.965668,0.980153,0.975228,0.986105,0.980151,0.032197,0.014659,0.050395,0.032156,0.984261,0.0,1.387035,0.953811,0.991164,0.634325,1.387035,0.967799,1.002953,0.0,1.480248,0.971835
ToddlerFountain_1920x1080_2997fps_10bit_420,20,10,960,540,23255.104,99.232093,96.85098,100.0,99.223427,0.016794,0.000349,0.069201,0.016639,2.967048,1.132636,4.377584,2.84114,2.808279,1.065218,4.939379,2.650258,3.125817,1.200053,5.110459,2.967291,0.979917,0.971694,0.991653,0.979893,0.983437,0.974608,0.993096,0.983422,0.96302,0.953159,0.984197,0.962981,0.96476,0.949775,0.985967,0.964702,0.97772,0.967443,0.991351,0.977686,0.988149,0.981677,0.994654,0.988137,0.008351,0.003536,0.018638,0.008344,10.887219,0.0,12.434768,9.984192,10.974505,9.305621,12.434768,10.908928,10.945164,0.0,12.550145,10.033427
ToddlerFountain_1920x1080_2997fps_10bit_420,51,10,960,540,2078.625,70.980266,62.232457,87.065102,70.57625,0.071727,0.03442,0.182691,0.071063,14.914562,9.741892,20.563202,14.609274,13.782945,7.96167,21.120483,13.446309,16.046178,8.244658,24.070259,15.448981,0.903709,0.880479,0.948993,0.903532,0.913627,0.891176,0.95644,0.913457,0.854356,0.835995,0.909645,0.854244,0.819241,0.780024,0.902767,0.818685,0.889219,0.853598,0.943253,0.888907,0.943113,0.922433,0.971445,0.943029,0.063233,0.026182,0.094581,0.062933,10.887219,0.0,12.434768,9.984192,10.974505,9.305621,12.434768,10.908928,10.945164,0.0,12.550145,10.033427
TouchdownPass_640x360_2997,20,10,320,180,549.313,96.705381,94.537278,99.896227,96.694183,2e-05,0.0,0.002637,2e-05,0.0,0.0,0.0,0.0,0.0,0.0,0.0,0.0,0.0,0.0,0.0,0.0,0.98484,0.978363,0.991792,0.984834,0.988539,0.98351,0.993884,0.988536,0.96683,0.944159,0.986128,0.966784,0.974443,0.958938,0.987456,0.974426,0.985613,0.979463,0.992113,0.985608,0.991425,0.985789,0.995781,0.991422,0.00283,0.001133,0.007788,0.002828,1.028879,0.0,3.107085,0.909643,1.035246,0.396736,3.107085,0.922432,1.137613,0.0,3.107085,1.009497
TouchdownPass_640x360_2997,51,10,320,180,68.95,85.213796,69.062729,93.414661,84.983064,0.044986,0.00445,0.244806,0.042885,0.0,0.0,0.0,0.0,0.0,0.0,0.0,0.0,0.0,0.0,0.0,0.0,0.949591,0.896596,0.971958,0.949492,0.959479,0.9143,0.977628,0.959411,0.903608,0.834999,0.950335,0.903325,0.916518,0.81032,0.957165,0.916085,0.950625,0.876511,0.973111,0.950482,0.968965,0.939475,0.984172,0.968931,0.017447,0.009142,0.05425,0.017386,1.028879,0.0,3.107085,0.909643,1.035246,0.396736,3.107085,0.922432,1.137613,0.0,3.107085,1.009497
TreesAndGrass_1920_1080_30fps_8bit,20,10,960,540,19876.741,99.97154,97.638611,100.0,99.971058,5e-06,0.0,8.5e-05,5e-06,1.621959,0.82652,2.788296,1.558836,1.281633,0.512389,2.157125,1.229374,1.962284,0.832076,3.952852,1.830479,0.983992,0.976884,0.993942,0.983982,0.987197,0.981554,0.995402,0.98719,0.952937,0.926976,0.986396,0.952798,0.96829,0.954683,0.9892,0.968247,0.984253,0.975859,0.993728,0.984243,0.993273,0.989935,0.997155,0.993272,0.005327,0.001192,0.0087,0.005324,15.694315,0.0,18.0,12.997244,15.832776,4.671424,18.0,14.587204,16.018596,0.0,18.0,13.451985
TreesAndGrass_1920_1080_30fps_8bit,51,10,960,540,2159.066,91.547038,81.272551,100.0,91.399067,0.003816,0.0,0.088991,0.003642,7.212485,3.296809,14.572222,6.61686,5.927652,1.753834,15.270351,5.235823,8.497319,3.899651,16.741539,7.69842,0.944405,0.91368,0.971159,0.94433,0.953889,0.929226,0.976206,0.953832,0.851974,0.800726,0.926575,0.851642,0.895823,0.849581,0.94743,0.895601,0.947014,0.914792,0.972417,0.946944,0.972025,0.955464,0.987103,0.972004,0.023983,0.008568,0.048361,0.023912,15.694315,0.0,18.0,12.997244,15.832776,4.671424,18.0,14.587204,16.018596,0.0,18.0,13.451985
TunnelFlag_1920x1080_5994_10bit_420,20,10,960,540,19597.599,100.0,100.0,100.0,100.0,0.001406,0.0,0.029997,0.001385,2.014284,0.871771,3.472706,1.955132,2.216222,0.734935,4.059904,2.119268,1.812346,0.855236,2.925401,1.746035,0.987228,0.981909,0.994191,0.98722,0.989795,0.985605,0.995484,0.98979,0.960719,0.944613,0.987178,0.960637,0.970878,0.957495,0.989885,0.970828,0.986999,0.981595,0.994216,0.986991,0.994235,0.991779,0.996984,0.994234,0.004214,0.001499,0.00582,0.004213,17.861538,0.0,18.0,15.689189,18.0,18.0,18.0,18.00000000000003,17.861538,0.0,18.0,15.689189
TunnelFlag_1920x1080_5994_10bit_420,51,10,960,540,2594.704,94.302876,89.769163,99.292159,94.266203,0.001321,0.000406,0.007716,0.00132,9.371504,5.013597,14.168134,9.060604,10.092085,5.264637,15.677724,9.763405,8.650923,4.050934,14.226327,8.143337,0.956559,0.945585,0.972289,0.956538,0.966068,0.957561,0.978548,0.966056,0.896573,0.874134,0.93209,0.896502,0.911404,0.88873,0.944455,0.911328,0.955961,0.94123,0.973502,0.955936,0.974429,0.966879,0.985991,0.97442,0.011744,0.006589,0.018912,0.01174,17.861538,0.0,18.0,15.689189,18.0,18.0,18.0,18.00000000000003,17.861538,0.0,18.0,15.689189
Vertical_Bayshore_270x480_2997,20,10,180,320,861.562,97.352306,94.746766,100.0,97.323449,0.07093,0.0,0.265637,0.067086,0.0,0.0,0.0,0.0,0.0,0.0,0.0,0.0,0.0,0.0,0.0,0.0,0.983427,0.975411,0.993169,0.98342,0.986207,0.979426,0.994332,0.986203,0.967051,0.950402,0.986254,0.967014,0.971492,0.948179,0.987143,0.971466,0.98235,0.9694,0.992943,0.982339,0.99035,0.985124,0.996962,0.990347,0.007306,0.00222,0.011205,0.007302,3.5262,0.0,6.451689,3.035691,3.54036,1.840724,6.451689,3.118538,3.598614,0.0,6.502693,3.084578
Vertical_Bayshore_270x480_2997,51,10,180,320,69.32,84.806005,76.713026,93.92679,84.702905,0.215113,0.006652,0.985483,0.191279,0.0,0.0,0.0,0.0,0.0,0.0,0.0,0.0,0.0,0.0,0.0,0.0,0.947341,0.918253,0.969094,0.947297,0.954289,0.932907,0.973367,0.954262,0.92258,0.88983,0.953354,0.922498,0.915463,0.855231,0.953891,0.915188,0.943746,0.882304,0.967751,0.943634,0.962128,0.940189,0.981592,0.962094,0.029498,0.012557,0.047528,0.029453,3.5262,0.0,6.451689,3.035691,3.54036,1.840724,6.451689,3.118538,3.598614,0.0,6.502693,3.084578
Vertical_Carnaby_1080x1920_5994,20,10,540,960,8509.97,98.302839,92.815783,100.0,98.253909,1.378781,0.147533,6.212282,0.941854,1.39108,0.56037,2.381264,1.323122,1.421536,0.513027,2.78988,1.319664,1.360624,0.577162,2.630446,1.29253,0.98454,0.974649,0.992536,0.984533,0.98599,0.977288,0.993445,0.985985,0.976449,0.962999,0.99019,0.97643,0.960195,0.937127,0.984446,0.960125,0.980662,0.966965,0.991691,0.980649,0.992015,0.983256,0.995348,0.992013,0.010625,0.003495,0.01816,0.010616,7.50145,0.0,14.667208,5.991459,7.55911,2.484314,14.667208,6.33973,7.757545,0.0,18.0,6.181627
Vertical_Carnaby_1080x1920_5994,51,10,540,960,1119.197,82.126882,70.987593,93.593896,81.793805,1.85171,0.270406,6.085142,1.171051,6.182158,3.184242,10.701597,5.947218,6.099342,2.405309,9.311275,5.819379,6.264974,3.215953,13.007136,5.903713,0.932416,0.906816,0.963719,0.932325,0.941136,0.918492,0.969984,0.941065,0.943954,0.912561,0.969352,0.943876,0.85983,0.819886,0.907285,0.859601,0.91311,0.871993,0.95642,0.912911,0.952974,0.927501,0.976868,0.952902,0.038518,0.015398,0.066753,0.038426,7.50145,0.0,14.667208,5.991459,7.55911,2.484314,14.667208,6.33973,7.757545,0.0,18.0,6.181627
Vertical_bees_1080x1920_2997,20,10,540,960,2284.14,97.923742,96.184024,100.0,97.91294,0.091723,0.000881,0.205826,0.090337,0.859206,0.411134,1.710458,0.834466,1.200783,0.507033,2.141226,1.162327,0.51763,0.230548,2.097981,0.462783,0.983427,0.977589,0.991273,0.983423,0.986472,0.981645,0.993113,0.986469,0.957569,0.936927,0.983309,0.95752,0.970561,0.95535,0.985204,0.970546,0.984775,0.97975,0.991979,0.984771,0.990881,0.985823,0.994803,0.990879,0.006425,0.001897,0.010912,0.006421,3.040098,0.0,5.803718,2.614928,3.061443,0.735356,5.803718,2.690362,3.36094,0.0,6.743031,2.902216
Vertical_bees_1080x1920_2997,51,10,540,960,369.981,91.667436,87.930758,96.084814,91.642864,0.272363,0.000664,0.733855,0.258971,2.616198,1.841731,4.069679,2.567828,3.552578,1.630988,5.591578,3.455816,1.679818,0.746546,5.935446,1.459227,0.966036,0.954869,0.978558,0.966025,0.97055,0.958388,0.982241,0.97054,0.936635,0.914123,0.963001,0.936588,0.94689,0.930124,0.963658,0.946867,0.968542,0.95482,0.98099,0.968533,0.975195,0.964099,0.985859,0.975186,0.018916,0.006446,0.033953,0.018889,3.040098,0.0,5.803718,2.614928,3.061443,0.735356,5.803718,2.690362,3.36094,0.0,6.743031,2.902216
Vidyo3_1280x720p_60fps,20,10,640,360,1452.716,96.074425,94.828577,98.194082,96.071127,0.606582,0.489432,0.820064,0.603993,1.63811,0.887745,2.715966,1.599009,1.667583,0.659497,2.866455,1.57233,1.608636,0.712276,3.261945,1.547666,0.986553,0.982646,0.991276,0.986551,0.989345,0.986295,0.993033,0.989344,0.976157,0.965047,0.986088,0.976145,0.975437,0.966021,0.985131,0.975426,0.985595,0.97962,0.990524,0.985593,0.99307,0.990289,0.995245,0.99307,0.00414,0.002867,0.005637,0.004139,0.784,0.0,1.661914,0.730147,0.797043,0.287373,1.695511,0.744753,0.805565,0.0,1.695511,0.749853
Vidyo3_1280x720p_60fps,51,10,640,360,242.817,85.757496,81.945909,89.075158,85.733609,0.973343,0.771433,1.116238,0.970559,6.46293,5.356512,8.423315,6.398571,5.739045,3.402594,8.358112,5.583637,7.186815,4.35612,10.570624,6.973953,0.962948,0.951271,0.972039,0.962938,0.969909,0.959883,0.977287,0.969903,0.941768,0.930397,0.959158,0.941752,0.931085,0.909729,0.951358,0.931046,0.959854,0.946939,0.971398,0.959841,0.979951,0.971165,0.98497,0.979946,0.013848,0.007665,0.022692,0.013843,0.784,0.0,1.661914,0.730147,0.797043,0.287373,1.695511,0.744753,0.805565,0.0,1.695511,0.749853
Vidyo4_1280x720p_60fps,20,10,640,360,1427.28,97.111868,95.803098,98.572303,97.107978,0.562678,0.382626,0.660764,0.560273,1.470413,0.790558,2.24778,1.429077,1.422303,0.479089,2.789981,1.346575,1.518523,0.628717,2.815521,1.450759,0.989474,0.986252,0.993253,0.989473,0.991379,0.989013,0.994374,0.991378,0.980444,0.971077,0.989134,0.980435,0.978149,0.970426,0.986697,0.978141,0.988449,0.984081,0.99323,0.988447,0.993961,0.99186,0.996077,0.993961,0.004177,0.002595,0.008709,0.004176,1.185869,0.0,2.106208,1.08772,1.192923,0.503538,2.106208,1.103882,1.2092,0.0,2.149948,1.109025
Vidyo4_1280x720p_60fps,51,10,640,360,249.833,90.769854,87.773384,94.494262,90.75168,0.749921,0.601359,1.120471,0.745912,4.236925,2.35275,6.656899,4.069247,5.05477,2.391544,8.414371,4.731139,3.419079,1.50989,6.648535,3.20097,0.975384,0.968401,0.983709,0.975379,0.978721,0.973249,0.985408,0.978717,0.964543,0.951986,0.977175,0.964526,0.951737,0.938415,0.967471,0.951715,0.972406,0.962412,0.982795,0.972396,0.98398,0.977908,0.989055,0.983978,0.013495,0.007939,0.021245,0.013488,1.185869,0.0,2.106208,1.08772,1.192923,0.503538,2.106208,1.103882,1.2092,0.0,2.149948,1.109025
WITCHER3_1920x1080_60_8bit_420,20,10,960,540,11631.517,94.593957,89.723481,99.754004,94.546408,0.575281,0.129265,1.450902,0.529202,2.79502,1.24839,5.896072,2.612111,2.877895,0.81644,6.905326,2.59191,2.712145,1.136315,7.136781,2.504499,0.98047,0.965693,0.991936,0.980454,0.980432,0.965901,0.992678,0.980417,0.984029,0.978314,0.98967,0.984025,0.968258,0.948152,0.987072,0.968221,0.973485,0.947652,0.990407,0.973445,0.98792,0.978217,0.99546,0.987912,0.019657,0.005591,0.034251,0.019622,3.850669,0.0,7.553351,3.085509,3.873472,0.117357,7.553351,3.183828,4.073892,0.0,7.731159,3.357806
WITCHER3_1920x1080_60_8bit_420,51,10,960,540,612.24,69.541189,49.5136,82.874117,68.990299,3.955642,1.729699,7.432139,3.690238,11.039729,6.123871,22.346125,10.34769,11.071094,5.369567,30.524912,9.854169,11.008364,5.399854,25.647327,10.175103,0.926001,0.88569,0.959501,0.925873,0.926055,0.879809,0.959467,0.925925,0.962512,0.938397,0.976699,0.962489,0.899361,0.861582,0.938326,0.899218,0.894551,0.831306,0.947605,0.894204,0.94097,0.895841,0.973552,0.940823,0.073819,0.032584,0.133914,0.073468,3.850669,0.0,7.553351,3.085509,3.873472,0.117357,7.553351,3.183828,4.073892,0.0,7.731159,3.357806
WalkingInStreet_1920x1080_30fps,20,10,540,960,14535.987,99.862143,97.756636,100.0,99.860453,8e-06,0.0,0.000715,8e-06,1.63214,0.739213,2.819285,1.565524,1.254373,0.485124,2.47626,1.197387,2.009908,0.667899,3.874066,1.891964,0.981929,0.974775,0.993392,0.981918,0.985054,0.979476,0.994982,0.985048,0.955998,0.937541,0.985021,0.955924,0.960895,0.941625,0.987789,0.960826,0.980538,0.971936,0.99271,0.980525,0.991792,0.989106,0.996323,0.991791,0.007654,0.001307,0.012044,0.00765,13.71926,0.0,18.0,11.433529,13.857722,6.560138,18.0,12.672365,14.610907,0.0,18.0,12.282774
WalkingInStreet_1920x1080_30fps,51,10,540,960,1434.22,88.155003,80.421402,99.038716,88.042276,0.011642,0.000529,0.057504,0.011529,6.898191,4.66082,11.01249,6.698078,5.355326,1.994472,8.562747,5.089921,8.441055,4.17658,15.223812,8.047219,0.932649,0.909039,0.964985,0.932578,0.945014,0.924927,0.971975,0.944964,0.887728,0.860679,0.925102,0.887655,0.871716,0.828888,0.934081,0.871476,0.923132,0.888981,0.961755,0.923023,0.959728,0.940115,0.979972,0.959694,0.026134,0.011715,0.04103,0.026097,13.71926,0.0,18.0,11.433529,13.857722,6.560138,18.0,12.672365,14.610907,0.0,18.0,12.282774
WestWindEasy_1280x720p30_420,20,10,640,360,5765.282,99.64893,96.730199,100.0,99.644894,0.020505,0.0,0.109676,0.019752,2.713921,0.956612,5.959317,2.555345,2.353496,0.823814,5.244529,2.158169,3.074346,0.994316,7.603228,2.834788,0.987959,0.983733,0.993643,0.987957,0.990041,0.986534,0.99522,0.990039,0.95971,0.943393,0.987339,0.959652,0.985707,0.979229,0.992088,0.985702,0.991476,0.987912,0.994432,0.991475,0.993196,0.99084,0.995622,0.993195,0.005103,0.001099,0.008614,0.0051,7.657557,0.0,9.545242,7.153654,7.717582,6.191117,9.545242,7.633647,7.805392,0.0,9.667833,7.284766
WestWindEasy_1280x720p30_420,51,10,640,360,519.772,81.785762,72.060438,90.499771,81.625818,0.030561,3.1e-05,0.153114,0.029482,14.707793,8.890341,24.620441,14.136485,14.58035,6.872234,27.474346,13.764907,14.835236,7.707833,22.301186,14.201488,0.963232,0.95037,0.975628,0.96321,0.961705,0.948012,0.978257,0.961671,0.9312,0.911937,0.961795,0.931131,0.961193,0.947739,0.973402,0.961178,0.971823,0.954598,0.981864,0.97181,0.965572,0.945995,0.981344,0.965534,0.041856,0.014043,0.067565,0.041677,7.657557,0.0,9.545242,7.153654,7.717582,6.191117,9.545242,7.633647,7.805392,0.0,9.667833,7.284766
Wikipedia_1920x1080p30,20,10,960,540,2592.729,98.992141,95.609469,100.0,98.980003,0.183009,0.129959,0.233483,0.182393,1.238363,0.4652,2.233085,1.132593,1.051875,0.366885,2.296352,0.952269,1.424851,0.497614,3.140872,1.28197,0.993743,0.9842,0.997069,0.993738,0.993328,0.983768,0.997537,0.993323,0.988707,0.953298,0.995983,0.988664,0.99024,0.974669,0.995362,0.990229,0.993964,0.985835,0.996891,0.993961,0.996355,0.992753,0.998175,0.996354,0.007639,0.00137,0.017846,0.007624,3.730625,0.0,13.224415,0.801013,3.730625,0.0,13.224415,0.801013,4.494836,0.0,13.323119,1.009725
Wikipedia_1920x1080p30,51,10,960,540,421.355,92.131659,84.739035,97.132684,92.055896,0.471778,0.362627,0.539314,0.471041,4.339244,2.006272,8.649981,3.924571,4.247678,1.057052,12.254017,3.741128,4.430811,1.998745,8.192618,3.981807,0.976458,0.948747,0.98673,0.976423,0.976979,0.949058,0.989235,0.976933,0.960234,0.893841,0.981419,0.959992,0.964678,0.915816,0.979159,0.964595,0.976754,0.947274,0.985983,0.976724,0.985392,0.971898,0.991751,0.985379,0.021805,0.004921,0.050217,0.02164,3.730625,0.0,13.224415,0.801013,3.730625,0.0,13.224415,0.801013,4.494836,0.0,13.323119,1.009725
WorldCup_1920x1080_30p,20,10,960,540,5054.496,98.788958,96.543446,100.0,98.778178,0.377298,0.00787,1.688633,0.324999,1.362461,0.721622,2.156627,1.327988,1.279514,0.480191,2.300916,1.236379,1.445409,0.640381,2.567363,1.381103,0.985705,0.978774,0.994926,0.985697,0.987029,0.981544,0.995251,0.987022,0.966075,0.945119,0.990287,0.966016,0.966598,0.947918,0.990393,0.966537,0.983378,0.97468,0.994137,0.983366,0.993555,0.990126,0.996802,0.993554,0.009883,0.003487,0.015914,0.009876,5.391853,0.0,10.693471,4.949719,5.448287,3.448261,10.693471,5.199413,6.12165,0.0,12.220667,5.523616
WorldCup_1920x1080_30p,51,10,960,540,612.595,85.690121,80.20568,94.981656,85.597801,0.588568,0.103798,1.463354,0.534384,5.706667,3.579572,8.532066,5.580219,5.17121,2.765671,8.555235,4.957176,6.242124,2.928506,10.668209,6.031079,0.94978,0.933562,0.975699,0.949733,0.95441,0.941471,0.978453,0.95437,0.915716,0.883195,0.960152,0.915592,0.897173,0.862454,0.953022,0.896975,0.940257,0.916364,0.970657,0.940179,0.970146,0.959675,0.98462,0.970126,0.034785,0.01512,0.051599,0.034721,5.391853,0.0,10.693471,4.949719,5.448287,3.448261,10.693471,5.199413,6.12165,0.0,12.220667,5.523616
WorldCup_far_1920x1080_30p,20,10,960,540,7372.861,99.33798,96.38534,100.0,99.327985,0.000408,0.0,0.008735,0.000407,1.160091,0.56566,1.750892,1.131667,1.088517,0.54133,1.837564,1.051677,1.231665,0.561788,1.991113,1.180365,0.982292,0.975098,0.992414,0.982284,0.98607,0.980806,0.994309,0.986065,0.952846,0.92896,0.982967,0.952761,0.965558,0.946127,0.986797,0.965523,0.982353,0.975519,0.992592,0.982345,0.991376,0.987654,0.995391,0.991374,0.005115,0.00127,0.008518,0.005113,7.220655,0.0,15.584811,5.948369,7.295949,2.596012,15.584811,6.302501,8.776043,0.0,18.0,7.119587
WorldCup_far_1920x1080_30p,51,10,960,540,906.816,91.123468,85.54319,97.959679,91.042702,0.001428,0.0,0.030055,0.001412,3.438326,2.180597,6.023456,3.350858,3.057529,1.830431,4.752133,2.952957,3.819122,1.625145,7.294779,3.633508,0.952109,0.940207,0.970481,0.952086,0.960388,0.949926,0.977104,0.96037,0.904626,0.875088,0.936772,0.904511,0.912868,0.884447,0.944157,0.912791,0.949679,0.934376,0.970725,0.949652,0.971445,0.962974,0.983396,0.971436,0.020294,0.00744,0.032457,0.020271,7.220655,0.0,15.584811,5.948369,7.295949,2.596012,15.584811,6.302501,8.776043,0.0,18.0,7.119587
