source,era,preset,crf,why,stored_v061,fresh_v061,stored_v1,fresh_v1,stored_v1_hfr,fresh_v1_hfr,stored_kbps,fresh_kbps,d_v061,d_v1,d_v1_hfr,d_kbps_pct
BlueSky_360p25,old47,1,46,per_source,97.40551,97.40551,96.657468,96.657468,99.131854,99.131854,274.197,274.197,0.0,0.0,0.0,-0.0
ControlledBurn_1280x720p30_420,old47,10,52,per_source,71.353453,71.353453,72.806809,72.806809,73.967418,73.967418,653.788,653.788,0.0,0.0,0.0,-0.0
BoxingPractice_3840x2160_5994fps_10bit_420,old47,4,28,per_source,99.955002,99.955002,97.575917,97.575917,99.871055,99.871055,11546.438,11546.438,0.0,0.0,0.0,0.0
Crosswalk_3840x2160_5994fps_10bit_420,old47,5,28,per_source,93.300444,93.300444,90.892769,90.892769,93.308692,93.308692,10933.725,10933.725,0.0,0.0,0.0,0.0
CrowdRun_1920x1080p50,old47,1,50,per_source,85.882413,85.882413,88.723634,88.723634,91.612186,91.612186,9608.717,9608.717,0.0,0.0,0.0,-0.0
DOTA2_1920x1080_60_8bit_420,old47,9,53,per_source,73.806299,73.806299,79.61218,79.61218,83.227626,83.227626,2962.512,2962.512,0.0,0.0,0.0,-0.0
Debugging_1920x1080_30fps_8bit_420,old47,8,60,per_source,92.545782,92.545782,91.537018,91.537018,91.770685,91.770685,355.135,355.135,0.0,0.0,0.0,0.0001
DrivingPOV_1280x720p_5994_10bit_420,old47,6,50,per_source,92.573321,92.573321,91.79781,91.79781,93.562333,93.562333,1600.994,1600.994,0.0,0.0,0.0,-0.0
EuroTruckSimulator2_1920x1080p60,old47,5,50,per_source,86.577594,86.577594,88.52412,88.52412,89.799652,89.799652,6326.152,6326.152,0.0,0.0,0.0,-0.0
FoodMarket2_3840x2160_5994fps_10bit_420,old47,5,48,per_source,98.776772,98.776772,96.670149,96.670149,98.132631,98.132631,7990.28,7990.28,0.0,0.0,0.0,0.0
GlassHalf_1920x1080p_24p_8bit_420,old47,5,50,per_source,92.048102,92.048102,87.148981,87.148981,88.72355,88.72355,1720.391,1720.391,0.0,0.0,0.0,-0.0
Johnny_1280x720_60,old47,8,42,per_source,94.237989,94.237989,88.92678,88.92678,89.058933,89.058933,603.378,603.378,0.0,0.0,0.0,0.0001
KristenAndSara_1280x720_60,old47,5,27,per_source,96.609299,96.609299,92.325769,92.325769,92.522229,92.522229,1438.021,1438.021,0.0,0.0,0.0,-0.0
MINECRAFT_1080p_60_8bit,old47,2,24,per_source,99.755285,99.755285,99.733181,99.733181,99.886169,99.886169,69824.614,69824.614,0.0,0.0,0.0,0.0
MeridianTalk_sdr_1920x1080p_5994_10bit,old47,2,52,per_source,85.808988,85.808988,87.061896,87.061896,87.296594,87.296594,427.537,427.537,0.0,0.0,0.0,-0.0
MissionControlClip3_1920x1080_60_420,old47,9,30,per_source,97.084283,97.084283,97.465884,97.465884,97.676998,97.676998,4826.248,4826.248,0.0,0.0,0.0,-0.0
MountainBike_1920x1080_30fps_8bit,old47,2,24,per_source,99.881723,99.881723,99.934877,99.934877,100.0,100.0,54562.998,54562.998,0.0,0.0,0.0,0.0
Neon1224_3840x2160_2997fps,old47,8,20,per_source,99.961782,99.961782,99.999447,99.999447,100.0,100.0,75058.223,75058.223,0.0,0.0,0.0,-0.0
NocturneDance_3840x2160p_10bit_60fps,old47,3,41,per_source,75.658899,75.658899,76.642082,76.642082,77.309432,77.309432,17269.615,17269.615,0.0,0.0,0.0,-0.0
OldTownCross_1920x1080p50,old47,6,60,per_source,85.714797,85.714797,86.174679,86.174679,87.251705,87.251705,623.942,623.942,0.0,0.0,0.0,-0.0001
ParkJoy_480x270_50,old47,2,40,per_source,93.96805,93.96805,92.370837,92.370837,95.035657,95.035657,1616.542,1616.542,0.0,0.0,0.0,-0.0
PedestrianArea_1920x1080p25,old47,1,34,per_source,97.651308,97.651308,93.318903,93.318903,95.719575,95.719575,1934.849,1934.849,0.0,0.0,0.0,0.0
PierSeaSide_3840x2160_2997fps_10bit_420_v2,old47,2,30,per_source,99.243918,99.243918,98.400752,98.400752,99.37488,99.37488,6150.008,6150.008,0.0,0.0,0.0,0.0
RedKayak_360_2997,old47,7,48,per_source,70.909216,70.909216,66.291745,66.291745,68.859164,68.859164,1267.081,1267.081,0.0,0.0,0.0,0.0
RitualDance_1920x1080_5994_10bit_420,old47,4,43,per_source,90.174886,90.174886,87.718592,87.718592,89.353232,89.353232,3525.83,3525.83,0.0,0.0,0.0,-0.0
Riverbed_1920x1080p25,old47,4,20,per_source,99.948835,99.948835,100.0,100.0,100.0,100.0,26863.242,26863.242,0.0,0.0,0.0,-0.0
RollerCoaster_1280x720p_5994_10bit_420,old47,6,39,per_source,97.332237,97.332237,95.701848,95.701848,97.631401,97.631401,2819.4,2819.4,0.0,0.0,0.0,0.0
RushFieldCuts_1920x1080_2997,old47,4,41,per_source,88.237036,88.237036,88.943753,88.943753,90.332045,90.332045,4923.613,4923.613,0.0,0.0,0.0,-0.0
Slides1_1920x1080_30fps_8bit_420,old47,6,29,per_source,97.424343,97.424343,98.203758,98.203758,98.55835,98.55835,2362.252,2362.252,0.0,0.0,0.0,-0.0
SnowMountain_640x360_2997,old47,10,30,per_source,94.733457,94.733457,89.863711,89.863711,89.92896,89.92896,402.183,402.183,0.0,0.0,0.0,0.0
SolLevanteFace_sdr_1920x1080_24_10bit,old47,4,34,per_source,86.552238,86.552238,85.275012,85.275012,86.273057,86.273057,8411.048,8411.048,0.0,0.0,0.0,0.0
SparksElevator_480x270p_5994_10bit,old47,1,54,per_source,80.944535,80.944535,83.953473,83.953473,84.791149,84.791149,292.187,292.187,0.0,0.0,0.0,-0.0001
SpeedBag_640x360_2997,old47,8,28,per_source,96.766167,96.766167,96.263804,96.263804,97.042415,97.042415,347.151,347.151,0.0,0.0,0.0,-0.0001
Spreadsheet_1920x1080_30fps_8bit_420_130f,old47,7,20,per_source,97.364542,97.364542,99.472592,99.472592,99.808694,99.808694,4593.329,4593.329,0.0,0.0,0.0,-0.0
Stockholm_640x360_5994,old47,8,20,per_source,99.829201,99.829201,98.786406,98.786406,99.984928,99.984928,2358.481,2358.481,0.0,0.0,0.0,0.0
Tango_3840x2160_5994fps_10bit_420,old47,2,47,per_source,84.0841,84.0841,85.53336,85.53336,88.295356,88.295356,4761.801,4761.801,0.0,0.0,0.0,0.0
TimeLapse_3840x2160_5994fps_10bit_420,old47,5,32,per_source,93.49621,93.49621,92.285474,92.285474,92.618831,92.618831,15720.2,15720.196,0.0,0.0,0.0,-0.0
ToddlerFountain_1920x1080_2997fps_10bit_420,old47,9,49,per_source,72.371173,72.371173,70.240679,70.240679,71.971054,71.971054,6909.43,6909.43,0.0,0.0,0.0,0.0
TouchdownPass_640x360_2997,old47,6,49,per_source,88.3828,88.3828,87.82891,87.82891,88.446925,88.446925,221.002,221.002,0.0,0.0,0.0,-0.0001
TreesAndGrass_1920_1080_30fps_8bit,old47,9,39,per_source,99.495677,99.495677,97.134803,97.134803,97.459369,97.459369,26217.255,26217.255,0.0,0.0,0.0,-0.0
Vertical_bees_1080x1920_2997,old47,2,27,per_source,98.639481,98.639481,98.737014,98.737014,99.580552,99.580552,3067.098,3067.098,0.0,0.0,0.0,-0.0
Vidyo3_1280x720p_60fps,old47,9,39,per_source,90.816981,90.816981,89.613926,89.613926,90.175746,90.175746,988.194,988.194,0.0,0.0,0.0,0.0
Vidyo4_1280x720p_60fps,old47,6,29,per_source,96.10241,96.10241,95.1744,95.1744,95.83324,95.83324,2081.808,2081.808,0.0,0.0,0.0,-0.0
WITCHER3_1920x1080_60_8bit_420,old47,10,54,per_source,62.072618,62.072618,69.320937,69.320937,69.909386,69.909386,1352.134,1352.134,0.0,0.0,0.0,-0.0
WalkingInStreet_1920x1080_30fps,old47,10,56,per_source,73.771568,73.771568,76.333663,76.333663,77.546845,77.546845,2195.169,2195.169,0.0,0.0,0.0,0.0
WestWindEasy_1280x720p30_420,old47,10,33,per_source,99.953085,99.953085,96.396219,96.396219,98.687578,98.687578,6847.596,6847.596,0.0,0.0,0.0,-0.0
Wikipedia_1920x1080p30,old47,9,38,per_source,98.407659,98.407659,98.301159,98.301159,98.673007,98.673007,1236.43,1236.43,0.0,0.0,0.0,0.0
Aerial3200_1920x1080_5994_10bit_420,new26,2,39,per_source,96.80509,96.80509,95.798016,95.798016,97.190239,97.190239,4607.813,4607.813,0.0,0.0,0.0,-0.0
BigBuckBunnyStudio1_1920x1080_60fps_10bit_420_020_0149,new26,2,38,per_source,96.311848,96.311848,97.608493,97.608493,98.715183,98.715183,1951.613,1951.613,0.0,0.0,0.0,0.0
BlueSky_360p25_v2,new26,2,34,per_source,99.964316,99.964316,99.808545,99.808545,100.0,100.0,611.028,611.028,0.0,0.0,0.0,-0.0001
Boat_1920x1080_5994_10bit_420,new26,2,50,per_source,94.654904,94.654904,95.577904,95.577904,98.074188,98.074188,5942.827,5942.827,0.0,0.0,0.0,0.0
CosmosTreeTrunk_sdr_2048x858_25_8bit,new26,3,58,per_source,60.806004,60.806004,67.483551,67.483551,69.748965,69.748965,683.888,683.888,0.0,0.0,0.0,-0.0
DinnerSceneCropped_1920x1080_2997fps_10bit_420,new26,10,56,per_source,71.688799,71.688799,66.922804,66.922804,67.625977,67.625977,98.09,98.09,0.0,0.0,0.0,-0.0004
EuroTruckSimulator2_1920x1080p60_v2,new26,9,37,per_source,93.769886,93.769886,94.128414,94.128414,95.607726,95.607726,30728.148,30728.148,0.0,0.0,0.0,-0.0
FoodMarket_1920x1080_5994_10bit_420,new26,2,54,per_source,84.494301,84.494301,86.929333,86.929333,88.551778,88.551778,1691.21,1691.21,0.0,0.0,0.0,-0.0
FourPeople_480x270_60,new26,7,35,per_source,95.999472,95.999472,96.425245,96.425245,96.639797,96.639797,437.243,437.243,0.0,0.0,0.0,0.0
Life_1080p30,new26,6,60,per_source,79.245404,79.245404,81.85446,81.85446,83.390314,83.390314,695.738,695.738,0.0,0.0,0.0,-0.0
Life_1080p30_v2,new26,1,33,per_source,97.977844,97.977844,97.040738,97.040738,98.434929,98.434929,5112.532,5112.532,0.0,0.0,0.0,0.0
MissionControlClip1_1920x1080_60fps_10bit_420_0450_0579,new26,3,27,per_source,97.290571,97.290571,99.143097,99.143097,99.311518,99.311518,6447.976,6447.976,0.0,0.0,0.0,-0.0
MobileDeviceScreenSharing,new26,9,60,per_source,98.329723,98.329723,98.523891,98.523891,98.876741,98.876741,262.362,262.362,0.0,0.0,0.0,0.0002
Motorcycle_1920x1080_30fps_8bit,new26,7,55,per_source,76.429473,76.429473,74.152597,74.152597,74.420362,74.420362,6272.69,6272.69,0.0,0.0,0.0,0.0
STARCRAFT_1080p60,new26,4,46,per_source,94.859086,94.859086,94.701817,94.701817,95.053637,95.053637,2998.419,2998.419,0.0,0.0,0.0,0.0
SceneComposition_1,new26,3,34,per_source,97.196138,97.196138,99.628208,99.628208,99.943219,99.943219,417.814,417.814,0.0,0.0,0.0,0.0
SceneComposition_2,new26,2,38,per_source,96.995819,96.995819,99.141801,99.141801,99.53794,99.53794,235.627,235.627,0.0,0.0,0.0,0.0002
Skater227_1920x1080_30fps,new26,3,24,per_source,99.644604,99.644604,97.472291,97.472291,98.890006,98.890006,3034.363,3034.363,0.0,0.0,0.0,-0.0
Slides2r_1920x1080_30fps_8bit_420,new26,1,27,per_source,98.309874,98.309874,99.555048,99.555048,99.639758,99.639758,2314.161,2314.161,0.0,0.0,0.0,0.0
Sniper_1920x1080P_30fps_8bit,new26,1,29,per_source,99.674786,99.674786,98.011355,98.011355,98.920881,98.920881,44048.088,44048.088,0.0,0.0,0.0,-0.0
SolLevanteDragons_sdr_1920x1080_24_10bit,new26,3,24,per_source,98.648206,98.648206,96.30598,96.30598,97.785698,97.785698,7918.291,7918.291,0.0,0.0,0.0,-0.0
TunnelFlag_1920x1080_5994_10bit_420,new26,5,30,per_source,99.963544,99.963544,100.0,100.0,100.0,100.0,16669.119,16669.119,0.0,0.0,0.0,0.0
Vertical_Bayshore_270x480_2997,new26,4,29,per_source,96.917204,96.917204,95.783109,95.783109,96.742191,96.742191,731.914,731.914,0.0,0.0,0.0,0.0
Vertical_Carnaby_1080x1920_5994,new26,10,58,per_source,60.997839,60.997839,63.478748,63.478748,66.180403,66.180403,1209.082,1209.082,0.0,0.0,0.0,-0.0
WorldCup_1920x1080_30p,new26,4,29,per_source,99.250683,99.250683,96.830112,96.830112,99.029754,99.029754,4414.738,4414.738,0.0,0.0,0.0,-0.0
WorldCup_far_1920x1080_30p,new26,5,45,per_source,96.522065,96.522065,95.731544,95.731544,97.886797,97.886797,2682.052,2682.052,0.0,0.0,0.0,-0.0
Aerial3200_1920x1080_5994_10bit_420,new26,1,54,source_x_preset,91.894544,91.894544,91.767254,91.767254,93.179322,93.179322,1898.909,1898.909,0.0,0.0,0.0,-0.0
Aerial3200_1920x1080_5994_10bit_420,new26,2,54,source_x_preset,91.407531,91.407531,91.432844,91.432844,92.846545,92.846545,1898.865,1898.865,0.0,0.0,0.0,-0.0
Aerial3200_1920x1080_5994_10bit_420,new26,3,60,source_x_preset,84.736926,84.736926,85.518957,85.518957,86.962459,86.962459,978.111,978.111,0.0,0.0,0.0,0.0
Aerial3200_1920x1080_5994_10bit_420,new26,4,53,source_x_preset,90.85851,90.85851,91.062349,91.062349,92.477588,92.477588,1996.705,1996.705,0.0,0.0,0.0,0.0
Aerial3200_1920x1080_5994_10bit_420,new26,5,55,source_x_preset,89.343487,89.343487,89.797486,89.797486,91.218923,91.218923,1748.734,1748.734,0.0,0.0,0.0,-0.0
Aerial3200_1920x1080_5994_10bit_420,new26,6,45,source_x_preset,93.170889,93.170889,92.837335,92.837335,94.243833,94.243833,2719.874,2719.874,0.0,0.0,0.0,-0.0
Aerial3200_1920x1080_5994_10bit_420,new26,7,27,source_x_preset,96.396637,96.396637,96.006367,96.006367,97.395188,97.395188,8199.322,8199.322,0.0,0.0,0.0,-0.0
Aerial3200_1920x1080_5994_10bit_420,new26,7,60,source_x_preset,80.504141,80.504141,82.237611,82.237611,83.69726,83.69726,943.353,943.353,0.0,0.0,0.0,0.0
Aerial3200_1920x1080_5994_10bit_420,new26,8,29,source_x_preset,96.018324,96.018324,95.835898,95.835898,97.227577,97.227577,7845.823,7845.823,0.0,0.0,0.0,0.0
Aerial3200_1920x1080_5994_10bit_420,new26,8,52,source_x_preset,90.071115,90.071115,90.763016,90.763016,92.179329,92.179329,2355.409,2355.409,0.0,0.0,0.0,-0.0
Aerial3200_1920x1080_5994_10bit_420,new26,9,42,source_x_preset,91.13038,91.13038,91.840158,91.840158,93.250848,93.250848,3426.849,3426.849,0.0,0.0,0.0,0.0
Aerial3200_1920x1080_5994_10bit_420,new26,10,63,source_x_preset,47.653178,47.653178,55.562934,55.562934,57.141292,57.141292,337.523,337.523,0.0,0.0,0.0,0.0001
BigBuckBunnyStudio1_1920x1080_60fps_10bit_420_020_0149,new26,1,31,source_x_preset,96.860482,96.860482,98.477937,98.477937,99.316806,99.316806,2643.869,2643.869,0.0,0.0,0.0,0.0
BigBuckBunnyStudio1_1920x1080_60fps_10bit_420_020_0149,new26,2,35,source_x_preset,96.528007,96.528007,98.036841,98.036841,99.015062,99.015062,2231.457,2231.457,0.0,0.0,0.0,-0.0
BigBuckBunnyStudio1_1920x1080_60fps_10bit_420_020_0149,new26,3,28,source_x_preset,96.895406,96.895406,98.688477,98.688477,99.442092,99.442092,3096.321,3096.321,0.0,0.0,0.0,-0.0
BigBuckBunnyStudio1_1920x1080_60fps_10bit_420_020_0149,new26,4,41,source_x_preset,95.773324,95.773324,96.964439,96.964439,98.207685,98.207685,1755.939,1755.939,0.0,0.0,0.0,0.0
BigBuckBunnyStudio1_1920x1080_60fps_10bit_420_020_0149,new26,5,24,source_x_preset,97.00557,97.00557,98.946196,98.946196,99.596675,99.596675,3921.714,3921.714,0.0,0.0,0.0,-0.0
BigBuckBunnyStudio1_1920x1080_60fps_10bit_420_020_0149,new26,5,45,source_x_preset,95.13376,95.13376,96.03955,96.03955,97.361733,97.361733,1479.688,1479.688,0.0,0.0,0.0,0.0
BigBuckBunnyStudio1_1920x1080_60fps_10bit_420_020_0149,new26,6,28,source_x_preset,96.687085,96.687085,98.329755,98.329755,99.215024,99.215024,3122.61,3122.61,0.0,0.0,0.0,-0.0
BigBuckBunnyStudio1_1920x1080_60fps_10bit_420_020_0149,new26,6,29,source_x_preset,96.537565,96.537565,98.236308,98.236308,99.150199,99.150199,2993.678,2993.678,0.0,0.0,0.0,0.0
BigBuckBunnyStudio1_1920x1080_60fps_10bit_420_020_0149,new26,7,44,source_x_preset,94.577732,94.577732,95.388259,95.388259,96.756773,96.756773,1540.176,1540.176,0.0,0.0,0.0,-0.0
BigBuckBunnyStudio1_1920x1080_60fps_10bit_420_020_0149,new26,8,28,source_x_preset,96.624699,96.624699,98.259677,98.259677,99.171013,99.171013,3507.806,3507.806,0.0,0.0,0.0,0.0
BigBuckBunnyStudio1_1920x1080_60fps_10bit_420_020_0149,new26,8,55,source_x_preset,90.77952,90.77952,90.917659,90.917659,92.397241,92.397241,926.064,926.064,0.0,0.0,0.0,-0.0
BigBuckBunnyStudio1_1920x1080_60fps_10bit_420_020_0149,new26,9,36,source_x_preset,94.876782,94.876782,95.72585,95.72585,97.081658,97.081658,2202.487,2202.487,0.0,0.0,0.0,0.0
BigBuckBunnyStudio1_1920x1080_60fps_10bit_420_020_0149,new26,9,43,source_x_preset,93.049842,93.049842,93.615333,93.615333,95.067803,95.067803,1484.85,1484.85,0.0,0.0,0.0,0.0
BigBuckBunnyStudio1_1920x1080_60fps_10bit_420_020_0149,new26,10,45,source_x_preset,91.194564,91.194564,91.316115,91.316115,92.793404,92.793404,1301.627,1301.627,0.0,0.0,0.0,-0.0
BlueSky_360p25_v2,new26,1,33,source_x_preset,99.96744,99.96744,99.910952,99.910952,100.0,100.0,627.192,627.192,0.0,0.0,0.0,0.0
BlueSky_360p25_v2,new26,2,42,source_x_preset,99.955258,99.955258,99.064158,99.064158,99.980346,99.980346,402.426,402.426,0.0,0.0,0.0,0.0
BlueSky_360p25_v2,new26,2,54,source_x_preset,98.606213,98.606213,95.995229,95.995229,98.62607,98.62607,212.774,212.774,0.0,0.0,0.0,-0.0001
BlueSky_360p25_v2,new26,3,42,source_x_preset,98.984442,98.984442,96.344967,96.344967,98.924691,98.924691,258.631,258.631,0.0,0.0,0.0,-0.0001
BlueSky_360p25_v2,new26,4,58,source_x_preset,92.705146,92.705146,91.290095,91.290095,94.236844,94.236844,132.105,132.105,0.0,0.0,0.0,-0.0003
BlueSky_360p25_v2,new26,5,53,source_x_preset,95.439294,95.439294,93.497541,93.497541,96.398586,96.398586,172.558,172.558,0.0,0.0,0.0,0.0003
BlueSky_360p25_v2,new26,6,55,source_x_preset,94.389081,94.389081,92.842967,92.842967,95.757432,95.757432,178.558,178.558,0.0,0.0,0.0,0.0003
BlueSky_360p25_v2,new26,7,49,source_x_preset,97.060426,97.060426,94.329326,94.329326,97.192082,97.192082,236.786,236.786,0.0,0.0,0.0,0.0001
BlueSky_360p25_v2,new26,8,29,source_x_preset,99.961545,99.961545,99.90981,99.90981,100.0,100.0,898.426,898.426,0.0,0.0,0.0,0.0
BlueSky_360p25_v2,new26,9,31,source_x_preset,99.961132,99.961132,99.851884,99.851884,100.0,100.0,996.798,996.798,0.0,0.0,0.0,0.0
BlueSky_360p25_v2,new26,10,38,source_x_preset,98.881627,98.881627,97.635303,97.635303,99.623015,99.623015,640.114,640.114,0.0,0.0,0.0,-0.0
Boat_1920x1080_5994_10bit_420,new26,1,53,source_x_preset,93.194559,93.194559,94.799343,94.799343,97.312989,97.312989,5029.89,5029.89,0.0,0.0,0.0,0.0
Boat_1920x1080_5994_10bit_420,new26,2,32,source_x_preset,99.910517,99.910517,99.646751,99.646751,100.0,100.0,15367.723,15367.723,0.0,0.0,0.0,-0.0
Boat_1920x1080_5994_10bit_420,new26,3,51,source_x_preset,90.287136,90.287136,93.083938,93.083938,95.61948,95.61948,4382.327,4382.327,0.0,0.0,0.0,0.0
Boat_1920x1080_5994_10bit_420,new26,4,42,source_x_preset,95.137308,95.137308,95.859449,95.859449,98.359602,98.359602,7107.479,7107.479,0.0,0.0,0.0,0.0
Boat_1920x1080_5994_10bit_420,new26,5,54,source_x_preset,87.464478,87.464478,91.255963,91.255963,93.811504,93.811504,3691.899,3691.899,0.0,0.0,0.0,-0.0
Boat_1920x1080_5994_10bit_420,new26,6,58,source_x_preset,81.132623,81.132623,87.44595,87.44595,90.044138,90.044138,2600.964,2600.964,0.0,0.0,0.0,-0.0
Boat_1920x1080_5994_10bit_420,new26,7,53,source_x_preset,86.961843,86.961843,91.010985,91.010985,93.569689,93.569689,3999.88,3999.88,0.0,0.0,0.0,0.0
Boat_1920x1080_5994_10bit_420,new26,8,37,source_x_preset,97.195684,97.195684,97.552748,97.552748,99.736102,99.736102,12010.765,12010.765,0.0,0.0,0.0,0.0
Boat_1920x1080_5994_10bit_420,new26,9,47,source_x_preset,88.568139,88.568139,92.285475,92.285475,94.828119,94.828119,5868.361,5868.361,0.0,0.0,0.0,0.0
Boat_1920x1080_5994_10bit_420,new26,10,46,source_x_preset,88.728853,88.728853,92.178909,92.178909,94.722772,94.722772,6278.765,6278.765,0.0,0.0,0.0,-0.0
CosmosTreeTrunk_sdr_2048x858_25_8bit,new26,1,40,source_x_preset,88.980159,88.980159,88.082153,88.082153,90.145688,90.145688,3666.76,3666.76,0.0,0.0,0.0,-0.0
CosmosTreeTrunk_sdr_2048x858_25_8bit,new26,1,53,source_x_preset,72.379598,72.379598,76.715722,76.715722,78.889745,78.889745,1249.353,1249.353,0.0,0.0,0.0,-0.0
CosmosTreeTrunk_sdr_2048x858_25_8bit,new26,2,47,source_x_preset,80.037934,80.037934,81.680259,81.680259,83.807978,83.807978,2045.168,2045.168,0.0,0.0,0.0,-0.0
CosmosTreeTrunk_sdr_2048x858_25_8bit,new26,3,48,source_x_preset,78.366838,78.366838,80.190555,80.190555,82.33301,82.33301,1875.388,1875.388,0.0,0.0,0.0,-0.0
CosmosTreeTrunk_sdr_2048x858_25_8bit,new26,4,50,source_x_preset,74.91718,74.91718,77.848152,77.848152,80.013886,80.013886,1554.909,1554.909,0.0,0.0,0.0,-0.0
CosmosTreeTrunk_sdr_2048x858_25_8bit,new26,5,54,source_x_preset,67.324641,67.324641,72.355403,72.355403,74.573772,74.573772,1055.033,1055.033,0.0,0.0,0.0,-0.0
CosmosTreeTrunk_sdr_2048x858_25_8bit,new26,6,49,source_x_preset,76.670351,76.670351,79.006186,79.006186,81.161458,81.161458,1866.165,1866.165,0.0,0.0,0.0,-0.0
CosmosTreeTrunk_sdr_2048x858_25_8bit,new26,7,39,source_x_preset,88.518671,88.518671,87.858617,87.858617,89.923729,89.923729,4680.463,4680.463,0.0,0.0,0.0,0.0
CosmosTreeTrunk_sdr_2048x858_25_8bit,new26,8,56,source_x_preset,61.873626,61.873626,68.640474,68.640474,70.890481,70.890481,934.374,934.374,0.0,0.0,0.0,-0.0
CosmosTreeTrunk_sdr_2048x858_25_8bit,new26,9,56,source_x_preset,57.537014,57.537014,65.129252,65.129252,67.413866,67.413866,793.734,793.734,0.0,0.0,0.0,-0.0
CosmosTreeTrunk_sdr_2048x858_25_8bit,new26,10,20,source_x_preset,98.833926,98.833926,96.715416,96.715416,98.439832,98.439832,19888.666,19888.666,0.0,0.0,0.0,-0.0
DinnerSceneCropped_1920x1080_2997fps_10bit_420,new26,1,49,source_x_preset,80.010241,80.010241,72.901194,72.901194,73.597227,73.597227,125.704,125.704,0.0,0.0,0.0,0.0003
DinnerSceneCropped_1920x1080_2997fps_10bit_420,new26,2,46,source_x_preset,81.157759,81.157759,73.776752,73.776752,74.471311,74.471311,145.392,145.392,0.0,0.0,0.0,0.0003
DinnerSceneCropped_1920x1080_2997fps_10bit_420,new26,3,63,source_x_preset,62.629569,62.629569,56.87856,56.87856,57.602545,57.602545,45.152,45.152,0.0,0.0,0.0,0.0008
DinnerSceneCropped_1920x1080_2997fps_10bit_420,new26,4,32,source_x_preset,84.527262,84.527262,77.076172,77.076172,77.763901,77.763901,379.789,379.789,0.0,0.0,0.0,0.0001
DinnerSceneCropped_1920x1080_2997fps_10bit_420,new26,5,35,source_x_preset,83.755574,83.755574,75.915563,75.915563,76.605639,76.605639,284.072,284.072,0.0,0.0,0.0,-0.0001
DinnerSceneCropped_1920x1080_2997fps_10bit_420,new26,6,32,source_x_preset,84.897499,84.897499,77.836843,77.836843,78.522564,78.522564,658.485,658.485,0.0,0.0,0.0,-0.0
DinnerSceneCropped_1920x1080_2997fps_10bit_420,new26,7,55,source_x_preset,76.531889,76.531889,69.979064,69.979064,70.679912,70.679912,105.637,105.637,0.0,0.0,0.0,-0.0005
DinnerSceneCropped_1920x1080_2997fps_10bit_420,new26,8,43,source_x_preset,81.603439,81.603439,77.256181,77.256181,77.940859,77.940859,310.914,310.914,0.0,0.0,0.0,-0.0001
DinnerSceneCropped_1920x1080_2997fps_10bit_420,new26,9,30,source_x_preset,85.616096,85.616096,81.180703,81.180703,81.857925,81.857925,2499.222,2499.222,0.0,0.0,0.0,-0.0
DinnerSceneCropped_1920x1080_2997fps_10bit_420,new26,10,41,source_x_preset,80.579327,80.579327,75.795135,75.795135,76.481967,76.481967,315.904,315.904,0.0,0.0,0.0,0.0001
EuroTruckSimulator2_1920x1080p60_v2,new26,1,29,source_x_preset,99.931177,99.931177,99.070787,99.070787,99.942387,99.942387,49701.371,49701.371,0.0,0.0,0.0,-0.0
EuroTruckSimulator2_1920x1080p60_v2,new26,2,43,source_x_preset,92.106387,92.106387,92.95685,92.95685,94.447768,94.447768,12230.003,12230.003,0.0,0.0,0.0,0.0
EuroTruckSimulator2_1920x1080p60_v2,new26,3,46,source_x_preset,88.670313,88.670313,90.361083,90.361083,91.873513,91.873513,8171.024,8171.024,0.0,0.0,0.0,-0.0
EuroTruckSimulator2_1920x1080p60_v2,new26,3,47,source_x_preset,88.149654,88.149654,90.051428,90.051428,91.566316,91.566316,7593.296,7593.296,0.0,0.0,0.0,0.0
EuroTruckSimulator2_1920x1080p60_v2,new26,4,28,source_x_preset,99.788619,99.788619,98.49765,98.49765,99.655785,99.655785,57757.106,57757.106,0.0,0.0,0.0,0.0
EuroTruckSimulator2_1920x1080p60_v2,new26,5,53,source_x_preset,82.666731,82.666731,86.311101,86.311101,87.857192,87.857192,4816.22,4816.22,0.0,0.0,0.0,-0.0
EuroTruckSimulator2_1920x1080p60_v2,new26,6,29,source_x_preset,99.500858,99.500858,98.610052,98.610052,99.550342,99.550342,71781.312,71781.312,0.0,0.0,0.0,0.0
EuroTruckSimulator2_1920x1080p60_v2,new26,7,39,source_x_preset,92.819223,92.819223,93.223737,93.223737,94.71208,94.71208,22991.247,22991.247,0.0,0.0,0.0,-0.0
EuroTruckSimulator2_1920x1080p60_v2,new26,8,27,source_x_preset,99.931169,99.931169,99.335886,99.335886,99.949492,99.949492,88751.528,88751.528,0.0,0.0,0.0,0.0
EuroTruckSimulator2_1920x1080p60_v2,new26,9,28,source_x_preset,99.779291,99.779291,98.892853,98.892853,99.786246,99.786246,83562.545,83562.545,0.0,0.0,0.0,-0.0
EuroTruckSimulator2_1920x1080p60_v2,new26,10,20,source_x_preset,99.96655,99.96655,99.920913,99.920913,100.0,100.0,134791.626,134791.626,0.0,0.0,0.0,0.0
FoodMarket_1920x1080_5994_10bit_420,new26,1,29,source_x_preset,98.509913,98.509913,96.813644,96.813644,98.335838,98.335838,7278.074,7278.074,0.0,0.0,0.0,0.0
FoodMarket_1920x1080_5994_10bit_420,new26,2,46,source_x_preset,90.689505,90.689505,91.184615,91.184615,92.772839,92.772839,2655.515,2655.515,0.0,0.0,0.0,-0.0
FoodMarket_1920x1080_5994_10bit_420,new26,3,44,source_x_preset,91.528388,91.528388,91.486806,91.486806,93.072734,93.072734,2910.668,2910.668,0.0,0.0,0.0,-0.0
FoodMarket_1920x1080_5994_10bit_420,new26,4,54,source_x_preset,83.736521,83.736521,85.969112,85.969112,87.600132,87.600132,1728.402,1728.402,0.0,0.0,0.0,0.0
FoodMarket_1920x1080_5994_10bit_420,new26,5,31,source_x_preset,96.499355,96.499355,95.176361,95.176361,96.732791,96.732791,6777.256,6777.256,0.0,0.0,0.0,-0.0
FoodMarket_1920x1080_5994_10bit_420,new26,6,50,source_x_preset,86.06066,86.06066,87.431345,87.431345,89.050828,89.050828,2149.525,2149.525,0.0,0.0,0.0,-0.0
FoodMarket_1920x1080_5994_10bit_420,new26,7,39,source_x_preset,92.959898,92.959898,92.624893,92.624893,94.201688,94.201688,4554.888,4554.888,0.0,0.0,0.0,0.0
FoodMarket_1920x1080_5994_10bit_420,new26,8,34,source_x_preset,95.515994,95.515994,95.112917,95.112917,96.667383,96.667383,7376.114,7376.114,0.0,0.0,0.0,0.0
FoodMarket_1920x1080_5994_10bit_420,new26,9,58,source_x_preset,66.277423,66.277423,73.966509,73.966509,75.688681,75.688681,930.606,930.606,0.0,0.0,0.0,-0.0
FoodMarket_1920x1080_5994_10bit_420,new26,10,30,source_x_preset,94.686017,94.686017,94.47183,94.47183,96.015785,96.015785,9343.683,9343.683,0.0,0.0,0.0,-0.0
FoodMarket_1920x1080_5994_10bit_420,new26,10,45,source_x_preset,83.858217,83.858217,86.690513,86.690513,88.310587,88.310587,2867.035,2867.035,0.0,0.0,0.0,-0.0
FourPeople_480x270_60,new26,1,33,source_x_preset,96.694555,96.694555,97.061399,97.061399,97.275636,97.275636,479.801,479.801,0.0,0.0,0.0,-0.0001
FourPeople_480x270_60,new26,2,60,source_x_preset,89.808715,89.808715,91.344164,91.344164,91.561099,91.561099,122.932,122.932,0.0,0.0,0.0,-0.0003
FourPeople_480x270_60,new26,3,28,source_x_preset,96.877877,96.877877,97.333094,97.333094,97.547255,97.547255,567.087,567.087,0.0,0.0,0.0,-0.0001
FourPeople_480x270_60,new26,4,44,source_x_preset,94.871947,94.871947,95.413245,95.413245,95.628253,95.628253,275.572,275.572,0.0,0.0,0.0,-0.0001
FourPeople_480x270_60,new26,4,56,source_x_preset,91.668997,91.668997,92.81511,92.81511,93.031363,93.031363,161.505,161.505,0.0,0.0,0.0,0.0001
FourPeople_480x270_60,new26,5,47,source_x_preset,94.217694,94.217694,94.84665,94.84665,95.061954,95.061954,247.263,247.263,0.0,0.0,0.0,-0.0001
FourPeople_480x270_60,new26,6,55,source_x_preset,91.249478,91.249478,92.519477,92.519477,92.735863,92.735863,166.626,166.626,0.0,0.0,0.0,0.0003
FourPeople_480x270_60,new26,7,29,source_x_preset,96.726841,96.726841,97.26303,97.26303,97.477256,97.477256,601.983,601.983,0.0,0.0,0.0,-0.0001
FourPeople_480x270_60,new26,7,43,source_x_preset,94.662462,94.662462,95.145765,95.145765,95.360889,95.360889,291.209,291.209,0.0,0.0,0.0,-0.0001
FourPeople_480x270_60,new26,8,45,source_x_preset,94.064484,94.064484,94.804327,94.804327,95.019701,95.019701,273.641,273.641,0.0,0.0,0.0,-0.0002
FourPeople_480x270_60,new26,9,39,source_x_preset,94.831234,94.831234,95.467692,95.467692,95.682731,95.682731,386.544,386.544,0.0,0.0,0.0,-0.0
FourPeople_480x270_60,new26,10,30,source_x_preset,96.201808,96.201808,96.8105,96.8105,97.02496,97.02496,692.884,692.884,0.0,0.0,0.0,-0.0001
FourPeople_480x270_60,new26,10,40,source_x_preset,94.488016,94.488016,95.211971,95.211971,95.427141,95.427141,376.678,376.678,0.0,0.0,0.0,0.0
FourPeople_480x270_60,new26,10,55,source_x_preset,89.016509,89.016509,91.240906,91.240906,91.458141,91.458141,165.323,165.323,0.0,0.0,0.0,0.0
Life_1080p30,new26,1,58,source_x_preset,87.572342,87.572342,88.806724,88.806724,90.308333,90.308333,989.345,989.345,0.0,0.0,0.0,-0.0
Life_1080p30,new26,2,31,source_x_preset,98.104937,98.104937,97.112489,97.112489,98.611988,98.611988,5682.122,5682.122,0.0,0.0,0.0,0.0
Life_1080p30,new26,3,27,source_x_preset,98.477581,98.477581,97.396802,97.396802,98.898963,98.898963,7204.871,7204.871,0.0,0.0,0.0,-0.0
Life_1080p30,new26,4,27,source_x_preset,98.17645,98.17645,97.516738,97.516738,99.017884,99.017884,7898.87,7898.87,0.0,0.0,0.0,-0.0
Life_1080p30,new26,5,49,source_x_preset,90.862659,90.862659,91.207509,91.207509,92.699886,92.699886,1696.809,1696.809,0.0,0.0,0.0,0.0
Life_1080p30,new26,6,36,source_x_preset,95.592385,95.592385,95.19938,95.19938,96.684433,96.684433,4538.325,4538.325,0.0,0.0,0.0,-0.0
Life_1080p30,new26,7,51,source_x_preset,87.861058,87.861058,88.911641,88.911641,90.414271,90.414271,1557.476,1557.476,0.0,0.0,0.0,0.0
Life_1080p30,new26,8,38,source_x_preset,93.928489,93.928489,94.036763,94.036763,95.51577,95.51577,4253.127,4253.127,0.0,0.0,0.0,0.0
Life_1080p30,new26,9,28,source_x_preset,96.634162,96.634162,96.353782,96.353782,97.861959,97.861959,11079.337,11079.337,0.0,0.0,0.0,-0.0
Life_1080p30,new26,10,36,source_x_preset,92.093901,92.093901,92.519017,92.519017,94.005211,94.005211,5529.704,5529.704,0.0,0.0,0.0,-0.0
Life_1080p30_v2,new26,1,42,source_x_preset,95.872609,95.872609,95.173985,95.173985,96.53995,96.53995,2863.713,2863.713,0.0,0.0,0.0,0.0
Life_1080p30_v2,new26,1,60,source_x_preset,84.709957,84.709957,86.34156,86.34156,87.732607,87.732607,847.041,847.041,0.0,0.0,0.0,0.0
Life_1080p30_v2,new26,2,34,source_x_preset,97.662031,97.662031,96.760835,96.760835,98.150225,98.150225,4980.641,4980.641,0.0,0.0,0.0,-0.0
Life_1080p30_v2,new26,3,56,source_x_preset,88.317767,88.317767,88.678408,88.678408,90.061652,90.061652,1186.305,1186.305,0.0,0.0,0.0,0.0
Life_1080p30_v2,new26,3,58,source_x_preset,86.538075,86.538075,87.515813,87.515813,88.903647,88.903647,1019.683,1019.683,0.0,0.0,0.0,-0.0
Life_1080p30_v2,new26,4,47,source_x_preset,92.842113,92.842113,92.770075,92.770075,94.138819,94.138819,2102.79,2102.79,0.0,0.0,0.0,-0.0
Life_1080p30_v2,new26,5,28,source_x_preset,98.095767,98.095767,97.433286,97.433286,98.836387,98.836387,8563.974,8563.974,0.0,0.0,0.0,0.0
Life_1080p30_v2,new26,6,43,source_x_preset,93.309294,93.309294,93.317049,93.317049,94.684107,94.684107,2960.668,2960.668,0.0,0.0,0.0,-0.0
Life_1080p30_v2,new26,7,35,source_x_preset,95.901422,95.901422,95.56288,95.56288,96.942677,96.942677,5697.61,5697.61,0.0,0.0,0.0,-0.0
Life_1080p30_v2,new26,8,51,source_x_preset,88.35404,88.35404,89.293547,89.293547,90.675768,90.675768,1820.812,1820.812,0.0,0.0,0.0,-0.0
Life_1080p30_v2,new26,9,50,source_x_preset,84.630904,84.630904,86.89799,86.89799,88.290306,88.290306,1813.876,1813.876,0.0,0.0,0.0,-0.0
Life_1080p30_v2,new26,10,30,source_x_preset,95.138114,95.138114,95.028259,95.028259,96.417458,96.417458,10487.403,10487.403,0.0,0.0,0.0,-0.0
MissionControlClip1_1920x1080_60fps_10bit_420_0450_0579,new26,1,28,source_x_preset,97.330885,97.330885,99.149866,99.149866,99.325926,99.325926,6037.35,6037.35,0.0,0.0,0.0,0.0
MissionControlClip1_1920x1080_60fps_10bit_420_0450_0579,new26,2,40,source_x_preset,96.823934,96.823934,98.239925,98.239925,98.539539,98.539539,3471.851,3471.851,0.0,0.0,0.0,-0.0
MissionControlClip1_1920x1080_60fps_10bit_420_0450_0579,new26,3,52,source_x_preset,95.390315,95.390315,96.335317,96.335317,96.788338,96.788338,1964.813,1964.813,0.0,0.0,0.0,0.0
MissionControlClip1_1920x1080_60fps_10bit_420_0450_0579,new26,4,31,source_x_preset,97.17998,97.17998,98.973092,98.973092,99.165525,99.165525,5596.891,5596.891,0.0,0.0,0.0,0.0
MissionControlClip1_1920x1080_60fps_10bit_420_0450_0579,new26,4,34,source_x_preset,97.048844,97.048844,98.716718,98.716718,98.94592,98.94592,4786.906,4786.906,0.0,0.0,0.0,0.0
MissionControlClip1_1920x1080_60fps_10bit_420_0450_0579,new26,5,55,source_x_preset,94.712327,94.712327,95.477539,95.477539,95.954242,95.954242,1749.592,1749.592,0.0,0.0,0.0,0.0
MissionControlClip1_1920x1080_60fps_10bit_420_0450_0579,new26,6,50,source_x_preset,95.0537,95.0537,96.005848,96.005848,96.482103,96.482103,2234.101,2234.101,0.0,0.0,0.0,-0.0
MissionControlClip1_1920x1080_60fps_10bit_420_0450_0579,new26,7,36,source_x_preset,96.671637,96.671637,98.132375,98.132375,98.446648,98.446648,4448.562,4448.562,0.0,0.0,0.0,-0.0
MissionControlClip1_1920x1080_60fps_10bit_420_0450_0579,new26,8,37,source_x_preset,96.469608,96.469608,97.817364,97.817364,98.174649,98.174649,4432.142,4432.142,0.0,0.0,0.0,0.0
MissionControlClip1_1920x1080_60fps_10bit_420_0450_0579,new26,9,54,source_x_preset,91.005727,91.005727,91.882616,91.882616,92.426674,92.426674,1613.967,1613.967,0.0,0.0,0.0,-0.0
MissionControlClip1_1920x1080_60fps_10bit_420_0450_0579,new26,10,60,source_x_preset,84.696767,84.696767,85.534702,85.534702,86.115121,86.115121,1041.596,1041.596,0.0,0.0,0.0,0.0
MobileDeviceScreenSharing,new26,1,48,random,99.291499,99.291499,99.851871,99.851871,99.862821,99.862821,158.987,158.987,0.0,0.0,0.0,0.0
MobileDeviceScreenSharing,new26,1,55,random,99.241911,99.241911,99.660476,99.660476,99.741628,99.741628,131.454,131.454,0.0,0.0,0.0,0.0003
MobileDeviceScreenSharing,new26,2,32,random,99.33015,99.33015,99.99137,99.99137,99.970246,99.970246,263.76,263.76,0.0,0.0,0.0,-0.0
MobileDeviceScreenSharing,new26,3,56,random,99.13923,99.13923,99.534786,99.534786,99.639832,99.639832,142.647,142.647,0.0,0.0,0.0,-0.0002
MobileDeviceScreenSharing,new26,4,52,random,99.203957,99.203957,99.601238,99.601238,99.695165,99.695165,176.691,176.691,0.0,0.0,0.0,-0.0001
MobileDeviceScreenSharing,new26,5,47,random,99.256433,99.256433,99.785188,99.785188,99.815359,99.815359,218.25,218.25,0.0,0.0,0.0,-0.0002
MobileDeviceScreenSharing,new26,6,42,random,99.272082,99.272082,99.832363,99.832363,99.852026,99.852026,319.425,319.425,0.0,0.0,0.0,0.0001
MobileDeviceScreenSharing,new26,7,45,source_x_preset,99.247107,99.247107,99.755466,99.755466,99.800118,99.800118,301.88,301.88,0.0,0.0,0.0,0.0001
MobileDeviceScreenSharing,new26,8,46,source_x_preset,99.212405,99.212405,99.746837,99.746837,99.790778,99.790778,458.637,458.637,0.0,0.0,0.0,0.0
MobileDeviceScreenSharing,new26,9,51,source_x_preset,98.989934,98.989934,99.348251,99.348251,99.517492,99.517492,397.929,397.929,0.0,0.0,0.0,0.0001
MobileDeviceScreenSharing,new26,10,47,source_x_preset,99.074998,99.074998,99.487033,99.487033,99.62883,99.62883,516.081,516.081,0.0,0.0,0.0,0.0
Motorcycle_1920x1080_30fps_8bit,new26,1,42,source_x_preset,99.331318,99.331318,94.738035,94.738035,94.962177,94.962177,16952.2,16952.2,0.0,0.0,0.0,0.0
Motorcycle_1920x1080_30fps_8bit,new26,2,53,source_x_preset,84.861292,84.861292,79.703809,79.703809,79.96009,79.96009,7348.884,7348.884,0.0,0.0,0.0,-0.0
Motorcycle_1920x1080_30fps_8bit,new26,3,35,source_x_preset,99.92813,99.92813,99.480148,99.480148,99.600257,99.600257,27873.984,27873.984,0.0,0.0,0.0,0.0
Motorcycle_1920x1080_30fps_8bit,new26,4,32,source_x_preset,99.937669,99.937669,99.8448,99.8448,99.929298,99.929298,33261.219,33261.219,0.0,0.0,0.0,-0.0
Motorcycle_1920x1080_30fps_8bit,new26,4,42,source_x_preset,98.22391,98.22391,93.1695,93.1695,93.397126,93.397126,16790.662,16790.662,0.0,0.0,0.0,-0.0
Motorcycle_1920x1080_30fps_8bit,new26,5,35,source_x_preset,99.924885,99.924885,99.087322,99.087322,99.232424,99.232424,28265.862,28265.862,0.0,0.0,0.0,-0.0
Motorcycle_1920x1080_30fps_8bit,new26,6,29,source_x_preset,99.950555,99.950555,100.0,100.0,100.0,100.0,46580.071,46580.071,0.0,0.0,0.0,0.0
Motorcycle_1920x1080_30fps_8bit,new26,6,34,source_x_preset,99.937956,99.937956,99.677613,99.677613,99.783274,99.783274,34116.075,34116.075,0.0,0.0,0.0,-0.0
Motorcycle_1920x1080_30fps_8bit,new26,6,60,source_x_preset,60.735241,60.735241,58.172115,58.172115,58.474223,58.474223,2925.846,2925.846,0.0,0.0,0.0,-0.0
Motorcycle_1920x1080_30fps_8bit,new26,6,63,source_x_preset,38.581476,38.581476,32.655113,32.655113,33.01017,33.01017,1013.675,1013.675,0.0,0.0,0.0,0.0
Motorcycle_1920x1080_30fps_8bit,new26,7,32,source_x_preset,99.943525,99.943525,99.980437,99.980437,100.0,100.0,39363.533,39363.533,0.0,0.0,0.0,-0.0
Motorcycle_1920x1080_30fps_8bit,new26,8,39,source_x_preset,99.542392,99.542392,97.09667,97.09667,97.282606,97.282606,24813.977,24813.977,0.0,0.0,0.0,-0.0
Motorcycle_1920x1080_30fps_8bit,new26,9,29,source_x_preset,99.959699,99.959699,100.0,100.0,100.0,100.0,49871.723,49871.723,0.0,0.0,0.0,0.0
Motorcycle_1920x1080_30fps_8bit,new26,9,38,source_x_preset,99.721852,99.721852,97.072184,97.072184,97.253528,97.253528,27199.641,27199.641,0.0,0.0,0.0,0.0
Motorcycle_1920x1080_30fps_8bit,new26,10,27,source_x_preset,99.962798,99.962798,100.0,100.0,100.0,100.0,58825.308,58825.308,0.0,0.0,0.0,-0.0
STARCRAFT_1080p60,new26,1,27,source_x_preset,97.651388,97.651388,98.38518,98.38518,98.546839,98.546839,9994.429,9994.429,0.0,0.0,0.0,0.0
STARCRAFT_1080p60,new26,2,40,source_x_preset,96.419704,96.419704,96.322455,96.322455,96.669506,96.669506,4578.254,4578.254,0.0,0.0,0.0,0.0
STARCRAFT_1080p60,new26,3,35,source_x_preset,96.84941,96.84941,96.967641,96.967641,97.306943,97.306943,5976.298,5976.298,0.0,0.0,0.0,0.0
STARCRAFT_1080p60,new26,4,34,source_x_preset,96.843623,96.843623,97.198018,97.198018,97.521588,97.521588,6542.654,6542.654,0.0,0.0,0.0,-0.0
STARCRAFT_1080p60,new26,5,48,source_x_preset,94.185854,94.185854,93.940181,93.940181,94.292936,94.292936,2609.612,2609.612,0.0,0.0,0.0,-0.0
STARCRAFT_1080p60,new26,6,63,source_x_preset,78.546493,78.546493,78.767579,78.767579,79.140929,79.140929,459.895,459.895,0.0,0.0,0.0,0.0001
STARCRAFT_1080p60,new26,7,20,source_x_preset,97.592591,97.592591,98.362293,98.362293,98.520559,98.520559,21398.825,21398.825,0.0,0.0,0.0,0.0
STARCRAFT_1080p60,new26,8,36,source_x_preset,95.883866,95.883866,95.656644,95.656644,96.001411,96.001411,6449.405,6449.405,0.0,0.0,0.0,-0.0
STARCRAFT_1080p60,new26,9,27,source_x_preset,96.573692,96.573692,96.69438,96.69438,96.997207,96.997207,12599.164,12599.164,0.0,0.0,0.0,-0.0
STARCRAFT_1080p60,new26,9,54,source_x_preset,86.760749,86.760749,87.493988,87.493988,87.854709,87.854709,1254.262,1254.262,0.0,0.0,0.0,-0.0
STARCRAFT_1080p60,new26,10,24,source_x_preset,96.683831,96.683831,96.551162,96.551162,96.853867,96.853867,15036.5,15036.5,0.0,0.0,0.0,-0.0
STARCRAFT_1080p60,new26,10,38,source_x_preset,93.337346,93.337346,93.109044,93.109044,93.454655,93.454655,4838.133,4838.133,0.0,0.0,0.0,0.0
SceneComposition_1,new26,1,42,random,97.018057,97.018057,99.243306,99.243306,99.829211,99.829211,263.901,263.901,0.0,0.0,0.0,0.0001
SceneComposition_1,new26,1,52,random,96.49118,96.49118,98.362318,98.362318,99.342045,99.342045,178.099,178.099,0.0,0.0,0.0,0.0002
SceneComposition_1,new26,2,33,random,97.245229,97.245229,99.70871,99.70871,99.961386,99.961386,416.389,416.389,0.0,0.0,0.0,-0.0
SceneComposition_1,new26,3,36,random,97.150901,97.150901,99.489236,99.489236,99.908944,99.908944,379.502,379.502,0.0,0.0,0.0,-0.0
SceneComposition_1,new26,4,46,random,96.704827,96.704827,98.851492,98.851492,99.652941,99.652941,243.099,243.099,0.0,0.0,0.0,-0.0001
SceneComposition_1,new26,5,40,random,96.987504,96.987504,99.241141,99.241141,99.828116,99.828116,334.961,334.961,0.0,0.0,0.0,-0.0001
SceneComposition_1,new26,6,27,random,97.258902,97.258902,99.79626,99.79626,99.981883,99.981883,609.099,609.099,0.0,0.0,0.0,-0.0
SceneComposition_1,new26,7,40,random,96.807305,96.807305,98.955612,98.955612,99.706142,99.706142,352.642,352.642,0.0,0.0,0.0,0.0
SceneComposition_1,new26,8,24,random,97.252103,97.252103,99.71618,99.71618,99.961383,99.961383,1233.307,1233.307,0.0,0.0,0.0,0.0
SceneComposition_1,new26,9,32,random,96.837155,96.837155,98.989255,98.989255,99.711191,99.711191,841.477,841.477,0.0,0.0,0.0,-0.0
SceneComposition_1,new26,10,24,random,97.043474,97.043474,99.113857,99.113857,99.760526,99.760526,1368.491,1368.491,0.0,0.0,0.0,0.0
SceneComposition_2,new26,1,58,random,95.928101,95.928101,96.491922,96.491922,97.089839,97.089839,111.909,111.909,0.0,0.0,0.0,0.0002
SceneComposition_2,new26,2,63,random,92.824033,92.824033,92.480416,92.480416,93.083802,93.083802,78.71,78.71,0.0,0.0,0.0,-0.0002
SceneComposition_2,new26,3,27,random,97.224,97.224,99.683118,99.683118,99.859908,99.859908,398.448,398.448,0.0,0.0,0.0,-0.0
SceneComposition_2,new26,4,24,random,97.29349,97.29349,99.805676,99.805676,99.927222,99.927222,476.998,476.998,0.0,0.0,0.0,0.0
SceneComposition_2,new26,5,41,random,96.828429,96.828429,98.708828,98.708828,99.206128,99.206128,234.83,234.83,0.0,0.0,0.0,-0.0001
SceneComposition_2,new26,6,30,random,97.101881,97.101881,99.293078,99.293078,99.638664,99.638664,408.69,408.69,0.0,0.0,0.0,-0.0001
SceneComposition_2,new26,7,32,random,97.021284,97.021284,99.10465,99.10465,99.510721,99.510721,398.811,398.811,0.0,0.0,0.0,-0.0001
SceneComposition_2,new26,8,35,random,96.868594,96.868594,98.692213,98.692213,99.201035,99.201035,526.889,526.889,0.0,0.0,0.0,-0.0001
SceneComposition_2,new26,9,51,random,94.876425,94.876425,95.478277,95.478277,96.07773,96.07773,272.419,272.419,0.0,0.0,0.0,0.0001
SceneComposition_2,new26,10,43,random,95.749126,95.749126,96.552391,96.552391,97.150045,97.150045,395.502,395.502,0.0,0.0,0.0,-0.0001
Skater227_1920x1080_30fps,new26,1,49,source_x_preset,82.883279,82.883279,79.913507,79.913507,82.213603,82.213603,434.592,434.592,0.0,0.0,0.0,0.0
Skater227_1920x1080_30fps,new26,2,55,source_x_preset,73.982548,73.982548,71.864692,71.864692,74.273014,74.273014,291.679,291.679,0.0,0.0,0.0,0.0001
Skater227_1920x1080_30fps,new26,3,35,source_x_preset,96.323311,96.323311,91.725826,91.725826,93.838738,93.838738,1320.118,1320.118,0.0,0.0,0.0,0.0
Skater227_1920x1080_30fps,new26,4,60,source_x_preset,65.425119,65.425119,64.167113,64.167113,66.67158,66.67158,208.436,208.436,0.0,0.0,0.0,0.0002
Skater227_1920x1080_30fps,new26,5,41,source_x_preset,91.421615,91.421615,86.665203,86.665203,88.867043,88.867043,881.142,881.142,0.0,0.0,0.0,-0.0
Skater227_1920x1080_30fps,new26,5,58,source_x_preset,69.757713,69.757713,67.788139,67.788139,70.242501,70.242501,262.326,262.326,0.0,0.0,0.0,-0.0002
Skater227_1920x1080_30fps,new26,6,63,source_x_preset,42.469378,42.469378,39.434653,39.434653,42.258789,42.258789,121.172,121.172,0.0,0.0,0.0,0.0003
Skater227_1920x1080_30fps,new26,7,20,source_x_preset,99.797021,99.797021,98.436598,98.436598,99.481682,99.481682,5071.546,5071.546,0.0,0.0,0.0,-0.0
Skater227_1920x1080_30fps,new26,8,31,source_x_preset,97.471693,97.471693,93.741788,93.741788,95.757543,95.757543,2362.802,2362.802,0.0,0.0,0.0,0.0
Skater227_1920x1080_30fps,new26,9,42,source_x_preset,87.426166,87.426166,82.579284,82.579284,84.823222,84.823222,995.574,995.574,0.0,0.0,0.0,-0.0
Skater227_1920x1080_30fps,new26,10,48,source_x_preset,76.394044,76.394044,71.151767,71.151767,73.542568,73.542568,598.603,598.603,0.0,0.0,0.0,-0.0001
Slides2r_1920x1080_30fps_8bit_420,new26,1,29,random,98.24288,98.24288,99.478031,99.478031,99.57252,99.57252,2122.361,2122.361,0.0,0.0,0.0,-0.0
Slides2r_1920x1080_30fps_8bit_420,new26,2,58,random,94.84244,94.84244,94.613771,94.613771,95.168446,95.168446,557.238,557.238,0.0,0.0,0.0,-0.0001
Slides2r_1920x1080_30fps_8bit_420,new26,3,41,random,97.378032,97.378032,98.196933,98.196933,98.380696,98.380696,1324.318,1324.318,0.0,0.0,0.0,0.0
Slides2r_1920x1080_30fps_8bit_420,new26,4,43,random,97.045563,97.045563,97.639506,97.639506,97.863389,97.863389,1218.473,1218.473,0.0,0.0,0.0,-0.0
Slides2r_1920x1080_30fps_8bit_420,new26,5,48,random,96.402138,96.402138,96.715035,96.715035,97.076987,97.076987,993.353,993.353,0.0,0.0,0.0,-0.0
Slides2r_1920x1080_30fps_8bit_420,new26,6,31,random,97.821151,97.821151,98.661536,98.661536,98.798539,98.798539,2445.272,2445.272,0.0,0.0,0.0,-0.0
Slides2r_1920x1080_30fps_8bit_420,new26,7,20,random,98.064997,98.064997,99.081658,99.081658,99.193692,99.193692,4517.714,4517.714,0.0,0.0,0.0,0.0
Slides2r_1920x1080_30fps_8bit_420,new26,7,52,random,94.984367,94.984367,94.196095,94.196095,94.725195,94.725195,850.885,850.885,0.0,0.0,0.0,-0.0
Slides2r_1920x1080_30fps_8bit_420,new26,8,38,random,96.943897,96.943897,97.552446,97.552446,97.788697,97.788697,1717.767,1717.767,0.0,0.0,0.0,-0.0
Slides2r_1920x1080_30fps_8bit_420,new26,9,30,random,97.165831,97.165831,97.668444,97.668444,97.835876,97.835876,2644.612,2644.612,0.0,0.0,0.0,-0.0
Slides2r_1920x1080_30fps_8bit_420,new26,9,60,random,87.306158,87.306158,86.781487,86.781487,87.353997,87.353997,396.035,396.035,0.0,0.0,0.0,0.0
Slides2r_1920x1080_30fps_8bit_420,new26,10,39,random,95.599636,95.599636,95.561132,95.561132,96.049497,96.049497,1593.698,1593.698,0.0,0.0,0.0,-0.0
Sniper_1920x1080P_30fps_8bit,new26,1,43,source_x_preset,90.278116,90.278116,86.262648,86.262648,87.74584,87.74584,17043.553,17043.553,0.0,0.0,0.0,0.0
Sniper_1920x1080P_30fps_8bit,new26,2,30,source_x_preset,99.519228,99.519228,97.301726,97.301726,98.454792,98.454792,42941.867,42941.867,0.0,0.0,0.0,-0.0
Sniper_1920x1080P_30fps_8bit,new26,2,36,source_x_preset,97.077086,97.077086,92.656438,92.656438,94.067027,94.067027,28824.224,28824.224,0.0,0.0,0.0,-0.0
Sniper_1920x1080P_30fps_8bit,new26,3,54,source_x_preset,70.335886,70.335886,70.153798,70.153798,71.812556,71.812556,5521.776,5521.776,0.0,0.0,0.0,0.0
Sniper_1920x1080P_30fps_8bit,new26,4,42,source_x_preset,89.83998,89.83998,85.443153,85.443153,86.934769,86.934769,18398.66,18398.66,0.0,0.0,0.0,-0.0
Sniper_1920x1080P_30fps_8bit,new26,4,47,source_x_preset,81.605515,81.605515,78.902697,78.902697,80.465722,80.465722,11269.07,11269.07,0.0,0.0,0.0,-0.0
Sniper_1920x1080P_30fps_8bit,new26,5,29,source_x_preset,99.580546,99.580546,97.905767,97.905767,98.837802,98.837802,50661.129,50661.129,0.0,0.0,0.0,0.0
Sniper_1920x1080P_30fps_8bit,new26,6,63,source_x_preset,30.892044,30.892044,31.096937,31.096937,33.151941,33.151941,514.091,514.091,0.0,0.0,0.0,0.0
Sniper_1920x1080P_30fps_8bit,new26,7,51,source_x_preset,72.394686,72.394686,72.150689,72.150689,73.781275,73.781275,8595.51,8595.51,0.0,0.0,0.0,0.0
Sniper_1920x1080P_30fps_8bit,new26,8,50,source_x_preset,74.539579,74.539579,73.582851,73.582851,75.196326,75.196326,9957.82,9957.82,0.0,0.0,0.0,0.0
Sniper_1920x1080P_30fps_8bit,new26,9,29,source_x_preset,99.367978,99.367978,98.02713,98.02713,98.746124,98.746124,60970.053,60970.053,0.0,0.0,0.0,0.0
Sniper_1920x1080P_30fps_8bit,new26,9,39,source_x_preset,92.596941,92.596941,89.495807,89.495807,90.900072,90.900072,30138.039,30138.039,0.0,0.0,0.0,0.0
Sniper_1920x1080P_30fps_8bit,new26,10,39,source_x_preset,91.286273,91.286273,88.590158,88.590158,90.00881,90.00881,31364.515,31364.515,0.0,0.0,0.0,0.0
Sniper_1920x1080P_30fps_8bit,new26,10,50,source_x_preset,69.497292,69.497292,70.541062,70.541062,72.175407,72.175407,9702.442,9702.442,0.0,0.0,0.0,-0.0
SolLevanteDragons_sdr_1920x1080_24_10bit,new26,1,41,source_x_preset,79.011458,79.011458,79.146391,79.146391,80.80809,80.80809,1963.605,1963.605,0.0,0.0,0.0,-0.0
SolLevanteDragons_sdr_1920x1080_24_10bit,new26,2,28,source_x_preset,96.597658,96.597658,93.382921,93.382921,94.895743,94.895743,5355.854,5355.854,0.0,0.0,0.0,0.0
SolLevanteDragons_sdr_1920x1080_24_10bit,new26,3,60,source_x_preset,35.219449,35.219449,32.788083,32.788083,34.968694,34.968694,453.74,453.74,0.0,0.0,0.0,0.0001
SolLevanteDragons_sdr_1920x1080_24_10bit,new26,4,27,source_x_preset,96.88953,96.88953,93.528195,93.528195,95.040543,95.040543,6259.761,6259.761,0.0,0.0,0.0,-0.0
SolLevanteDragons_sdr_1920x1080_24_10bit,new26,4,28,source_x_preset,96.275451,96.275451,92.793905,92.793905,94.313912,94.313912,5795.927,5795.927,0.0,0.0,0.0,0.0
SolLevanteDragons_sdr_1920x1080_24_10bit,new26,5,43,source_x_preset,73.535898,73.535898,73.348507,73.348507,75.071137,75.071137,1805.6,1805.6,0.0,0.0,0.0,0.0
SolLevanteDragons_sdr_1920x1080_24_10bit,new26,6,52,source_x_preset,55.573399,55.573399,56.599383,56.599383,58.501229,58.501229,1012.033,1012.033,0.0,0.0,0.0,0.0
SolLevanteDragons_sdr_1920x1080_24_10bit,new26,7,63,source_x_preset,19.339683,19.339683,8.9888,8.9888,10.977774,10.977774,216.839,216.839,0.0,0.0,0.0,-0.0001
SolLevanteDragons_sdr_1920x1080_24_10bit,new26,8,60,source_x_preset,31.612204,31.612204,28.444822,28.444822,30.646982,30.646982,482.614,482.614,0.0,0.0,0.0,0.0
SolLevanteDragons_sdr_1920x1080_24_10bit,new26,9,27,source_x_preset,97.026053,97.026053,93.401642,93.401642,94.890412,94.890412,8263.121,8263.121,0.0,0.0,0.0,0.0
SolLevanteDragons_sdr_1920x1080_24_10bit,new26,10,34,source_x_preset,89.290107,89.290107,85.001768,85.001768,86.599352,86.599352,4738.229,4738.229,0.0,0.0,0.0,-0.0
TunnelFlag_1920x1080_5994_10bit_420,new26,1,33,source_x_preset,99.965728,99.965728,100.0,100.0,100.0,100.0,13009.548,13009.548,0.0,0.0,0.0,-0.0
TunnelFlag_1920x1080_5994_10bit_420,new26,2,30,source_x_preset,99.967611,99.967611,100.0,100.0,100.0,100.0,16546.019,16546.019,0.0,0.0,0.0,-0.0
TunnelFlag_1920x1080_5994_10bit_420,new26,3,27,source_x_preset,99.967226,99.967226,100.0,100.0,100.0,100.0,18045.524,18045.524,0.0,0.0,0.0,0.0
TunnelFlag_1920x1080_5994_10bit_420,new26,4,47,source_x_preset,99.927843,99.927843,99.43687,99.43687,99.43687,99.43687,5046.364,5046.364,0.0,0.0,0.0,-0.0
TunnelFlag_1920x1080_5994_10bit_420,new26,5,29,source_x_preset,99.96324,99.96324,100.0,100.0,100.0,100.0,17758.867,17758.867,0.0,0.0,0.0,-0.0
TunnelFlag_1920x1080_5994_10bit_420,new26,6,42,source_x_preset,99.940726,99.940726,99.9997,99.9997,99.9997,99.9997,8122.765,8122.765,0.0,0.0,0.0,-0.0
TunnelFlag_1920x1080_5994_10bit_420,new26,7,37,source_x_preset,99.952102,99.952102,100.0,100.0,100.0,100.0,12280.971,12280.971,0.0,0.0,0.0,0.0
TunnelFlag_1920x1080_5994_10bit_420,new26,8,40,source_x_preset,99.944829,99.944829,99.998279,99.998279,99.998279,99.998279,10426.695,10426.695,0.0,0.0,0.0,-0.0
TunnelFlag_1920x1080_5994_10bit_420,new26,9,44,source_x_preset,99.93027,99.93027,98.858363,98.858363,98.858363,98.858363,7935.829,7935.829,0.0,0.0,0.0,0.0
TunnelFlag_1920x1080_5994_10bit_420,new26,10,24,source_x_preset,99.970641,99.970641,100.0,100.0,100.0,100.0,33690.424,33690.424,0.0,0.0,0.0,0.0
Vertical_Bayshore_270x480_2997,new26,1,34,source_x_preset,96.709064,96.709064,95.388076,95.388076,96.417386,96.417386,501.54,501.54,0.0,0.0,0.0,-0.0001
Vertical_Bayshore_270x480_2997,new26,2,37,source_x_preset,95.380644,95.380644,94.272189,94.272189,95.404434,95.404434,400.957,400.957,0.0,0.0,0.0,-0.0001
Vertical_Bayshore_270x480_2997,new26,3,30,source_x_preset,96.833616,96.833616,95.563661,95.563661,96.558891,96.558891,628.889,628.889,0.0,0.0,0.0,0.0
Vertical_Bayshore_270x480_2997,new26,4,47,source_x_preset,88.458309,88.458309,89.467084,89.467084,90.655006,90.655006,176.666,176.666,0.0,0.0,0.0,0.0002
Vertical_Bayshore_270x480_2997,new26,5,38,source_x_preset,93.568999,93.568999,92.964714,92.964714,94.125205,94.125205,371.735,371.735,0.0,0.0,0.0,0.0001
Vertical_Bayshore_270x480_2997,new26,5,51,source_x_preset,84.609441,84.609441,87.226036,87.226036,88.425811,88.425811,128.668,128.668,0.0,0.0,0.0,0.0002
Vertical_Bayshore_270x480_2997,new26,6,50,source_x_preset,85.014157,85.014157,87.426595,87.426595,88.624653,88.624653,139.537,139.537,0.0,0.0,0.0,-0.0002
Vertical_Bayshore_270x480_2997,new26,7,39,source_x_preset,93.078878,93.078878,92.578874,92.578874,93.739933,93.739933,391.117,391.117,0.0,0.0,0.0,0.0
Vertical_Bayshore_270x480_2997,new26,7,43,source_x_preset,90.427804,90.427804,90.688787,90.688787,91.868613,91.868613,273.784,273.784,0.0,0.0,0.0,0.0
Vertical_Bayshore_270x480_2997,new26,8,50,source_x_preset,84.643861,84.643861,87.148453,87.148453,88.348513,88.348513,153.849,153.849,0.0,0.0,0.0,-0.0003
Vertical_Bayshore_270x480_2997,new26,9,35,source_x_preset,94.34319,94.34319,93.666002,93.666002,94.805948,94.805948,658.688,658.688,0.0,0.0,0.0,-0.0
Vertical_Bayshore_270x480_2997,new26,10,20,source_x_preset,96.934166,96.934166,95.861641,95.861641,96.763549,96.763549,1814.415,1814.415,0.0,0.0,0.0,-0.0
Vertical_Carnaby_1080x1920_5994,new26,1,46,source_x_preset,87.548596,87.548596,84.905331,84.905331,87.317358,87.317358,2933.113,2933.113,0.0,0.0,0.0,-0.0
Vertical_Carnaby_1080x1920_5994,new26,2,45,source_x_preset,88.190735,88.190735,85.405602,85.405602,87.810501,87.810501,3141.28,3141.28,0.0,0.0,0.0,0.0
Vertical_Carnaby_1080x1920_5994,new26,3,51,source_x_preset,81.85607,81.85607,80.907412,80.907412,83.375834,83.375834,2224.378,2224.378,0.0,0.0,0.0,-0.0
Vertical_Carnaby_1080x1920_5994,new26,4,41,source_x_preset,91.478189,91.478189,88.045565,88.045565,90.413822,90.413822,4133.947,4133.947,0.0,0.0,0.0,-0.0
Vertical_Carnaby_1080x1920_5994,new26,5,30,source_x_preset,97.992277,97.992277,94.184819,94.184819,96.220388,96.220388,9111.156,9111.156,0.0,0.0,0.0,0.0
Vertical_Carnaby_1080x1920_5994,new26,6,32,source_x_preset,97.338079,97.338079,93.367871,93.367871,95.505067,95.505067,8465.589,8465.589,0.0,0.0,0.0,-0.0
Vertical_Carnaby_1080x1920_5994,new26,7,46,source_x_preset,85.907595,85.907595,84.471194,84.471194,86.890592,86.890592,3249.744,3249.744,0.0,0.0,0.0,-0.0
Vertical_Carnaby_1080x1920_5994,new26,8,31,source_x_preset,97.477541,97.477541,94.012476,94.012476,96.087422,96.087422,9670.163,9670.163,0.0,0.0,0.0,-0.0
Vertical_Carnaby_1080x1920_5994,new26,9,53,source_x_preset,73.586764,73.586764,75.105065,75.105065,77.649718,77.649718,1917.876,1917.876,0.0,0.0,0.0,-0.0
Vertical_Carnaby_1080x1920_5994,new26,10,20,source_x_preset,99.408472,99.408472,97.259704,97.259704,98.451799,98.451799,18690.826,18690.826,0.0,0.0,0.0,-0.0
WorldCup_1920x1080_30p,new26,1,24,source_x_preset,99.913179,99.913179,98.44233,98.44233,99.874046,99.874046,5755.195,5755.195,0.0,0.0,0.0,-0.0
WorldCup_1920x1080_30p,new26,2,49,source_x_preset,90.99653,90.99653,89.938925,89.938925,92.373023,92.373023,1325.033,1325.033,0.0,0.0,0.0,-0.0
WorldCup_1920x1080_30p,new26,3,30,source_x_preset,99.216187,99.216187,96.574127,96.574127,98.835152,98.835152,3957.207,3957.207,0.0,0.0,0.0,0.0
WorldCup_1920x1080_30p,new26,4,52,source_x_preset,87.362494,87.362494,87.283357,87.283357,89.749822,89.749822,1121.527,1121.527,0.0,0.0,0.0,0.0
WorldCup_1920x1080_30p,new26,4,54,source_x_preset,85.476513,85.476513,85.967471,85.967471,88.44944,88.44944,1004.649,1004.649,0.0,0.0,0.0,0.0
WorldCup_1920x1080_30p,new26,5,45,source_x_preset,91.464363,91.464363,90.371159,90.371159,92.800431,92.800431,1679.934,1679.934,0.0,0.0,0.0,-0.0
WorldCup_1920x1080_30p,new26,6,52,source_x_preset,85.418329,85.418329,86.21067,86.21067,88.688748,88.688748,1156.22,1156.22,0.0,0.0,0.0,0.0
WorldCup_1920x1080_30p,new26,6,63,source_x_preset,54.236815,54.236815,60.278155,60.278155,63.048453,63.048453,312.414,312.414,0.0,0.0,0.0,-0.0001
WorldCup_1920x1080_30p,new26,7,27,source_x_preset,99.261672,99.261672,97.538858,97.538858,99.479826,99.479826,6126.56,6126.56,0.0,0.0,0.0,-0.0
WorldCup_1920x1080_30p,new26,8,36,source_x_preset,96.100206,96.100206,94.339806,94.339806,96.707129,96.707129,3422.033,3422.033,0.0,0.0,0.0,-0.0
WorldCup_1920x1080_30p,new26,9,42,source_x_preset,88.991703,88.991703,89.657987,89.657987,92.092167,92.092167,2257.076,2257.076,0.0,0.0,0.0,0.0
WorldCup_1920x1080_30p,new26,10,45,source_x_preset,84.522053,84.522053,85.824579,85.824579,88.302278,88.302278,1808.036,1808.036,0.0,0.0,0.0,0.0
WorldCup_far_1920x1080_30p,new26,1,49,source_x_preset,97.004369,97.004369,96.185203,96.185203,98.243641,98.243641,2201.049,2201.049,0.0,0.0,0.0,0.0
WorldCup_far_1920x1080_30p,new26,2,35,source_x_preset,99.57134,99.57134,99.2717,99.2717,99.964814,99.964814,5537.862,5537.862,0.0,0.0,0.0,-0.0
WorldCup_far_1920x1080_30p,new26,3,36,source_x_preset,99.106436,99.106436,98.599733,98.599733,99.776722,99.776722,4402.987,4402.987,0.0,0.0,0.0,-0.0
WorldCup_far_1920x1080_30p,new26,3,53,source_x_preset,93.59195,93.59195,93.298983,93.298983,95.663262,95.663262,1611.294,1611.294,0.0,0.0,0.0,-0.0
WorldCup_far_1920x1080_30p,new26,4,35,source_x_preset,99.06941,99.06941,98.689121,98.689121,99.802788,99.802788,4979.376,4979.376,0.0,0.0,0.0,0.0
WorldCup_far_1920x1080_30p,new26,5,31,source_x_preset,99.503206,99.503206,99.239456,99.239456,99.97478,99.97478,7143.839,7143.839,0.0,0.0,0.0,-0.0
WorldCup_far_1920x1080_30p,new26,6,41,source_x_preset,97.959149,97.959149,97.2281,97.2281,98.992073,98.992073,3725.334,3725.334,0.0,0.0,0.0,-0.0
WorldCup_far_1920x1080_30p,new26,7,43,source_x_preset,97.021373,97.021373,96.377614,96.377614,98.3913,98.3913,3374.895,3374.895,0.0,0.0,0.0,0.0
WorldCup_far_1920x1080_30p,new26,8,44,source_x_preset,96.552009,96.552009,95.956393,95.956393,98.015438,98.015438,3533.133,3533.133,0.0,0.0,0.0,-0.0
WorldCup_far_1920x1080_30p,new26,9,38,source_x_preset,97.451354,97.451354,97.137622,97.137622,98.876618,98.876618,5268.109,5268.109,0.0,0.0,0.0,0.0
WorldCup_far_1920x1080_30p,new26,10,42,source_x_preset,94.974731,94.974731,94.685354,94.685354,96.91465,96.91465,3951.146,3951.146,0.0,0.0,0.0,0.0
