source,px,isnew,stage,crf,run,enc_self_s,enc_wall_s,score_v061_s,score_v1_s,scale_s
SparksElevator_480x270p_5994_10bit,129600,0,wall_full,55,0,0.18,0.2436,0.1696,0.1344,0.0454
SparksElevator_480x270p_5994_10bit,129600,0,knot_half,33,0,0.076,0.1018,0.0836,,
SparksElevator_480x270p_5994_10bit,129600,0,knot_half,51,0,0.086,0.12,0.0878,,
SparksElevator_480x270p_5994_10bit,129600,0,wall_full,55,1,0.188,0.2443,0.1844,0.1372,0.0454
SparksElevator_480x270p_5994_10bit,129600,0,knot_half,33,1,0.077,0.1029,0.0874,,
SparksElevator_480x270p_5994_10bit,129600,0,knot_half,51,1,0.095,0.1313,0.0965,,
SparksElevator_480x270p_5994_10bit,129600,0,wall_full,55,2,0.199,0.2639,0.1794,0.1411,0.0454
SparksElevator_480x270p_5994_10bit,129600,0,knot_half,33,2,0.077,0.1041,0.0928,,
SparksElevator_480x270p_5994_10bit,129600,0,knot_half,51,2,0.086,0.1168,0.0968,,
ParkJoy_480x270_50,129600,0,wall_full,55,0,0.158,0.2036,0.213,0.1368,0.2412
ParkJoy_480x270_50,129600,0,knot_half,33,0,0.062,0.0843,0.0981,,
ParkJoy_480x270_50,129600,0,knot_half,51,0,0.074,0.1158,0.0852,,
ParkJoy_480x270_50,129600,0,wall_full,55,1,0.169,0.2153,0.1569,0.1323,0.2412
ParkJoy_480x270_50,129600,0,knot_half,33,1,0.065,0.087,0.0915,,
ParkJoy_480x270_50,129600,0,knot_half,51,1,0.071,0.0984,0.0822,,
ParkJoy_480x270_50,129600,0,wall_full,55,2,0.168,0.2104,0.1509,0.1314,0.2412
ParkJoy_480x270_50,129600,0,knot_half,33,2,0.063,0.0848,0.0929,,
ParkJoy_480x270_50,129600,0,knot_half,51,2,0.086,0.114,0.0925,,
FourPeople_480x270_60,129600,1,wall_full,55,0,0.123,0.1678,0.1477,0.1097,0.0369
FourPeople_480x270_60,129600,1,knot_half,33,0,0.053,0.0737,0.0855,,
FourPeople_480x270_60,129600,1,knot_half,51,0,0.061,0.0904,0.0853,,
FourPeople_480x270_60,129600,1,wall_full,55,1,0.124,0.1714,0.1574,0.126,0.0369
FourPeople_480x270_60,129600,1,knot_half,33,1,0.048,0.0704,0.0806,,
FourPeople_480x270_60,129600,1,knot_half,51,1,0.06,0.0875,0.0833,,
FourPeople_480x270_60,129600,1,wall_full,55,2,0.122,0.1709,0.1758,0.1234,0.0369
FourPeople_480x270_60,129600,1,knot_half,33,2,0.059,0.0827,0.0819,,
FourPeople_480x270_60,129600,1,knot_half,51,2,0.064,0.0873,0.0752,,
Vertical_Bayshore_270x480_2997,129600,1,wall_full,55,0,0.127,0.1653,0.1669,0.1196,0.0396
Vertical_Bayshore_270x480_2997,129600,1,knot_half,33,0,0.059,0.0806,0.0899,,
Vertical_Bayshore_270x480_2997,129600,1,knot_half,51,0,0.063,0.086,0.0838,,
Vertical_Bayshore_270x480_2997,129600,1,wall_full,55,1,0.132,0.1737,0.1653,0.1173,0.0396
Vertical_Bayshore_270x480_2997,129600,1,knot_half,33,1,0.058,0.0805,0.0961,,
Vertical_Bayshore_270x480_2997,129600,1,knot_half,51,1,0.063,0.0916,0.089,,
Vertical_Bayshore_270x480_2997,129600,1,wall_full,55,2,0.149,0.1939,0.1773,0.1193,0.0396
Vertical_Bayshore_270x480_2997,129600,1,knot_half,33,2,0.061,0.0849,0.0924,,
Vertical_Bayshore_270x480_2997,129600,1,knot_half,51,2,0.072,0.0964,0.0905,,
RedKayak_360_2997,230400,0,wall_full,55,0,0.211,0.2644,0.2384,0.2008,0.4812
RedKayak_360_2997,230400,0,knot_half,33,0,0.107,0.1315,0.1364,0.115,
RedKayak_360_2997,230400,0,knot_half,51,0,0.076,0.1001,0.1053,0.1003,
RedKayak_360_2997,230400,0,wall_full,55,1,0.206,0.247,0.2351,0.1939,0.4812
RedKayak_360_2997,230400,0,knot_half,33,1,0.09,0.114,0.129,0.116,
RedKayak_360_2997,230400,0,knot_half,51,1,0.074,0.0976,0.1039,0.102,
RedKayak_360_2997,230400,0,wall_full,55,2,0.219,0.2568,0.2452,0.2079,0.4812
RedKayak_360_2997,230400,0,knot_half,33,2,0.092,0.1163,0.1353,0.1166,
RedKayak_360_2997,230400,0,knot_half,51,2,0.077,0.1012,0.1122,0.0999,
TouchdownPass_640x360_2997,230400,0,wall_full,55,0,0.367,0.4095,0.3036,0.2102,0.1605
TouchdownPass_640x360_2997,230400,0,knot_half,33,0,0.082,0.1058,0.0998,0.0981,
TouchdownPass_640x360_2997,230400,0,knot_half,51,0,0.073,0.0965,0.0801,0.0943,
TouchdownPass_640x360_2997,230400,0,wall_full,55,1,0.197,0.2426,0.2373,0.1784,0.1605
TouchdownPass_640x360_2997,230400,0,knot_half,33,1,0.072,0.0957,0.0976,0.0977,
TouchdownPass_640x360_2997,230400,0,knot_half,51,1,0.074,0.0969,0.0937,0.0902,
TouchdownPass_640x360_2997,230400,0,wall_full,55,2,0.203,0.2409,0.2574,0.1737,0.1605
TouchdownPass_640x360_2997,230400,0,knot_half,33,2,0.073,0.0973,0.1028,0.0949,
TouchdownPass_640x360_2997,230400,0,knot_half,51,2,0.072,0.0951,0.0796,0.0885,
SpeedBag_640x360_2997,230400,0,wall_full,55,0,0.166,0.2032,0.2317,0.1916,0.1466
SpeedBag_640x360_2997,230400,0,knot_half,33,0,0.069,0.0942,0.1023,0.0934,
SpeedBag_640x360_2997,230400,0,knot_half,51,0,0.069,0.095,0.088,0.0917,
SpeedBag_640x360_2997,230400,0,wall_full,55,1,0.174,0.2228,0.2303,0.2014,0.1466
SpeedBag_640x360_2997,230400,0,knot_half,33,1,0.068,0.0948,0.1014,0.0908,
SpeedBag_640x360_2997,230400,0,knot_half,51,1,0.063,0.0882,0.0957,0.0886,
SpeedBag_640x360_2997,230400,0,wall_full,55,2,0.156,0.1956,0.3717,0.26,0.1466
SpeedBag_640x360_2997,230400,0,knot_half,33,2,0.072,0.0999,0.0899,0.0973,
SpeedBag_640x360_2997,230400,0,knot_half,51,2,0.072,0.0973,0.092,0.0944,
BlueSky_360p25,230400,0,wall_full,55,0,0.21,0.2586,0.229,0.1932,0.1524
BlueSky_360p25,230400,0,knot_half,33,0,0.082,0.1055,0.1089,0.1054,
BlueSky_360p25,230400,0,knot_half,51,0,0.089,0.1129,0.0915,0.0945,
BlueSky_360p25,230400,0,wall_full,55,1,0.219,0.2651,0.2453,0.1915,0.1524
BlueSky_360p25,230400,0,knot_half,33,1,0.082,0.1063,0.101,0.1046,
BlueSky_360p25,230400,0,knot_half,51,1,0.087,0.1104,0.1096,0.1003,
BlueSky_360p25,230400,0,wall_full,55,2,0.244,0.2829,0.2367,0.1955,0.1524
BlueSky_360p25,230400,0,knot_half,33,2,0.078,0.1021,0.1115,0.1255,
BlueSky_360p25,230400,0,knot_half,51,2,0.096,0.1201,0.1023,0.0956,
Stockholm_640x360_5994,230400,0,wall_full,55,0,0.182,0.2284,0.2349,0.1824,0.1315
Stockholm_640x360_5994,230400,0,knot_half,33,0,0.069,0.0916,0.1009,0.0931,
Stockholm_640x360_5994,230400,0,knot_half,51,0,0.072,0.0945,0.077,0.0978,
Stockholm_640x360_5994,230400,0,wall_full,55,1,0.196,0.2485,0.2482,0.1852,0.1315
Stockholm_640x360_5994,230400,0,knot_half,33,1,0.067,0.0909,0.1041,0.0936,
Stockholm_640x360_5994,230400,0,knot_half,51,1,0.076,0.0999,0.1035,0.0863,
Stockholm_640x360_5994,230400,0,wall_full,55,2,0.21,0.2505,0.2632,0.1965,0.1315
Stockholm_640x360_5994,230400,0,knot_half,33,2,0.08,0.1062,0.1081,0.096,
Stockholm_640x360_5994,230400,0,knot_half,51,2,0.071,0.0941,0.0917,0.0893,
BlueSky_360p25_v2,230400,1,wall_full,55,0,0.216,0.2702,0.2265,0.1903,0.0448
BlueSky_360p25_v2,230400,1,knot_half,33,0,0.084,0.1075,0.103,0.0987,
BlueSky_360p25_v2,230400,1,knot_half,51,0,0.087,0.1103,0.1042,0.0936,
BlueSky_360p25_v2,230400,1,wall_full,55,1,0.216,0.2583,0.2184,0.192,0.0448
BlueSky_360p25_v2,230400,1,knot_half,33,1,0.085,0.1085,0.1071,0.0984,
BlueSky_360p25_v2,230400,1,knot_half,51,1,0.086,0.1084,0.0973,0.0941,
BlueSky_360p25_v2,230400,1,wall_full,55,2,0.217,0.253,0.2343,0.1916,0.0448
BlueSky_360p25_v2,230400,1,knot_half,33,2,0.079,0.1027,0.1083,0.1015,
BlueSky_360p25_v2,230400,1,knot_half,51,2,0.087,0.1159,0.1011,0.0912,
SnowMountain_640x360_2997,230400,0,wall_full,55,0,0.149,0.1856,0.249,0.2345,0.1256
SnowMountain_640x360_2997,230400,0,knot_half,33,0,0.063,0.0893,0.0961,0.0961,
SnowMountain_640x360_2997,230400,0,knot_half,51,0,0.066,0.0954,0.0902,0.0974,
SnowMountain_640x360_2997,230400,0,wall_full,55,1,0.162,0.2081,0.2622,0.2379,0.1256
SnowMountain_640x360_2997,230400,0,knot_half,33,1,0.059,0.0862,0.0985,0.1059,
SnowMountain_640x360_2997,230400,0,knot_half,51,1,0.057,0.082,0.0869,0.0957,
SnowMountain_640x360_2997,230400,0,wall_full,55,2,0.159,0.1988,0.2538,0.2466,0.1256
SnowMountain_640x360_2997,230400,0,knot_half,33,2,0.063,0.0902,0.1161,0.1243,
SnowMountain_640x360_2997,230400,0,knot_half,51,2,0.066,0.0913,0.0879,0.1,
WestWindEasy_1280x720p30_420,921600,0,wall_full,55,0,0.438,0.6033,1.0081,0.7411,0.3573
WestWindEasy_1280x720p30_420,921600,0,knot_half,33,0,0.292,0.3382,0.2884,0.3587,
WestWindEasy_1280x720p30_420,921600,0,knot_half,51,0,0.257,0.3156,0.3141,0.248,
WestWindEasy_1280x720p30_420,921600,0,wall_full,55,1,0.525,0.6386,1.0375,0.6981,0.3573
WestWindEasy_1280x720p30_420,921600,0,knot_half,33,1,0.258,0.3003,0.2954,0.3052,
WestWindEasy_1280x720p30_420,921600,0,knot_half,51,1,0.243,0.362,0.4636,0.2836,
WestWindEasy_1280x720p30_420,921600,0,wall_full,55,2,0.504,0.6218,1.0227,0.6893,0.3573
WestWindEasy_1280x720p30_420,921600,0,knot_half,33,2,0.26,0.3099,0.2987,0.2959,
WestWindEasy_1280x720p30_420,921600,0,knot_half,51,2,0.224,0.2659,0.3313,0.2485,
KristenAndSara_1280x720_60,921600,0,wall_full,55,0,0.348,0.4892,0.993,0.8231,0.394
KristenAndSara_1280x720_60,921600,0,knot_half,33,0,0.191,0.2326,0.2721,0.251,
KristenAndSara_1280x720_60,921600,0,knot_half,51,0,0.187,0.2298,0.2959,0.2799,
KristenAndSara_1280x720_60,921600,0,wall_full,55,1,0.337,0.4461,1.0097,0.9726,0.394
KristenAndSara_1280x720_60,921600,0,knot_half,33,1,0.204,0.2522,0.2959,0.2831,
KristenAndSara_1280x720_60,921600,0,knot_half,51,1,0.191,0.238,0.3005,0.2853,
KristenAndSara_1280x720_60,921600,0,wall_full,55,2,0.364,0.494,1.1101,0.8909,0.394
KristenAndSara_1280x720_60,921600,0,knot_half,33,2,0.193,0.2372,0.275,0.2557,
KristenAndSara_1280x720_60,921600,0,knot_half,51,2,0.181,0.2244,0.2687,0.2532,
ControlledBurn_1280x720p30_420,921600,0,wall_full,55,0,0.447,0.5624,1.0437,0.8015,0.372
ControlledBurn_1280x720p30_420,921600,0,knot_half,33,0,0.245,0.2885,0.2936,0.2294,
ControlledBurn_1280x720p30_420,921600,0,knot_half,51,0,0.213,0.2582,0.2932,0.2282,
ControlledBurn_1280x720p30_420,921600,0,wall_full,55,1,0.418,0.5616,1.0988,0.7159,0.372
ControlledBurn_1280x720p30_420,921600,0,knot_half,33,1,0.22,0.2633,0.2979,0.229,
ControlledBurn_1280x720p30_420,921600,0,knot_half,51,1,0.212,0.2561,0.2855,0.227,
ControlledBurn_1280x720p30_420,921600,0,wall_full,55,2,0.418,0.5169,1.0279,0.699,0.372
ControlledBurn_1280x720p30_420,921600,0,knot_half,33,2,0.209,0.2508,0.3218,0.256,
ControlledBurn_1280x720p30_420,921600,0,knot_half,51,2,0.264,0.3199,0.341,0.2548,
DrivingPOV_1280x720p_5994_10bit_420,921600,0,wall_full,55,0,0.706,0.915,1.2508,0.8253,0.5205
DrivingPOV_1280x720p_5994_10bit_420,921600,0,knot_half,33,0,0.336,0.3935,0.3422,0.2459,
DrivingPOV_1280x720p_5994_10bit_420,921600,0,knot_half,51,0,0.329,0.3832,0.3382,0.2477,
DrivingPOV_1280x720p_5994_10bit_420,921600,0,wall_full,55,1,0.757,0.8817,1.2987,0.7645,0.5205
DrivingPOV_1280x720p_5994_10bit_420,921600,0,knot_half,33,1,0.332,0.3834,0.3445,0.2348,
DrivingPOV_1280x720p_5994_10bit_420,921600,0,knot_half,51,1,0.376,0.4306,0.38,0.2478,
DrivingPOV_1280x720p_5994_10bit_420,921600,0,wall_full,55,2,0.748,0.8886,1.2585,0.7533,0.5205
DrivingPOV_1280x720p_5994_10bit_420,921600,0,knot_half,33,2,0.371,0.425,0.3681,0.2445,
DrivingPOV_1280x720p_5994_10bit_420,921600,0,knot_half,51,2,0.377,0.4393,0.3777,0.263,
RollerCoaster_1280x720p_5994_10bit_420,921600,0,wall_full,55,0,0.646,0.8394,1.3585,0.8842,0.6174
RollerCoaster_1280x720p_5994_10bit_420,921600,0,knot_half,33,0,0.369,0.422,0.335,0.2368,
RollerCoaster_1280x720p_5994_10bit_420,921600,0,knot_half,51,0,0.33,0.385,0.3348,0.2292,
RollerCoaster_1280x720p_5994_10bit_420,921600,0,wall_full,55,1,0.654,0.7797,1.2482,0.8274,0.6174
RollerCoaster_1280x720p_5994_10bit_420,921600,0,knot_half,33,1,0.339,0.3923,0.367,0.2451,
RollerCoaster_1280x720p_5994_10bit_420,921600,0,knot_half,51,1,0.359,0.4237,0.3997,0.2569,
RollerCoaster_1280x720p_5994_10bit_420,921600,0,wall_full,55,2,0.742,0.8988,1.2615,0.7236,0.6174
RollerCoaster_1280x720p_5994_10bit_420,921600,0,knot_half,33,2,0.407,0.5434,0.4256,0.3231,
RollerCoaster_1280x720p_5994_10bit_420,921600,0,knot_half,51,2,0.334,0.3965,0.3403,0.2495,
Vidyo3_1280x720p_60fps,921600,0,wall_full,55,0,0.402,0.6092,0.9562,1.0301,0.3845
Vidyo3_1280x720p_60fps,921600,0,knot_half,33,0,0.205,0.2535,0.2749,0.2372,
Vidyo3_1280x720p_60fps,921600,0,knot_half,51,0,0.224,0.2663,0.2896,0.2474,
Vidyo3_1280x720p_60fps,921600,0,wall_full,55,1,0.483,0.6086,1.0445,0.7489,0.3845
Vidyo3_1280x720p_60fps,921600,0,knot_half,33,1,0.185,0.2268,0.2742,0.2338,
Vidyo3_1280x720p_60fps,921600,0,knot_half,51,1,0.192,0.2334,0.2763,0.2327,
Vidyo3_1280x720p_60fps,921600,0,wall_full,55,2,0.394,0.5098,0.9936,0.7255,0.3845
Vidyo3_1280x720p_60fps,921600,0,knot_half,33,2,0.181,0.2224,0.2665,0.2284,
Vidyo3_1280x720p_60fps,921600,0,knot_half,51,2,0.219,0.2626,0.2919,0.248,
Vidyo4_1280x720p_60fps,921600,0,wall_full,55,0,0.345,0.4864,1.1254,0.8256,0.3965
Vidyo4_1280x720p_60fps,921600,0,knot_half,33,0,0.218,0.2651,0.3028,0.2491,
Vidyo4_1280x720p_60fps,921600,0,knot_half,51,0,0.23,0.2776,0.2836,0.2271,
Vidyo4_1280x720p_60fps,921600,0,wall_full,55,1,0.343,0.4785,1.0347,0.7055,0.3965
Vidyo4_1280x720p_60fps,921600,0,knot_half,33,1,0.186,0.2279,0.3286,0.2533,
Vidyo4_1280x720p_60fps,921600,0,knot_half,51,1,0.237,0.2878,0.2874,0.2303,
Vidyo4_1280x720p_60fps,921600,0,wall_full,55,2,0.36,0.4725,0.9857,0.7107,0.3965
Vidyo4_1280x720p_60fps,921600,0,knot_half,33,2,0.187,0.2294,0.2753,0.2605,
Vidyo4_1280x720p_60fps,921600,0,knot_half,51,2,0.402,0.534,0.4304,0.3123,
Johnny_1280x720_60,921600,0,wall_full,55,0,0.391,0.6623,0.9964,0.7758,0.3697
Johnny_1280x720_60,921600,0,knot_half,33,0,0.219,0.2597,0.2763,0.3141,
Johnny_1280x720_60,921600,0,knot_half,51,0,0.257,0.3112,0.2964,0.2789,
Johnny_1280x720_60,921600,0,wall_full,55,1,0.399,0.5408,0.9604,0.7974,0.3697
Johnny_1280x720_60,921600,0,knot_half,33,1,0.185,0.2312,0.298,0.29,
Johnny_1280x720_60,921600,0,knot_half,51,1,0.213,0.2643,0.2677,0.2496,
Johnny_1280x720_60,921600,0,wall_full,55,2,0.356,0.455,0.9514,0.7911,0.3697
Johnny_1280x720_60,921600,0,knot_half,33,2,0.18,0.2217,0.2557,0.254,
Johnny_1280x720_60,921600,0,knot_half,51,2,0.189,0.2385,0.2511,0.2508,
CosmosTreeTrunk_sdr_2048x858_25_8bit,1757184,1,wall_full,55,0,0.663,0.9777,1.714,1.1907,0.1206
CosmosTreeTrunk_sdr_2048x858_25_8bit,1757184,1,knot_half,33,0,0.318,0.379,0.5159,0.4023,
CosmosTreeTrunk_sdr_2048x858_25_8bit,1757184,1,knot_half,51,0,0.332,0.4354,0.5826,0.4173,
CosmosTreeTrunk_sdr_2048x858_25_8bit,1757184,1,wall_full,55,1,0.796,1.0039,2.3984,1.4836,0.1206
CosmosTreeTrunk_sdr_2048x858_25_8bit,1757184,1,knot_half,33,1,0.377,0.4454,0.7316,0.5484,
CosmosTreeTrunk_sdr_2048x858_25_8bit,1757184,1,knot_half,51,1,0.353,0.4287,0.64,0.4348,
CosmosTreeTrunk_sdr_2048x858_25_8bit,1757184,1,wall_full,55,2,0.813,1.1854,2.3925,1.516,0.1206
CosmosTreeTrunk_sdr_2048x858_25_8bit,1757184,1,knot_half,33,2,0.355,0.4204,0.6743,0.5311,
CosmosTreeTrunk_sdr_2048x858_25_8bit,1757184,1,knot_half,51,2,0.357,0.4393,0.5983,0.4472,
EuroTruckSimulator2_1920x1080p60,2073600,0,wall_full,55,0,1.123,1.4191,3.0825,1.7528,0.6415
EuroTruckSimulator2_1920x1080p60,2073600,0,knot_half,33,0,0.533,0.6268,0.7695,0.5282,
EuroTruckSimulator2_1920x1080p60,2073600,0,knot_half,51,0,0.484,0.5663,0.8473,0.6556,
EuroTruckSimulator2_1920x1080p60,2073600,0,wall_full,55,1,1.526,1.8858,3.5421,1.5324,0.6415
EuroTruckSimulator2_1920x1080p60,2073600,0,knot_half,33,1,0.494,0.5738,0.7472,0.5354,
EuroTruckSimulator2_1920x1080p60,2073600,0,knot_half,51,1,0.638,0.7299,0.8878,0.5398,
EuroTruckSimulator2_1920x1080p60,2073600,0,wall_full,55,2,1.361,1.7707,3.1065,1.4357,0.6415
EuroTruckSimulator2_1920x1080p60,2073600,0,knot_half,33,2,0.538,0.6163,0.963,0.6039,
EuroTruckSimulator2_1920x1080p60,2073600,0,knot_half,51,2,0.555,0.639,0.7649,0.5013,
PedestrianArea_1920x1080p25,2073600,0,wall_full,55,0,0.917,1.2424,2.871,1.4993,0.7839
PedestrianArea_1920x1080p25,2073600,0,knot_half,33,0,0.623,0.7138,0.8849,0.5885,
PedestrianArea_1920x1080p25,2073600,0,knot_half,51,0,0.468,0.557,0.8022,0.4944,
PedestrianArea_1920x1080p25,2073600,0,wall_full,55,1,1.098,1.3721,2.6429,1.3455,0.7839
PedestrianArea_1920x1080p25,2073600,0,knot_half,33,1,0.374,0.4593,0.7587,0.6212,
PedestrianArea_1920x1080p25,2073600,0,knot_half,51,1,0.392,0.4794,0.6725,0.5433,
PedestrianArea_1920x1080p25,2073600,0,wall_full,55,2,0.99,1.2702,2.6334,1.3184,0.7839
PedestrianArea_1920x1080p25,2073600,0,knot_half,33,2,0.372,0.4476,0.806,0.5408,
PedestrianArea_1920x1080p25,2073600,0,knot_half,51,2,0.437,0.5195,0.7272,0.5971,
MountainBike_1920x1080_30fps_8bit,2073600,0,wall_full,55,0,1.665,1.9858,2.8655,2.034,0.6937
MountainBike_1920x1080_30fps_8bit,2073600,0,knot_half,33,0,0.763,0.8418,1.0133,0.9,
MountainBike_1920x1080_30fps_8bit,2073600,0,knot_half,51,0,0.768,0.8494,0.9361,0.6695,
MountainBike_1920x1080_30fps_8bit,2073600,0,wall_full,55,1,2.007,2.2798,2.9972,1.5216,0.6937
MountainBike_1920x1080_30fps_8bit,2073600,0,knot_half,33,1,0.731,0.8162,0.9919,1.4268,
MountainBike_1920x1080_30fps_8bit,2073600,0,knot_half,51,1,1.636,1.7627,1.5309,1.0686,
MountainBike_1920x1080_30fps_8bit,2073600,0,wall_full,55,2,2.679,3.0897,4.7419,2.5284,0.6937
MountainBike_1920x1080_30fps_8bit,2073600,0,knot_half,33,2,1.142,1.2573,1.4826,1.6139,
MountainBike_1920x1080_30fps_8bit,2073600,0,knot_half,51,2,1.454,1.6145,1.4012,0.9428,
Slides1_1920x1080_30fps_8bit_420,2073600,0,wall_full,55,0,1.438,1.8269,3.7804,2.287,0.7886
Slides1_1920x1080_30fps_8bit_420,2073600,0,knot_half,33,0,0.549,0.6468,0.9534,0.839,
Slides1_1920x1080_30fps_8bit_420,2073600,0,knot_half,51,0,0.663,0.8126,0.9891,0.9759,
Slides1_1920x1080_30fps_8bit_420,2073600,0,wall_full,55,1,1.463,1.8192,4.0118,3.6462,0.7886
Slides1_1920x1080_30fps_8bit_420,2073600,0,knot_half,33,1,0.972,1.1357,1.3715,1.2791,
Slides1_1920x1080_30fps_8bit_420,2073600,0,knot_half,51,1,0.726,0.8459,0.9615,0.782,
Slides1_1920x1080_30fps_8bit_420,2073600,0,wall_full,55,2,1.427,1.7236,3.5618,2.2003,0.7886
Slides1_1920x1080_30fps_8bit_420,2073600,0,knot_half,33,2,0.53,0.6231,1.0082,0.9068,
Slides1_1920x1080_30fps_8bit_420,2073600,0,knot_half,51,2,0.645,0.7557,0.9775,0.9202,
RushFieldCuts_1920x1080_2997,2073600,0,wall_full,55,0,2.205,2.6428,4.4359,2.7996,0.7256
RushFieldCuts_1920x1080_2997,2073600,0,knot_half,33,0,1.532,1.6725,1.6252,0.9367,
RushFieldCuts_1920x1080_2997,2073600,0,knot_half,51,0,0.887,0.998,1.4454,1.1168,
RushFieldCuts_1920x1080_2997,2073600,0,wall_full,55,1,1.831,2.1463,4.0727,2.6042,0.7256
RushFieldCuts_1920x1080_2997,2073600,0,knot_half,33,1,0.748,0.8418,1.2143,1.0282,
RushFieldCuts_1920x1080_2997,2073600,0,knot_half,51,1,0.857,1.0123,1.8585,1.2614,
RushFieldCuts_1920x1080_2997,2073600,0,wall_full,55,2,2.593,3.0239,5.1308,2.6883,0.7256
RushFieldCuts_1920x1080_2997,2073600,0,knot_half,33,2,0.765,0.8629,1.121,0.9879,
RushFieldCuts_1920x1080_2997,2073600,0,knot_half,51,2,0.79,0.9105,1.2125,0.7975,
Riverbed_1920x1080p25,2073600,0,wall_full,55,0,2.277,2.7248,4.2829,2.7255,0.7592
Riverbed_1920x1080p25,2073600,0,knot_half,33,0,0.812,0.9091,1.1033,0.9538,
Riverbed_1920x1080p25,2073600,0,knot_half,51,0,0.683,0.7758,1.2287,0.7582,
Riverbed_1920x1080p25,2073600,0,wall_full,55,1,1.544,1.8068,3.7246,1.3609,0.7592
Riverbed_1920x1080p25,2073600,0,knot_half,33,1,0.51,0.5818,0.6786,0.6025,
Riverbed_1920x1080p25,2073600,0,knot_half,51,1,0.431,0.5116,0.6728,0.4011,
Riverbed_1920x1080p25,2073600,0,wall_full,55,2,1.205,1.3912,2.4379,1.2155,0.7592
Riverbed_1920x1080p25,2073600,0,knot_half,33,2,0.477,0.5446,0.6289,0.5483,
Riverbed_1920x1080p25,2073600,0,knot_half,51,2,0.453,0.6282,0.712,0.422,
GlassHalf_1920x1080p_24p_8bit_420,2073600,0,wall_full,55,0,4.312,4.6018,1.7785,1.0268,0.7225
GlassHalf_1920x1080p_24p_8bit_420,2073600,0,knot_half,33,0,0.341,0.4095,0.5457,0.4872,
GlassHalf_1920x1080p_24p_8bit_420,2073600,0,knot_half,51,0,0.466,0.5337,0.6084,0.5282,
GlassHalf_1920x1080p_24p_8bit_420,2073600,0,wall_full,55,1,0.8,0.966,2.4393,1.4069,0.7225
GlassHalf_1920x1080p_24p_8bit_420,2073600,0,knot_half,33,1,0.474,0.549,0.6531,0.4683,
GlassHalf_1920x1080p_24p_8bit_420,2073600,0,knot_half,51,1,0.436,0.5039,0.5785,0.4752,
GlassHalf_1920x1080p_24p_8bit_420,2073600,0,wall_full,55,2,1.005,1.2278,2.2359,1.2301,0.7225
GlassHalf_1920x1080p_24p_8bit_420,2073600,0,knot_half,33,2,0.41,0.4788,0.5809,0.5529,
GlassHalf_1920x1080p_24p_8bit_420,2073600,0,knot_half,51,2,0.455,0.5372,0.5719,0.5234,
MINECRAFT_1080p_60_8bit,2073600,0,wall_full,55,0,1.742,2.1488,2.2674,1.1747,0.6947
MINECRAFT_1080p_60_8bit,2073600,0,knot_half,33,0,0.434,0.5004,0.6111,0.5656,
MINECRAFT_1080p_60_8bit,2073600,0,knot_half,51,0,0.436,0.5036,0.6061,0.4236,
MINECRAFT_1080p_60_8bit,2073600,0,wall_full,55,1,1.781,1.9711,2.2831,1.3358,0.6947
MINECRAFT_1080p_60_8bit,2073600,0,knot_half,33,1,0.45,0.5167,0.6859,0.61,
MINECRAFT_1080p_60_8bit,2073600,0,knot_half,51,1,0.402,0.4778,0.6134,0.4346,
MINECRAFT_1080p_60_8bit,2073600,0,wall_full,55,2,1.946,2.18,2.4184,1.2921,0.6947
MINECRAFT_1080p_60_8bit,2073600,0,knot_half,33,2,0.5,0.5699,0.7408,0.5681,
MINECRAFT_1080p_60_8bit,2073600,0,knot_half,51,2,0.762,0.8361,0.8258,0.4661,
MeridianTalk_sdr_1920x1080p_5994_10bit,2073600,0,wall_full,55,0,15.166,17.8332,3.3338,1.8759,1.7647
MeridianTalk_sdr_1920x1080p_5994_10bit,2073600,0,knot_half,33,0,0.671,0.8787,1.0237,0.7742,
MeridianTalk_sdr_1920x1080p_5994_10bit,2073600,0,knot_half,51,0,0.54,0.6951,1.1635,0.6524,
MeridianTalk_sdr_1920x1080p_5994_10bit,2073600,0,wall_full,55,1,2.948,3.3456,4.3384,2.2361,1.7647
MeridianTalk_sdr_1920x1080p_5994_10bit,2073600,0,knot_half,33,1,0.614,0.7763,1.3998,1.0133,
MeridianTalk_sdr_1920x1080p_5994_10bit,2073600,0,knot_half,51,1,0.744,0.9075,1.6599,0.9858,
MeridianTalk_sdr_1920x1080p_5994_10bit,2073600,0,wall_full,55,2,2.055,2.5134,5.756,3.4208,1.7647
MeridianTalk_sdr_1920x1080p_5994_10bit,2073600,0,knot_half,33,2,0.841,1.0234,2.1439,1.4238,
MeridianTalk_sdr_1920x1080p_5994_10bit,2073600,0,knot_half,51,2,0.831,1.0636,2.2379,1.7099,
Debugging_1920x1080_30fps_8bit_420,2073600,0,wall_full,55,0,2.905,3.5964,6.8483,4.5548,1.326
Debugging_1920x1080_30fps_8bit_420,2073600,0,knot_half,33,0,0.927,1.1857,1.8224,1.6574,
Debugging_1920x1080_30fps_8bit_420,2073600,0,knot_half,51,0,1.093,1.2787,2.0942,1.7176,
Debugging_1920x1080_30fps_8bit_420,2073600,0,wall_full,55,1,2.25,2.8066,6.9447,3.9261,1.326
Debugging_1920x1080_30fps_8bit_420,2073600,0,knot_half,33,1,0.76,0.9305,1.6278,1.4918,
Debugging_1920x1080_30fps_8bit_420,2073600,0,knot_half,51,1,0.786,0.9482,1.3865,1.1251,
Debugging_1920x1080_30fps_8bit_420,2073600,0,wall_full,55,2,1.882,2.312,4.645,2.7964,1.326
Debugging_1920x1080_30fps_8bit_420,2073600,0,knot_half,33,2,0.586,0.7184,1.0808,1.1442,
Debugging_1920x1080_30fps_8bit_420,2073600,0,knot_half,51,2,0.713,0.8455,1.1588,1.0217,
DOTA2_1920x1080_60_8bit_420,2073600,0,wall_full,55,0,2.282,2.8481,4.8054,2.0558,0.7636
DOTA2_1920x1080_60_8bit_420,2073600,0,knot_half,33,0,0.565,0.6768,1.0298,0.8084,
DOTA2_1920x1080_60_8bit_420,2073600,0,knot_half,51,0,0.533,0.654,1.0124,0.6762,
DOTA2_1920x1080_60_8bit_420,2073600,0,wall_full,55,1,0.909,2.5737,3.2791,1.6436,0.7636
DOTA2_1920x1080_60_8bit_420,2073600,0,knot_half,33,1,0.459,0.5544,0.7995,0.5911,
DOTA2_1920x1080_60_8bit_420,2073600,0,knot_half,51,1,0.473,0.5714,1.492,0.7171,
DOTA2_1920x1080_60_8bit_420,2073600,0,wall_full,55,2,1.166,1.5155,3.1161,1.5881,0.7636
DOTA2_1920x1080_60_8bit_420,2073600,0,knot_half,33,2,0.457,0.5552,0.7945,0.5908,
DOTA2_1920x1080_60_8bit_420,2073600,0,knot_half,51,2,0.514,0.6296,0.8573,0.4913,
MissionControlClip3_1920x1080_60_420,2073600,0,wall_full,55,0,1.443,1.9231,2.6333,1.4288,0.6666
MissionControlClip3_1920x1080_60_420,2073600,0,knot_half,33,0,0.35,0.4348,0.8467,0.5631,
MissionControlClip3_1920x1080_60_420,2073600,0,knot_half,51,0,0.341,0.4369,0.6581,0.5184,
MissionControlClip3_1920x1080_60_420,2073600,0,wall_full,55,1,0.894,1.3552,2.5643,1.3067,0.6666
MissionControlClip3_1920x1080_60_420,2073600,0,knot_half,33,1,0.334,0.4142,0.7977,0.4882,
MissionControlClip3_1920x1080_60_420,2073600,0,knot_half,51,1,0.328,0.4143,0.6427,0.4846,
MissionControlClip3_1920x1080_60_420,2073600,0,wall_full,55,2,0.908,1.1267,2.465,1.3346,0.6666
MissionControlClip3_1920x1080_60_420,2073600,0,knot_half,33,2,0.313,0.3917,0.656,0.564,
MissionControlClip3_1920x1080_60_420,2073600,0,knot_half,51,2,0.398,0.4947,0.6589,0.5365,
Life_1080p30,2073600,1,wall_full,55,0,1.769,2.1516,2.2107,1.3393,0.1291
Life_1080p30,2073600,1,knot_half,33,0,0.441,0.5285,0.639,0.4654,
Life_1080p30,2073600,1,knot_half,51,0,0.473,0.5531,0.7108,0.5338,
Life_1080p30,2073600,1,wall_full,55,1,1.032,1.2924,2.491,1.3676,0.1291
Life_1080p30,2073600,1,knot_half,33,1,0.573,0.6723,0.7913,0.5438,
Life_1080p30,2073600,1,knot_half,51,1,0.527,0.6208,0.7441,0.51,
Life_1080p30,2073600,1,wall_full,55,2,1.117,1.4027,2.7689,1.5265,0.1291
Life_1080p30,2073600,1,knot_half,33,2,0.399,1.331,0.6388,0.5073,
Life_1080p30,2073600,1,knot_half,51,2,0.542,0.6264,0.8446,0.5315,
Life_1080p30_v2,2073600,1,wall_full,55,0,0.842,1.1219,2.3022,1.5026,0.128
Life_1080p30_v2,2073600,1,knot_half,33,0,0.543,0.6178,0.8451,0.5515,
Life_1080p30_v2,2073600,1,knot_half,51,0,0.486,0.5704,0.741,0.5835,
Life_1080p30_v2,2073600,1,wall_full,55,1,1.192,1.429,2.7979,1.5621,0.128
Life_1080p30_v2,2073600,1,knot_half,33,1,0.507,0.5859,0.7494,0.5653,
Life_1080p30_v2,2073600,1,knot_half,51,1,0.599,0.7014,0.9327,0.5657,
Life_1080p30_v2,2073600,1,wall_full,55,2,1.216,1.5659,3.7982,1.7271,0.128
Life_1080p30_v2,2073600,1,knot_half,33,2,0.619,0.7086,0.8504,1.0553,
Life_1080p30_v2,2073600,1,knot_half,51,2,0.918,1.0675,0.9999,0.7279,
Aerial3200_1920x1080_5994_10bit_420,2073600,1,wall_full,55,0,1.23,19.4916,9.7522,6.2421,0.4191
Aerial3200_1920x1080_5994_10bit_420,2073600,1,knot_half,33,0,1.931,2.25,3.2527,2.4571,
Aerial3200_1920x1080_5994_10bit_420,2073600,1,knot_half,51,0,2.493,2.8224,3.6972,2.4895,
Aerial3200_1920x1080_5994_10bit_420,2073600,1,wall_full,55,1,4.222,5.1014,11.2085,5.2742,0.4191
Aerial3200_1920x1080_5994_10bit_420,2073600,1,knot_half,33,1,1.313,1.5186,2.2296,1.5247,
Aerial3200_1920x1080_5994_10bit_420,2073600,1,knot_half,51,1,1.508,1.755,1.8483,1.0524,
Aerial3200_1920x1080_5994_10bit_420,2073600,1,wall_full,55,2,3.448,3.9722,6.9681,3.1312,0.4191
Aerial3200_1920x1080_5994_10bit_420,2073600,1,knot_half,33,2,0.951,1.1165,1.8513,1.0307,
Aerial3200_1920x1080_5994_10bit_420,2073600,1,knot_half,51,2,0.918,1.0884,1.3823,0.7902,
BigBuckBunnyStudio1_1920x1080_60fps_10bit_420_020_0149,2073600,1,wall_full,55,0,1.404,1.8303,4.1122,1.8301,0.2192
BigBuckBunnyStudio1_1920x1080_60fps_10bit_420_020_0149,2073600,1,knot_half,33,0,0.474,0.5852,0.9907,0.6698,
BigBuckBunnyStudio1_1920x1080_60fps_10bit_420_020_0149,2073600,1,knot_half,51,0,0.617,0.7382,1.1515,0.6601,
BigBuckBunnyStudio1_1920x1080_60fps_10bit_420_020_0149,2073600,1,wall_full,55,1,1.393,1.6767,3.5666,1.8553,0.2192
BigBuckBunnyStudio1_1920x1080_60fps_10bit_420_020_0149,2073600,1,knot_half,33,1,0.482,0.5998,1.0094,0.6652,
BigBuckBunnyStudio1_1920x1080_60fps_10bit_420_020_0149,2073600,1,knot_half,51,1,0.51,0.6218,0.9731,0.5188,
BigBuckBunnyStudio1_1920x1080_60fps_10bit_420_020_0149,2073600,1,wall_full,55,2,1.252,1.5129,3.3538,1.5634,0.2192
BigBuckBunnyStudio1_1920x1080_60fps_10bit_420_020_0149,2073600,1,knot_half,33,2,0.436,0.5447,1.0113,0.5827,
BigBuckBunnyStudio1_1920x1080_60fps_10bit_420_020_0149,2073600,1,knot_half,51,2,0.47,0.5794,0.9926,0.5154,
Boat_1920x1080_5994_10bit_420,2073600,1,wall_full,55,0,1.231,1.757,3.5934,1.9942,0.2029
Boat_1920x1080_5994_10bit_420,2073600,1,knot_half,33,0,0.569,0.6705,1.1763,0.5761,
Boat_1920x1080_5994_10bit_420,2073600,1,knot_half,51,0,0.556,0.6565,0.9942,0.5458,
Boat_1920x1080_5994_10bit_420,2073600,1,wall_full,55,1,2.22,2.4857,3.4015,1.4908,0.2029
Boat_1920x1080_5994_10bit_420,2073600,1,knot_half,33,1,0.542,0.6384,0.8761,0.5226,
Boat_1920x1080_5994_10bit_420,2073600,1,knot_half,51,1,0.622,0.7359,1.5246,0.6601,
Boat_1920x1080_5994_10bit_420,2073600,1,wall_full,55,2,1.673,1.9619,3.4485,1.704,0.2029
Boat_1920x1080_5994_10bit_420,2073600,1,knot_half,33,2,0.579,0.6818,1.0563,0.6487,
Boat_1920x1080_5994_10bit_420,2073600,1,knot_half,51,2,0.605,0.7358,0.9761,0.533,
DinnerSceneCropped_1920x1080_2997fps_10bit_420,2073600,1,wall_full,55,0,1.172,1.7883,4.0233,2.0223,0.2371
DinnerSceneCropped_1920x1080_2997fps_10bit_420,2073600,1,knot_half,33,0,0.425,0.5288,0.9789,0.8434,
DinnerSceneCropped_1920x1080_2997fps_10bit_420,2073600,1,knot_half,51,0,0.599,0.7241,1.1657,0.9056,
DinnerSceneCropped_1920x1080_2997fps_10bit_420,2073600,1,wall_full,55,1,1.578,1.9713,4.0746,2.0296,0.2371
DinnerSceneCropped_1920x1080_2997fps_10bit_420,2073600,1,knot_half,33,1,0.47,0.5918,1.076,0.907,
DinnerSceneCropped_1920x1080_2997fps_10bit_420,2073600,1,knot_half,51,1,0.671,0.7999,1.2675,0.9286,
DinnerSceneCropped_1920x1080_2997fps_10bit_420,2073600,1,wall_full,55,2,1.652,2.0801,4.6555,2.5475,0.2371
DinnerSceneCropped_1920x1080_2997fps_10bit_420,2073600,1,knot_half,33,2,0.722,0.8664,1.329,1.0916,
DinnerSceneCropped_1920x1080_2997fps_10bit_420,2073600,1,knot_half,51,2,0.757,0.9082,1.4379,1.4419,
RitualDance_1920x1080_5994_10bit_420,2073600,0,wall_full,55,0,2.306,2.8035,5.417,2.849,1.4631
RitualDance_1920x1080_5994_10bit_420,2073600,0,knot_half,33,0,0.981,1.1375,1.6272,1.1678,
RitualDance_1920x1080_5994_10bit_420,2073600,0,knot_half,51,0,1.044,1.2275,1.7816,0.9827,
RitualDance_1920x1080_5994_10bit_420,2073600,0,wall_full,55,1,2.585,3.1,6.7351,3.5953,1.4631
RitualDance_1920x1080_5994_10bit_420,2073600,0,knot_half,33,1,1.011,1.175,1.5765,1.2015,
RitualDance_1920x1080_5994_10bit_420,2073600,0,knot_half,51,1,1.121,1.445,1.6824,1.0143,
RitualDance_1920x1080_5994_10bit_420,2073600,0,wall_full,55,2,2.436,2.9525,5.7386,3.0341,1.4631
RitualDance_1920x1080_5994_10bit_420,2073600,0,knot_half,33,2,1.202,1.3681,1.6923,1.1407,
RitualDance_1920x1080_5994_10bit_420,2073600,0,knot_half,51,2,1.15,1.3244,1.5109,0.923,
SolLevanteFace_sdr_1920x1080_24_10bit,2073600,0,wall_full,55,0,5.394,6.6649,5.3971,2.4047,1.8328
SolLevanteFace_sdr_1920x1080_24_10bit,2073600,0,knot_half,33,0,1.013,1.163,1.5382,1.1759,
SolLevanteFace_sdr_1920x1080_24_10bit,2073600,0,knot_half,51,0,0.951,1.1132,1.5752,0.7873,
SolLevanteFace_sdr_1920x1080_24_10bit,2073600,0,wall_full,55,1,2.685,3.152,4.7781,2.1256,1.8328
SolLevanteFace_sdr_1920x1080_24_10bit,2073600,0,knot_half,33,1,0.839,0.9677,1.1699,0.8557,
SolLevanteFace_sdr_1920x1080_24_10bit,2073600,0,knot_half,51,1,0.854,1.0001,1.2922,0.7877,
SolLevanteFace_sdr_1920x1080_24_10bit,2073600,0,wall_full,55,2,2.183,2.5864,4.6088,2.1344,1.8328
SolLevanteFace_sdr_1920x1080_24_10bit,2073600,0,knot_half,33,2,0.789,0.9702,1.0739,0.7356,
SolLevanteFace_sdr_1920x1080_24_10bit,2073600,0,knot_half,51,2,0.637,0.7628,1.1814,0.7321,
OldTownCross_1920x1080p50,2073600,0,wall_full,55,0,1.221,1.6624,3.2241,1.6448,0.8296
OldTownCross_1920x1080p50,2073600,0,knot_half,33,0,0.381,0.5041,0.7834,0.6452,
OldTownCross_1920x1080p50,2073600,0,knot_half,51,0,0.563,0.6608,0.8492,0.5829,
OldTownCross_1920x1080p50,2073600,0,wall_full,55,1,1.116,1.4032,3.6834,1.6761,0.8296
OldTownCross_1920x1080p50,2073600,0,knot_half,33,1,0.39,0.4816,0.7633,0.5612,
OldTownCross_1920x1080p50,2073600,0,knot_half,51,1,0.529,0.6276,0.8316,0.5512,
OldTownCross_1920x1080p50,2073600,0,wall_full,55,2,1.024,1.2927,2.9852,1.5741,0.8296
OldTownCross_1920x1080p50,2073600,0,knot_half,33,2,0.411,0.5008,1.0275,0.6504,
OldTownCross_1920x1080p50,2073600,0,knot_half,51,2,0.52,0.6145,0.9253,0.5539,
WITCHER3_1920x1080_60_8bit_420,2073600,0,wall_full,55,0,1.459,1.982,3.0122,2.0576,0.704
WITCHER3_1920x1080_60_8bit_420,2073600,0,knot_half,33,0,0.41,0.5425,0.783,0.5606,
WITCHER3_1920x1080_60_8bit_420,2073600,0,knot_half,51,0,0.375,0.4706,0.9275,0.6412,
WITCHER3_1920x1080_60_8bit_420,2073600,0,wall_full,55,1,1.21,1.5194,2.862,1.7211,0.704
WITCHER3_1920x1080_60_8bit_420,2073600,0,knot_half,33,1,0.47,0.6511,0.9567,0.7277,
WITCHER3_1920x1080_60_8bit_420,2073600,0,knot_half,51,1,0.462,0.5636,1.0104,0.6852,
WITCHER3_1920x1080_60_8bit_420,2073600,0,wall_full,55,2,1.411,1.8742,3.1896,1.7601,0.704
WITCHER3_1920x1080_60_8bit_420,2073600,0,knot_half,33,2,0.415,0.5119,0.7919,0.5785,
WITCHER3_1920x1080_60_8bit_420,2073600,0,knot_half,51,2,0.38,0.4744,1.0228,0.758,
ToddlerFountain_1920x1080_2997fps_10bit_420,2073600,0,wall_full,55,0,7.447,10.4921,4.1467,1.9796,1.4351
ToddlerFountain_1920x1080_2997fps_10bit_420,2073600,0,knot_half,33,0,1.31,1.4934,1.2856,0.8839,
ToddlerFountain_1920x1080_2997fps_10bit_420,2073600,0,knot_half,51,0,1.021,1.1894,1.1831,0.7141,
ToddlerFountain_1920x1080_2997fps_10bit_420,2073600,0,wall_full,55,1,2.998,3.3799,4.2766,2.4613,1.4351
ToddlerFountain_1920x1080_2997fps_10bit_420,2073600,0,knot_half,33,1,1.03,1.1682,1.1743,1.0385,
ToddlerFountain_1920x1080_2997fps_10bit_420,2073600,0,knot_half,51,1,0.933,1.0751,1.2806,0.8052,
ToddlerFountain_1920x1080_2997fps_10bit_420,2073600,0,wall_full,55,2,2.744,3.1433,4.7894,2.43,1.4351
ToddlerFountain_1920x1080_2997fps_10bit_420,2073600,0,knot_half,33,2,1.255,1.4171,1.6398,1.1564,
ToddlerFountain_1920x1080_2997fps_10bit_420,2073600,0,knot_half,51,2,1.077,1.2605,1.5159,1.0533,
Vertical_bees_1080x1920_2997,2073600,0,wall_full,55,0,1.524,1.9222,4.3374,2.4393,0.909
Vertical_bees_1080x1920_2997,2073600,0,knot_half,33,0,0.534,0.6491,1.3453,0.9266,
Vertical_bees_1080x1920_2997,2073600,0,knot_half,51,0,0.598,0.7753,1.3263,0.9376,
Vertical_bees_1080x1920_2997,2073600,0,wall_full,55,1,1.458,1.844,5.4097,3.0185,0.909
Vertical_bees_1080x1920_2997,2073600,0,knot_half,33,1,0.769,0.8943,1.6572,0.9969,
Vertical_bees_1080x1920_2997,2073600,0,knot_half,51,1,0.639,0.7676,1.3881,0.9674,
Vertical_bees_1080x1920_2997,2073600,0,wall_full,55,2,1.479,1.902,4.3959,2.5076,0.909
Vertical_bees_1080x1920_2997,2073600,0,knot_half,33,2,0.546,0.6732,1.3559,0.8873,
Vertical_bees_1080x1920_2997,2073600,0,knot_half,51,2,0.851,1.0016,1.2475,0.8598,
Wikipedia_1920x1080p30,2073600,0,wall_full,55,0,1.671,2.1493,3.8592,2.3224,0.7471
Wikipedia_1920x1080p30,2073600,0,knot_half,33,0,0.529,0.668,1.0223,0.9453,
Wikipedia_1920x1080p30,2073600,0,knot_half,51,0,0.568,0.6977,1.1411,0.7878,
Wikipedia_1920x1080p30,2073600,0,wall_full,55,1,1.738,2.1036,3.6652,2.1373,0.7471
Wikipedia_1920x1080p30,2073600,0,knot_half,33,1,0.469,0.592,1.0432,0.8856,
Wikipedia_1920x1080p30,2073600,0,knot_half,51,1,0.471,0.5919,1.0528,0.7212,
Wikipedia_1920x1080p30,2073600,0,wall_full,55,2,1.492,1.8352,3.841,1.9689,0.7471
Wikipedia_1920x1080p30,2073600,0,knot_half,33,2,0.408,0.5149,0.8609,0.8058,
Wikipedia_1920x1080p30,2073600,0,knot_half,51,2,0.562,0.675,1.0668,0.8344,
WalkingInStreet_1920x1080_30fps,2073600,0,wall_full,55,0,2.184,2.6721,3.7081,1.8949,0.8014
WalkingInStreet_1920x1080_30fps,2073600,0,knot_half,33,0,0.665,0.7709,1.5013,1.0018,
WalkingInStreet_1920x1080_30fps,2073600,0,knot_half,51,0,0.625,0.7461,1.0584,0.7613,
WalkingInStreet_1920x1080_30fps,2073600,0,wall_full,55,1,1.73,2.0635,3.6227,1.8206,0.8014
WalkingInStreet_1920x1080_30fps,2073600,0,knot_half,33,1,0.596,0.6965,1.1362,0.8412,
WalkingInStreet_1920x1080_30fps,2073600,0,knot_half,51,1,0.547,0.6506,1.0403,0.6734,
WalkingInStreet_1920x1080_30fps,2073600,0,wall_full,55,2,2.034,2.316,3.365,1.7681,0.8014
WalkingInStreet_1920x1080_30fps,2073600,0,knot_half,33,2,0.612,0.7137,0.9504,0.8601,
WalkingInStreet_1920x1080_30fps,2073600,0,knot_half,51,2,0.549,0.6526,0.9915,0.7053,
TreesAndGrass_1920_1080_30fps_8bit,2073600,0,wall_full,55,0,1.966,2.2598,3.1188,2.2772,0.8109
TreesAndGrass_1920_1080_30fps_8bit,2073600,0,knot_half,33,0,0.676,0.7906,1.1504,0.9815,
TreesAndGrass_1920_1080_30fps_8bit,2073600,0,knot_half,51,0,0.535,0.6271,0.9847,0.5689,
TreesAndGrass_1920_1080_30fps_8bit,2073600,0,wall_full,55,1,1.835,2.2235,3.25,1.7447,0.8109
TreesAndGrass_1920_1080_30fps_8bit,2073600,0,knot_half,33,1,0.624,0.7259,0.8847,0.8138,
TreesAndGrass_1920_1080_30fps_8bit,2073600,0,knot_half,51,1,0.57,0.6643,0.8054,0.6585,
TreesAndGrass_1920_1080_30fps_8bit,2073600,0,wall_full,55,2,1.694,2.0466,3.3254,1.7542,0.8109
TreesAndGrass_1920_1080_30fps_8bit,2073600,0,knot_half,33,2,0.643,0.7421,0.8789,0.7835,
TreesAndGrass_1920_1080_30fps_8bit,2073600,0,knot_half,51,2,0.646,0.7433,0.8609,0.7279,
Spreadsheet_1920x1080_30fps_8bit_420_130f,2073600,0,wall_full,55,0,1.745,2.2466,2.9617,1.5388,0.79
Spreadsheet_1920x1080_30fps_8bit_420_130f,2073600,0,knot_half,33,0,0.52,0.6125,0.7572,0.568,
Spreadsheet_1920x1080_30fps_8bit_420_130f,2073600,0,knot_half,51,0,0.765,0.8607,0.8461,0.551,
Spreadsheet_1920x1080_30fps_8bit_420_130f,2073600,0,wall_full,55,1,1.575,1.8479,2.9418,1.6096,0.79
Spreadsheet_1920x1080_30fps_8bit_420_130f,2073600,0,knot_half,33,1,0.54,0.6366,0.767,0.5737,
Spreadsheet_1920x1080_30fps_8bit_420_130f,2073600,0,knot_half,51,1,0.742,0.8392,0.8785,0.568,
Spreadsheet_1920x1080_30fps_8bit_420_130f,2073600,0,wall_full,55,2,1.588,1.8709,3.08,1.7109,0.79
Spreadsheet_1920x1080_30fps_8bit_420_130f,2073600,0,knot_half,33,2,0.513,0.6099,0.7568,0.6021,
Spreadsheet_1920x1080_30fps_8bit_420_130f,2073600,0,knot_half,51,2,0.913,1.0238,0.817,0.5869,
SceneComposition_1,2073600,1,wall_full,55,0,4.36,5.0682,2.8576,1.6354,0.1315
SceneComposition_1,2073600,1,knot_half,33,0,0.398,0.4937,0.7548,0.597,
SceneComposition_1,2073600,1,knot_half,51,0,0.504,0.6043,0.8728,0.6583,
SceneComposition_1,2073600,1,wall_full,55,1,1.217,1.5341,2.9715,1.726,0.1315
SceneComposition_1,2073600,1,knot_half,33,1,0.446,0.5435,0.9466,0.6228,
SceneComposition_1,2073600,1,knot_half,51,1,0.515,0.6129,0.8373,0.6204,
SceneComposition_1,2073600,1,wall_full,55,2,1.226,1.5368,3.1576,1.8833,0.1315
SceneComposition_1,2073600,1,knot_half,33,2,0.455,0.5553,0.8921,0.8621,
SceneComposition_1,2073600,1,knot_half,51,2,0.522,0.638,0.9587,0.6721,
STARCRAFT_1080p60,2073600,1,wall_full,55,0,1.226,1.5784,4.0728,2.9308,0.1579
STARCRAFT_1080p60,2073600,1,knot_half,33,0,0.616,0.7646,1.1196,0.9831,
STARCRAFT_1080p60,2073600,1,knot_half,51,0,0.737,0.8647,1.3492,1.033,
STARCRAFT_1080p60,2073600,1,wall_full,55,1,1.462,1.9881,4.616,2.6705,0.1579
STARCRAFT_1080p60,2073600,1,knot_half,33,1,0.599,0.8992,1.6511,1.0109,
STARCRAFT_1080p60,2073600,1,knot_half,51,1,0.722,0.8717,1.1907,0.925,
STARCRAFT_1080p60,2073600,1,wall_full,55,2,1.659,2.0541,4.5406,2.5052,0.1579
STARCRAFT_1080p60,2073600,1,knot_half,33,2,0.558,0.6935,1.2707,0.9215,
STARCRAFT_1080p60,2073600,1,knot_half,51,2,0.749,0.8771,1.0583,0.9314,
MissionControlClip1_1920x1080_60fps_10bit_420_0450_0579,2073600,1,wall_full,55,0,4.638,7.4746,6.8171,2.8794,0.402
MissionControlClip1_1920x1080_60fps_10bit_420_0450_0579,2073600,1,knot_half,33,0,0.722,0.8879,1.5957,0.9529,
MissionControlClip1_1920x1080_60fps_10bit_420_0450_0579,2073600,1,knot_half,51,0,0.849,1.0392,1.4049,0.9177,
MissionControlClip1_1920x1080_60fps_10bit_420_0450_0579,2073600,1,wall_full,55,1,2.083,2.4609,5.6856,2.847,0.402
MissionControlClip1_1920x1080_60fps_10bit_420_0450_0579,2073600,1,knot_half,33,1,0.769,0.9378,1.7538,1.0284,
MissionControlClip1_1920x1080_60fps_10bit_420_0450_0579,2073600,1,knot_half,51,1,0.711,0.8833,1.3868,0.9227,
MissionControlClip1_1920x1080_60fps_10bit_420_0450_0579,2073600,1,wall_full,55,2,2.172,2.5694,5.3653,2.5801,0.402
MissionControlClip1_1920x1080_60fps_10bit_420_0450_0579,2073600,1,knot_half,33,2,0.682,0.8383,1.5533,0.8601,
MissionControlClip1_1920x1080_60fps_10bit_420_0450_0579,2073600,1,knot_half,51,2,0.606,0.7644,1.2966,0.8699,
Motorcycle_1920x1080_30fps_8bit,2073600,1,wall_full,55,0,2.327,2.6582,4.3185,2.4502,0.1699
Motorcycle_1920x1080_30fps_8bit,2073600,1,knot_half,33,0,0.993,1.1074,1.274,1.0445,
Motorcycle_1920x1080_30fps_8bit,2073600,1,knot_half,51,0,0.885,0.9843,1.1197,0.7718,
Motorcycle_1920x1080_30fps_8bit,2073600,1,wall_full,55,1,2.157,2.418,4.4359,2.1837,0.1699
Motorcycle_1920x1080_30fps_8bit,2073600,1,knot_half,33,1,0.923,1.0232,1.1163,1.0717,
Motorcycle_1920x1080_30fps_8bit,2073600,1,knot_half,51,1,0.74,0.8395,1.0319,0.7453,
Motorcycle_1920x1080_30fps_8bit,2073600,1,wall_full,55,2,1.978,2.2456,3.5445,2.3304,0.1699
Motorcycle_1920x1080_30fps_8bit,2073600,1,knot_half,33,2,0.917,1.0169,1.1705,0.9855,
Motorcycle_1920x1080_30fps_8bit,2073600,1,knot_half,51,2,0.761,0.8553,0.9449,0.7906,
SceneComposition_2,2073600,1,wall_full,55,0,0.904,1.1739,3.0375,1.7842,0.1422
SceneComposition_2,2073600,1,knot_half,33,0,0.37,0.4693,0.9038,0.648,
SceneComposition_2,2073600,1,knot_half,51,0,0.579,0.6802,0.763,0.5988,
SceneComposition_2,2073600,1,wall_full,55,1,0.844,1.0645,2.9873,1.7367,0.1422
SceneComposition_2,2073600,1,knot_half,33,1,0.36,0.4552,0.7578,0.623,
SceneComposition_2,2073600,1,knot_half,51,1,0.382,0.4958,0.8319,0.6074,
SceneComposition_2,2073600,1,wall_full,55,2,0.863,1.1593,2.9875,1.6105,0.1422
SceneComposition_2,2073600,1,knot_half,33,2,0.357,0.4496,0.8854,0.6203,
SceneComposition_2,2073600,1,knot_half,51,2,0.386,0.4835,0.7891,0.5741,
FoodMarket_1920x1080_5994_10bit_420,2073600,1,wall_full,55,0,1.955,2.5839,6.0877,2.7392,0.2805
FoodMarket_1920x1080_5994_10bit_420,2073600,1,knot_half,33,0,0.754,0.9952,1.2318,0.759,
FoodMarket_1920x1080_5994_10bit_420,2073600,1,knot_half,51,0,0.729,0.8623,1.2284,0.7101,
FoodMarket_1920x1080_5994_10bit_420,2073600,1,wall_full,55,1,1.952,2.4427,4.5295,2.565,0.2805
FoodMarket_1920x1080_5994_10bit_420,2073600,1,knot_half,33,1,0.753,0.9317,1.3305,0.8648,
FoodMarket_1920x1080_5994_10bit_420,2073600,1,knot_half,51,1,0.895,1.049,1.4276,0.8429,
FoodMarket_1920x1080_5994_10bit_420,2073600,1,wall_full,55,2,2.199,2.66,5.0675,2.3982,0.2805
FoodMarket_1920x1080_5994_10bit_420,2073600,1,knot_half,33,2,0.814,0.9539,1.3196,0.99,
FoodMarket_1920x1080_5994_10bit_420,2073600,1,knot_half,51,2,0.9,1.0587,1.4994,0.8929,
EuroTruckSimulator2_1920x1080p60_v2,2073600,1,wall_full,55,0,1.778,2.0424,4.6372,2.7156,0.1718
EuroTruckSimulator2_1920x1080p60_v2,2073600,1,knot_half,33,0,0.746,0.8725,1.1648,1.0471,
EuroTruckSimulator2_1920x1080p60_v2,2073600,1,knot_half,51,0,0.836,0.9777,1.3644,0.8607,
EuroTruckSimulator2_1920x1080p60_v2,2073600,1,wall_full,55,1,1.85,2.1367,4.3709,2.3991,0.1718
EuroTruckSimulator2_1920x1080p60_v2,2073600,1,knot_half,33,1,0.803,0.9201,1.353,1.0467,
EuroTruckSimulator2_1920x1080p60_v2,2073600,1,knot_half,51,1,0.839,0.9652,1.1745,0.7828,
EuroTruckSimulator2_1920x1080p60_v2,2073600,1,wall_full,55,2,2.0,2.2908,4.5207,2.5622,0.1718
EuroTruckSimulator2_1920x1080p60_v2,2073600,1,knot_half,33,2,0.747,0.8621,1.1207,1.0258,
EuroTruckSimulator2_1920x1080p60_v2,2073600,1,knot_half,51,2,0.83,0.9528,1.1825,0.7321,
WorldCup_far_1920x1080_30p,2073600,1,wall_full,55,0,1.838,2.0967,4.5277,2.5713,0.1641
WorldCup_far_1920x1080_30p,2073600,1,knot_half,33,0,0.671,0.7872,1.1288,0.7788,
WorldCup_far_1920x1080_30p,2073600,1,knot_half,51,0,0.726,0.8474,1.1937,0.7664,
WorldCup_far_1920x1080_30p,2073600,1,wall_full,55,1,1.489,1.7679,3.8409,2.2449,0.1641
WorldCup_far_1920x1080_30p,2073600,1,knot_half,33,1,0.644,0.7558,1.1428,0.9037,
WorldCup_far_1920x1080_30p,2073600,1,knot_half,51,1,0.634,0.7432,0.9136,0.6357,
WorldCup_far_1920x1080_30p,2073600,1,wall_full,55,2,1.399,1.6494,3.9351,1.9967,0.1641
WorldCup_far_1920x1080_30p,2073600,1,knot_half,33,2,0.589,0.6894,1.0999,0.7436,
WorldCup_far_1920x1080_30p,2073600,1,knot_half,51,2,0.617,0.7212,0.8702,0.6458,
WorldCup_1920x1080_30p,2073600,1,wall_full,55,0,1.155,1.389,3.2013,1.8477,0.1466
WorldCup_1920x1080_30p,2073600,1,knot_half,33,0,0.619,0.7165,1.6505,0.8306,
WorldCup_1920x1080_30p,2073600,1,knot_half,51,0,0.549,0.6511,0.8325,0.595,
WorldCup_1920x1080_30p,2073600,1,wall_full,55,1,1.242,1.4636,3.1643,1.7723,0.1466
WorldCup_1920x1080_30p,2073600,1,knot_half,33,1,0.532,0.6244,0.8086,0.738,
WorldCup_1920x1080_30p,2073600,1,knot_half,51,1,0.558,0.6542,0.8138,0.5971,
WorldCup_1920x1080_30p,2073600,1,wall_full,55,2,1.171,1.3988,3.2792,1.7696,0.1466
WorldCup_1920x1080_30p,2073600,1,knot_half,33,2,0.64,0.7414,0.8183,0.7036,
WorldCup_1920x1080_30p,2073600,1,knot_half,51,2,0.647,0.7467,0.8626,0.5975,
Vertical_Carnaby_1080x1920_5994,2073600,1,wall_full,55,0,1.045,1.2318,3.2948,2.0243,0.1232
Vertical_Carnaby_1080x1920_5994,2073600,1,knot_half,33,0,0.492,0.5855,1.0865,0.8359,
Vertical_Carnaby_1080x1920_5994,2073600,1,knot_half,51,0,0.481,0.5755,0.9924,0.7128,
Vertical_Carnaby_1080x1920_5994,2073600,1,wall_full,55,1,1.318,1.5602,3.4315,1.9602,0.1232
Vertical_Carnaby_1080x1920_5994,2073600,1,knot_half,33,1,0.518,0.6148,0.8815,0.6653,
Vertical_Carnaby_1080x1920_5994,2073600,1,knot_half,51,1,0.424,0.5217,0.9144,0.7389,
Vertical_Carnaby_1080x1920_5994,2073600,1,wall_full,55,2,1.726,1.9656,3.2337,1.9032,0.1232
Vertical_Carnaby_1080x1920_5994,2073600,1,knot_half,33,2,0.629,0.7282,1.0842,0.7727,
Vertical_Carnaby_1080x1920_5994,2073600,1,knot_half,51,2,0.458,0.5735,0.9137,0.6698,
TunnelFlag_1920x1080_5994_10bit_420,2073600,1,wall_full,55,0,2.259,2.7222,4.4442,2.8667,0.2437
TunnelFlag_1920x1080_5994_10bit_420,2073600,1,knot_half,33,0,1.107,1.2228,1.4213,1.1794,
TunnelFlag_1920x1080_5994_10bit_420,2073600,1,knot_half,51,0,1.281,1.4412,1.3206,0.9286,
TunnelFlag_1920x1080_5994_10bit_420,2073600,1,wall_full,55,1,2.754,3.4168,5.1085,2.6944,0.2437
TunnelFlag_1920x1080_5994_10bit_420,2073600,1,knot_half,33,1,1.197,1.3468,1.5104,1.0879,
TunnelFlag_1920x1080_5994_10bit_420,2073600,1,knot_half,51,1,1.125,1.2764,1.3989,0.871,
TunnelFlag_1920x1080_5994_10bit_420,2073600,1,wall_full,55,2,2.839,3.3732,5.6706,3.0252,0.2437
TunnelFlag_1920x1080_5994_10bit_420,2073600,1,knot_half,33,2,1.223,1.3777,1.6169,1.1884,
TunnelFlag_1920x1080_5994_10bit_420,2073600,1,knot_half,51,2,1.583,1.8075,1.8401,1.0501,
SolLevanteDragons_sdr_1920x1080_24_10bit,2073600,1,wall_full,55,0,3.056,3.6517,7.116,3.1618,0.3432
SolLevanteDragons_sdr_1920x1080_24_10bit,2073600,1,knot_half,33,0,1.043,1.2076,1.845,1.2066,
SolLevanteDragons_sdr_1920x1080_24_10bit,2073600,1,knot_half,51,0,1.039,1.2169,1.716,0.9869,
SolLevanteDragons_sdr_1920x1080_24_10bit,2073600,1,wall_full,55,1,2.838,3.3121,6.3392,3.0458,0.3432
SolLevanteDragons_sdr_1920x1080_24_10bit,2073600,1,knot_half,33,1,1.043,1.2104,1.6664,1.1445,
SolLevanteDragons_sdr_1920x1080_24_10bit,2073600,1,knot_half,51,1,1.041,1.217,1.6287,1.2287,
SolLevanteDragons_sdr_1920x1080_24_10bit,2073600,1,wall_full,55,2,2.744,3.5255,5.4673,2.7718,0.3432
SolLevanteDragons_sdr_1920x1080_24_10bit,2073600,1,knot_half,33,2,0.896,1.2104,1.3793,1.1544,
SolLevanteDragons_sdr_1920x1080_24_10bit,2073600,1,knot_half,51,2,0.953,1.114,1.3862,0.856,
Slides2r_1920x1080_30fps_8bit_420,2073600,1,wall_full,55,0,1.026,1.366,3.8094,1.8418,0.158
Slides2r_1920x1080_30fps_8bit_420,2073600,1,knot_half,33,0,0.439,0.5425,0.8258,0.7383,
Slides2r_1920x1080_30fps_8bit_420,2073600,1,knot_half,51,0,0.523,0.6331,0.907,0.6884,
Slides2r_1920x1080_30fps_8bit_420,2073600,1,wall_full,55,1,1.012,1.3088,3.2821,1.7265,0.158
Slides2r_1920x1080_30fps_8bit_420,2073600,1,knot_half,33,1,0.402,0.4979,0.7815,0.6346,
Slides2r_1920x1080_30fps_8bit_420,2073600,1,knot_half,51,1,0.495,0.5998,0.8416,0.6233,
Slides2r_1920x1080_30fps_8bit_420,2073600,1,wall_full,55,2,0.904,1.1705,3.0134,1.6469,0.158
Slides2r_1920x1080_30fps_8bit_420,2073600,1,knot_half,33,2,0.398,0.4919,0.8673,0.5648,
Slides2r_1920x1080_30fps_8bit_420,2073600,1,knot_half,51,2,0.429,0.5209,0.8355,0.5972,
Sniper_1920x1080P_30fps_8bit,2073600,1,wall_full,55,0,1.638,1.9204,3.3711,1.7402,0.1326
Sniper_1920x1080P_30fps_8bit,2073600,1,knot_half,33,0,0.611,0.702,0.9104,0.8914,
Sniper_1920x1080P_30fps_8bit,2073600,1,knot_half,51,0,0.559,0.6534,0.7969,0.5878,
Sniper_1920x1080P_30fps_8bit,2073600,1,wall_full,55,1,1.505,1.7649,3.0523,1.8001,0.1326
Sniper_1920x1080P_30fps_8bit,2073600,1,knot_half,33,1,0.655,0.7482,0.817,0.8191,
Sniper_1920x1080P_30fps_8bit,2073600,1,knot_half,51,1,0.588,0.6825,0.8552,0.6285,
Sniper_1920x1080P_30fps_8bit,2073600,1,wall_full,55,2,1.515,1.8948,3.0915,1.6808,0.1326
Sniper_1920x1080P_30fps_8bit,2073600,1,knot_half,33,2,0.604,0.6917,0.8581,0.7189,
Sniper_1920x1080P_30fps_8bit,2073600,1,knot_half,51,2,0.671,0.761,0.89,0.5936,
Skater227_1920x1080_30fps,2073600,1,wall_full,55,0,1.294,1.6653,3.7822,1.8567,0.1959
Skater227_1920x1080_30fps,2073600,1,knot_half,33,0,0.551,0.6618,0.9751,0.6947,
Skater227_1920x1080_30fps,2073600,1,knot_half,51,0,0.582,0.714,1.086,0.7041,
Skater227_1920x1080_30fps,2073600,1,wall_full,55,1,1.467,1.9162,3.5732,1.8629,0.1959
Skater227_1920x1080_30fps,2073600,1,knot_half,33,1,0.506,0.6152,0.9406,0.6002,
Skater227_1920x1080_30fps,2073600,1,knot_half,51,1,0.629,0.7542,1.1321,0.7313,
Skater227_1920x1080_30fps,2073600,1,wall_full,55,2,1.413,1.7666,3.6482,1.9358,0.1959
Skater227_1920x1080_30fps,2073600,1,knot_half,33,2,0.715,0.8408,1.199,0.7766,
Skater227_1920x1080_30fps,2073600,1,knot_half,51,2,0.708,0.8994,1.081,0.6621,
CrowdRun_1920x1080p50,2073600,0,wall_full,55,0,1.468,1.6601,3.6032,1.9991,0.6994
CrowdRun_1920x1080p50,2073600,0,knot_half,33,0,0.718,0.831,1.14,0.8844,
CrowdRun_1920x1080p50,2073600,0,knot_half,51,0,0.641,0.741,0.9911,0.6829,
CrowdRun_1920x1080p50,2073600,0,wall_full,55,1,1.681,1.9604,4.047,2.8245,0.6994
CrowdRun_1920x1080p50,2073600,0,knot_half,33,1,1.035,1.2332,1.1247,1.0099,
CrowdRun_1920x1080p50,2073600,0,knot_half,51,1,0.788,0.8983,1.0458,0.7024,
CrowdRun_1920x1080p50,2073600,0,wall_full,55,2,1.978,2.3307,4.2365,2.6005,0.6994
CrowdRun_1920x1080p50,2073600,0,knot_half,33,2,0.925,1.0509,1.3181,1.1293,
CrowdRun_1920x1080p50,2073600,0,knot_half,51,2,0.844,0.9681,1.2111,0.7743,
MobileDeviceScreenSharing,2393160,1,wall_full,55,0,1.657,2.0702,5.145,3.6609,0.1874
MobileDeviceScreenSharing,2393160,1,knot_half,33,0,0.962,1.1075,1.5174,1.0292,
MobileDeviceScreenSharing,2393160,1,knot_half,51,0,0.804,0.9259,1.3356,0.986,
MobileDeviceScreenSharing,2393160,1,wall_full,55,1,1.958,2.3852,5.1281,3.22,0.1874
MobileDeviceScreenSharing,2393160,1,knot_half,33,1,0.909,1.0628,1.5189,1.2122,
MobileDeviceScreenSharing,2393160,1,knot_half,51,1,1.112,1.2668,1.3244,0.9703,
MobileDeviceScreenSharing,2393160,1,wall_full,55,2,1.647,2.0219,5.4271,3.0511,0.1874
MobileDeviceScreenSharing,2393160,1,knot_half,33,2,0.718,0.835,1.2322,1.3285,
MobileDeviceScreenSharing,2393160,1,knot_half,51,2,0.827,0.9977,1.335,0.9917,
Tango_3840x2160_5994fps_10bit_420,8294400,0,wall_full,55,0,31.049,33.0239,23.8201,12.586,14.6546
Tango_3840x2160_5994fps_10bit_420,8294400,0,knot_half,33,0,4.047,4.4363,6.2295,3.7565,
Tango_3840x2160_5994fps_10bit_420,8294400,0,knot_half,51,0,2.496,2.9014,5.9977,3.1354,
Tango_3840x2160_5994fps_10bit_420,8294400,0,wall_full,55,1,12.332,13.3501,20.4748,11.2808,14.6546
Tango_3840x2160_5994fps_10bit_420,8294400,0,knot_half,33,1,3.523,3.8047,5.4276,2.5415,
Tango_3840x2160_5994fps_10bit_420,8294400,0,knot_half,51,1,1.739,2.1013,5.0611,2.4883,
Tango_3840x2160_5994fps_10bit_420,8294400,0,wall_full,55,2,11.053,11.7427,21.4656,11.4882,14.6546
Tango_3840x2160_5994fps_10bit_420,8294400,0,knot_half,33,2,3.674,3.9634,5.0177,2.7181,
Tango_3840x2160_5994fps_10bit_420,8294400,0,knot_half,51,2,1.728,2.0509,4.7308,2.5758,
Crosswalk_3840x2160_5994fps_10bit_420,8294400,0,wall_full,55,0,22.999,24.614,21.025,11.9513,6.8695
Crosswalk_3840x2160_5994fps_10bit_420,8294400,0,knot_half,33,0,3.616,3.9621,6.4407,3.3743,
Crosswalk_3840x2160_5994fps_10bit_420,8294400,0,knot_half,51,0,2.125,2.5861,5.9144,3.0345,
Crosswalk_3840x2160_5994fps_10bit_420,8294400,0,wall_full,55,1,14.011,14.8386,25.5057,13.134,6.8695
Crosswalk_3840x2160_5994fps_10bit_420,8294400,0,knot_half,33,1,3.853,4.1731,6.4417,3.1674,
Crosswalk_3840x2160_5994fps_10bit_420,8294400,0,knot_half,51,1,2.125,2.5189,5.9087,2.7282,
Crosswalk_3840x2160_5994fps_10bit_420,8294400,0,wall_full,55,2,12.742,13.6111,23.85,11.5726,6.8695
Crosswalk_3840x2160_5994fps_10bit_420,8294400,0,knot_half,33,2,3.106,3.4085,5.1282,2.4054,
Crosswalk_3840x2160_5994fps_10bit_420,8294400,0,knot_half,51,2,2.167,2.5202,5.5016,2.5021,
BoxingPractice_3840x2160_5994fps_10bit_420,8294400,0,wall_full,55,0,28.187,30.1778,21.3883,11.2111,9.1624
BoxingPractice_3840x2160_5994fps_10bit_420,8294400,0,knot_half,33,0,3.153,3.7554,5.2699,2.5092,
BoxingPractice_3840x2160_5994fps_10bit_420,8294400,0,knot_half,51,0,1.637,1.983,4.4334,2.2583,
BoxingPractice_3840x2160_5994fps_10bit_420,8294400,0,wall_full,55,1,11.592,12.342,20.945,12.6811,9.1624
BoxingPractice_3840x2160_5994fps_10bit_420,8294400,0,knot_half,33,1,3.093,3.3905,5.0981,2.3395,
BoxingPractice_3840x2160_5994fps_10bit_420,8294400,0,knot_half,51,1,1.967,2.3307,4.9694,2.3589,
BoxingPractice_3840x2160_5994fps_10bit_420,8294400,0,wall_full,55,2,9.571,10.2278,20.5669,12.4957,9.1624
BoxingPractice_3840x2160_5994fps_10bit_420,8294400,0,knot_half,33,2,3.311,3.6577,6.0981,3.088,
BoxingPractice_3840x2160_5994fps_10bit_420,8294400,0,knot_half,51,2,2.18,2.6092,5.1151,2.8979,
FoodMarket2_3840x2160_5994fps_10bit_420,8294400,0,wall_full,55,0,27.041,28.8485,25.2893,10.9396,9.0172
FoodMarket2_3840x2160_5994fps_10bit_420,8294400,0,knot_half,33,0,4.371,4.7209,7.0077,3.2078,
FoodMarket2_3840x2160_5994fps_10bit_420,8294400,0,knot_half,51,0,2.631,3.0179,7.4876,3.3777,
FoodMarket2_3840x2160_5994fps_10bit_420,8294400,0,wall_full,55,1,14.666,15.6006,24.892,13.1167,9.0172
FoodMarket2_3840x2160_5994fps_10bit_420,8294400,0,knot_half,33,1,4.437,4.8086,7.528,2.796,
FoodMarket2_3840x2160_5994fps_10bit_420,8294400,0,knot_half,51,1,2.382,2.7875,6.9171,2.8345,
FoodMarket2_3840x2160_5994fps_10bit_420,8294400,0,wall_full,55,2,11.388,12.3258,24.6992,14.0779,9.0172
FoodMarket2_3840x2160_5994fps_10bit_420,8294400,0,knot_half,33,2,3.838,4.1364,6.3951,2.5038,
FoodMarket2_3840x2160_5994fps_10bit_420,8294400,0,knot_half,51,2,2.046,2.3978,4.7977,2.2637,
PierSeaSide_3840x2160_2997fps_10bit_420_v2,8294400,0,wall_full,55,0,23.96,25.9138,20.6581,9.7172,7.5886
PierSeaSide_3840x2160_2997fps_10bit_420_v2,8294400,0,knot_half,33,0,3.1,3.4216,4.9545,2.407,
PierSeaSide_3840x2160_2997fps_10bit_420_v2,8294400,0,knot_half,51,0,2.098,2.4688,4.9167,2.4944,
PierSeaSide_3840x2160_2997fps_10bit_420_v2,8294400,0,wall_full,55,1,11.299,12.0448,20.4985,10.1413,7.5886
PierSeaSide_3840x2160_2997fps_10bit_420_v2,8294400,0,knot_half,33,1,2.929,3.2504,5.04,2.7977,
PierSeaSide_3840x2160_2997fps_10bit_420_v2,8294400,0,knot_half,51,1,1.76,2.1211,4.9063,2.63,
PierSeaSide_3840x2160_2997fps_10bit_420_v2,8294400,0,wall_full,55,2,9.696,10.4508,21.136,10.2829,7.5886
PierSeaSide_3840x2160_2997fps_10bit_420_v2,8294400,0,knot_half,33,2,2.799,3.1116,6.064,3.1586,
PierSeaSide_3840x2160_2997fps_10bit_420_v2,8294400,0,knot_half,51,2,1.621,1.9948,5.0741,2.5261,
Neon1224_3840x2160_2997fps,8294400,0,wall_full,55,0,25.005,26.3546,22.1291,14.2272,9.3377
Neon1224_3840x2160_2997fps,8294400,0,knot_half,33,0,5.442,5.8031,6.3565,3.3169,
Neon1224_3840x2160_2997fps,8294400,0,knot_half,51,0,3.064,3.4494,6.5111,3.376,
Neon1224_3840x2160_2997fps,8294400,0,wall_full,55,1,16.697,17.6118,23.8403,13.4966,9.3377
Neon1224_3840x2160_2997fps,8294400,0,knot_half,33,1,4.853,5.1809,6.0831,3.025,
Neon1224_3840x2160_2997fps,8294400,0,knot_half,51,1,3.844,4.2626,5.7855,2.7568,
Neon1224_3840x2160_2997fps,8294400,0,wall_full,55,2,15.921,16.6741,20.1316,11.6378,9.3377
Neon1224_3840x2160_2997fps,8294400,0,knot_half,33,2,4.128,4.4445,5.0763,2.5031,
Neon1224_3840x2160_2997fps,8294400,0,knot_half,51,2,2.556,2.8967,4.7419,2.6484,
NocturneDance_3840x2160p_10bit_60fps,8294400,0,wall_full,55,0,28.772,30.6316,20.1632,14.1854,6.528
NocturneDance_3840x2160p_10bit_60fps,8294400,0,knot_half,33,0,3.996,4.309,8.6998,4.3182,
NocturneDance_3840x2160p_10bit_60fps,8294400,0,knot_half,51,0,2.863,3.4153,8.311,3.3328,
NocturneDance_3840x2160p_10bit_60fps,8294400,0,wall_full,55,1,15.176,16.0999,27.6033,16.3033,6.528
NocturneDance_3840x2160p_10bit_60fps,8294400,0,knot_half,33,1,4.137,4.4469,6.8767,2.7631,
NocturneDance_3840x2160p_10bit_60fps,8294400,0,knot_half,51,1,2.867,3.2629,5.793,2.3245,
NocturneDance_3840x2160p_10bit_60fps,8294400,0,wall_full,55,2,12.391,13.1797,18.3853,9.8639,6.528
NocturneDance_3840x2160p_10bit_60fps,8294400,0,knot_half,33,2,3.262,3.7109,4.3467,1.9296,
NocturneDance_3840x2160p_10bit_60fps,8294400,0,knot_half,51,2,1.784,2.1451,4.3075,1.9108,
TimeLapse_3840x2160_5994fps_10bit_420,8294400,0,wall_full,55,0,29.882,31.8039,17.7389,9.4386,6.9004
TimeLapse_3840x2160_5994fps_10bit_420,8294400,0,knot_half,33,0,2.779,3.0816,4.9983,3.0464,
TimeLapse_3840x2160_5994fps_10bit_420,8294400,0,knot_half,51,0,1.774,2.1318,5.8781,3.2031,
TimeLapse_3840x2160_5994fps_10bit_420,8294400,0,wall_full,55,1,13.889,14.8093,30.0413,17.1619,6.9004
TimeLapse_3840x2160_5994fps_10bit_420,8294400,0,knot_half,33,1,4.609,5.1266,7.6071,3.3021,
TimeLapse_3840x2160_5994fps_10bit_420,8294400,0,knot_half,51,1,2.001,2.4311,7.4931,3.2155,
TimeLapse_3840x2160_5994fps_10bit_420,8294400,0,wall_full,55,2,13.052,13.8649,20.3917,10.8473,6.9004
TimeLapse_3840x2160_5994fps_10bit_420,8294400,0,knot_half,33,2,2.699,2.9594,3.9881,2.0023,
TimeLapse_3840x2160_5994fps_10bit_420,8294400,0,knot_half,51,2,1.414,1.7244,4.0692,1.8194,
