target,method,MAE_all73,MAE_mainstream,R2_all73,within1,within2,max_err,n_rows,n_sources,minutes
v061,vca_rf,5.570634427161462,5.4508612133049965,0.4450044284837277,22.794520547945204,38.43444227005871,51.454201770000005,25550,73,4.34
v061,vp9_dnn,4.838375302600024,4.950470808133736,0.5694134766671501,23.04500978473581,40.37181996086105,52.56200057752209,25550,73,0.42
v061,litevpnet,4.779389491183264,4.836501266456565,0.5724172204322379,21.749510763209393,39.87866927592955,51.335663491724574,25550,73,0.9
v061,content_adaptive,4.446505635163513,4.14193163645237,0.59939896354453,35.16116035455278,47.03464947622884,60.58542548184383,24820,73,0.49
v061,ours_cold,5.459496559683083,4.914460814271603,0.45038674870654394,22.289628180039138,37.65557729941292,68.64422548184383,25550,73,0.56
v061,ours_2knot,1.7227779266475454,1.8354866008244295,0.9440979200779089,51.80821917808219,72.53620352250489,28.781194880000072,25550,73,3.2
v061,ours_2knot_sqrt,1.6701979295557279,1.7461815500699696,0.9474302050051479,51.85518590998043,73.41291585127202,26.325747123333272,25550,73,3.75
v1,vca_rf,5.3079095289135765,5.296981869139419,0.4389080161558562,22.281800391389435,38.39921722113503,59.83133785499996,25550,73,4.32
v1,vp9_dnn,5.163251855110807,5.154002672758042,0.5038678955851232,21.05675146771037,38.14872798434442,53.014761449763746,25550,73,0.51
v1,litevpnet,4.8156831483485,4.873990846517437,0.5486916765299401,21.29941291585127,39.43639921722114,53.28539214580049,25550,73,0.9
v1,content_adaptive,4.024930895539373,3.810338394267819,0.6449152872645221,35.52780016116036,50.58420628525383,55.423279022185085,24820,73,0.45
v1,ours_cold,6.064586775523714,5.497249938112764,0.34923600690901613,19.041095890410958,32.40704500978474,65.62010202218508,25550,73,0.44
v1,ours_2knot,1.8233019593964543,1.8426838403189898,0.932329516029448,46.49706457925636,71.35029354207435,29.029454753333304,25550,73,3.51
v1,ours_2knot_sqrt,1.7740050612710718,1.7393951026080257,0.9381729879798073,46.52446183953033,71.98434442270059,26.01815130000007,25550,73,3.45
