config,target,knots,features,lv_interp,minutes,MAE_mainstream_p6_10,MAE_all73_p1_10,MAE_all_rows,R2_main,n_sources,n_rows
v1|20+51|half|linear_clamp,v1,20+51,half,linear_clamp,2.88,1.8908275970979573,1.80887619481016,1.80887619481016,0.9304919925930879,73,25477
v1|20+51|half|linear_extrap,v1,20+51,half,linear_extrap,3.56,1.8276425378760366,1.7524996653920069,1.7524996653920069,0.935175331356453,73,25477
v1|20+51|half|linear_extrap_clip,v1,20+51,half,linear_extrap_clip,3.44,1.8276425378760366,1.752499665392007,1.752499665392007,0.935175331356453,73,25477
v1|20+51|half|logit_extrap,v1,20+51,half,logit_extrap,3.63,2.337655530651394,2.253331161424098,2.253331161424098,0.8725660467074153,73,25477
v1|20+51|half|sqrt_extrap,v1,20+51,half,sqrt_extrap,3.69,1.7659638916752274,1.7224877087417587,1.7224877087417587,0.9415297293870774,73,25477
v1|20+51|half|canonical_pchip,v1,20+51,half,canonical_pchip,4.38,1.8232555287444592,1.796373544252979,1.796373544252979,0.9355379402249328,73,25477
v061|33+51|full|linear_clamp,v061,33+51,full,linear_clamp,4.01,1.8212967916616527,1.7152076516928998,1.7152076516928998,0.9421676371873002,73,25477
v061|33+51|full|linear_extrap,v061,33+51,full,linear_extrap,4.09,1.8296164009375264,1.7028551923073314,1.7028551923073314,0.9447246802712351,73,25477
v061|33+51|full|linear_extrap_clip,v061,33+51,full,linear_extrap_clip,3.35,1.8297707150283318,1.703879527082561,1.703879527082561,0.9424058692233246,73,25477
v061|33+51|full|logit_extrap,v061,33+51,full,logit_extrap,3.48,2.072372806389347,1.9681668003836976,1.9681668003836976,0.9017002112001093,73,25477
v061|33+51|full|sqrt_extrap,v061,33+51,full,sqrt_extrap,3.38,1.7397664055080562,1.6529842759156763,1.6529842759156763,0.9465851557563371,73,25477
v061|33+51|full|canonical_pchip,v061,33+51,full,canonical_pchip,3.45,1.770721712020457,1.736392999758025,1.736392999758025,0.9449735347825604,73,25477
v1|20+51|half|pow_0.15_extrap,v1,20+51,half,pow_0.15_extrap,3.05,2.1404924803117105,2.069024157178608,2.069024157178608,0.9010474730530946,73,25477
v1|20+51|half|pow_0.15_clamp,v1,20+51,half,pow_0.15_clamp,3.56,1.9963956486079513,1.9842674323313634,1.9842674323313634,0.9311479213112404,73,25477
v1|20+51|half|pow_0.25_extrap,v1,20+51,half,pow_0.25_extrap,3.7,1.8920952485076121,1.855084362263733,1.855084362263733,0.932491825637395,73,25477
v1|20+51|half|pow_0.25_clamp,v1,20+51,half,pow_0.25_clamp,3.81,1.9236845143923862,1.8965296390669362,1.8965296390669362,0.9330009031965399,73,25477
v1|20+51|half|pow_0.35_extrap,v1,20+51,half,pow_0.35_extrap,4.37,1.780269914976729,1.7536783765103034,1.7536783765103034,0.9406515642869189,73,25477
v1|20+51|half|pow_0.35_clamp,v1,20+51,half,pow_0.35_clamp,4.54,1.8718079516661446,1.837754793336814,1.837754793336814,0.9352900579932542,73,25477
v1|20+51|half|pow_0.5_extrap,v1,20+51,half,pow_0.5_extrap,3.53,1.7659638916752274,1.722487708741759,1.722487708741759,0.9415297293870774,73,25477
v1|20+51|half|pow_0.5_clamp,v1,20+51,half,pow_0.5_clamp,3.83,1.844060002911837,1.7974012362703506,1.7974012362703506,0.9356009669935133,73,25477
v1|20+51|half|pow_0.65_extrap,v1,20+51,half,pow_0.65_extrap,3.97,1.7538197326376503,1.712435837562472,1.712435837562472,0.9403968466619288,73,25477
v1|20+51|half|pow_0.65_clamp,v1,20+51,half,pow_0.65_clamp,4.02,1.8323800778481432,1.7785078171936237,1.7785078171936237,0.9342663079202548,73,25477
v1|20+51|half|pow_0.8_extrap,v1,20+51,half,pow_0.8_extrap,4.11,1.794023895366292,1.731799188337623,1.731799188337623,0.937306845468926,73,25477
v1|20+51|half|pow_0.8_clamp,v1,20+51,half,pow_0.8_clamp,4.22,1.8601229386100602,1.7855008711384701,1.7855008711384701,0.932939921103583,73,25477
v1|20+51|half|pow_1.0_extrap,v1,20+51,half,pow_1.0_extrap,4.89,1.827642537876037,1.7524996653920069,1.7524996653920069,0.935175331356453,73,25477
v1|20+51|half|pow_1.0_clamp,v1,20+51,half,pow_1.0_clamp,4.64,1.8908275970979573,1.8088761948101597,1.8088761948101597,0.9304919925930879,73,25477
v1|20+51|half|logcrf_extrap,v1,20+51,half,logcrf_extrap,5.52,1.9003270451170262,1.830691927182763,1.830691927182763,0.9310497821253202,73,25477
v061|33+51|full|pow_0.15_extrap,v061,33+51,full,pow_0.15_extrap,4.91,1.9731809107646554,1.902684312209036,1.902684312209036,0.9153255744675012,73,25477
v061|33+51|full|pow_0.15_clamp,v061,33+51,full,pow_0.15_clamp,5.46,1.8667032186848036,1.7986253452938967,1.7986253452938967,0.9426122756546174,73,25477
v061|33+51|full|pow_0.25_extrap,v061,33+51,full,pow_0.25_extrap,5.49,1.8603752434792946,1.775679564063583,1.775679564063583,0.9334334511919261,73,25477
v061|33+51|full|pow_0.25_clamp,v061,33+51,full,pow_0.25_clamp,5.07,1.8447169045155245,1.7646834289316784,1.7646834289316784,0.9434177582672523,73,25477
v061|33+51|full|pow_0.35_extrap,v061,33+51,full,pow_0.35_extrap,5.16,1.7700548864352195,1.6979030935774446,1.6979030935774446,0.9423016585139552,73,25477
v061|33+51|full|pow_0.35_clamp,v061,33+51,full,pow_0.35_clamp,4.24,1.8136249167846759,1.7319687881384969,1.7319687881384969,0.9442641217187678,73,25477
v061|33+51|full|pow_0.5_extrap,v061,33+51,full,pow_0.5_extrap,5.4,1.7397664055080562,1.6529842759156763,1.6529842759156763,0.9465851557563371,73,25477
v061|33+51|full|pow_0.5_clamp,v061,33+51,full,pow_0.5_clamp,4.26,1.7988589273468136,1.7054038241762046,1.7054038241762046,0.9446133336864367,73,25477
v061|33+51|full|pow_0.65_extrap,v061,33+51,full,pow_0.65_extrap,5.44,1.7730917813410652,1.663201754403606,1.663201754403606,0.9455969552788748,73,25477
v061|33+51|full|pow_0.65_clamp,v061,33+51,full,pow_0.65_clamp,4.55,1.7905555579750356,1.695009269227,1.695009269227,0.9443019818745032,73,25477
v061|33+51|full|pow_0.8_extrap,v061,33+51,full,pow_0.8_extrap,6.08,1.796401528875109,1.6776600213748778,1.6776600213748778,0.9448480384079015,73,25477
v061|33+51|full|pow_0.8_clamp,v061,33+51,full,pow_0.8_clamp,4.75,1.8083984473084325,1.705730019132242,1.705730019132242,0.9432347508688282,73,25477
v061|33+51|full|pow_1.0_extrap,v061,33+51,full,pow_1.0_extrap,5.21,1.829770715028332,1.7038795270825613,1.7038795270825613,0.9424058692233246,73,25477
v061|33+51|full|pow_1.0_clamp,v061,33+51,full,pow_1.0_clamp,5.26,1.8212967916616527,1.7152076516928998,1.7152076516928998,0.9421676371873002,73,25477
v061|33+51|full|logcrf_extrap,v061,33+51,full,logcrf_extrap,4.8,1.8487029336605085,1.7395642709439008,1.7395642709439008,0.9439344412726159,73,25477
