config,target,featset,extra,minutes,MAE_all73_p1_10,MAE_mainstream_p6_10,MAE_hard_source,MAE_a1_4k,MAE_a2_2k,MAE_a3_720p,MAE_a4_360p,MAE_a5_270p,MAE_b1_syn,MAE_b2_scc,n_sources
v1|F0_base,v1,F0_base,(none),3.19,1.7224877087417587,1.7659638916752272,13.436111718510036,1.6647108219078315,2.0430421338358045,1.4707452502181824,1.8219544604639093,1.749568127425973,1.8657473949077952,1.064032486363634,73
v1|F1_res,v1,F1_res,log_px,3.99,1.7038846650778305,1.6845370822100736,13.233214298815678,1.5246239148268832,2.046025499598452,1.420259277889954,1.910906880600356,1.5149686818696233,1.944883176626258,1.0083863481780575,73
v1|F2_class,v1,F2_class,is_syn+is_scc,4.22,1.7129021158464655,1.711800525556785,13.125439649866278,1.7056523653778657,2.059186519248004,1.2933232375339412,1.8359455793937338,1.3510959485959892,2.13558597584013,0.8844841521799663,73
v1|F3_knot,v1,F3_knot,knot_lo+knot_drop,5.25,1.6879146051107041,1.7644438863541216,12.850773770229225,1.6764611748508926,2.0606284821474863,1.6307789647687847,1.589041584592714,1.7580615114063973,1.7206664800959997,0.991074279077884,73
v1|F4_all,v1,F4_all,log_px+is_syn+is_scc+knot_lo+knot_drop,5.89,1.7067371636240731,1.7050864939797103,12.65222917229226,1.5863375290331652,2.075710135407357,1.6751499092562079,1.5861320033601702,1.3173017063992354,2.000904897101607,0.9500359952583153,73
v061|F0_base,v061,F0_base,(none),4.66,1.6529842759156759,1.7397664055080562,9.905926065978987,1.7427693285792742,1.7830470288637077,1.3161418118135213,1.8389757785946277,1.8435461008978025,2.037204795674823,0.9308046532885564,73
v061|F1_res,v061,F1_res,log_px,4.9,1.619464978183543,1.6481712131346955,9.249675252683865,1.5498162049743325,1.7392232210890266,1.3338470505659066,1.8305282708705204,1.92529835491643,2.0261416155697587,0.9121812891774467,73
v061|F2_class,v061,F2_class,is_syn+is_scc,4.98,1.6429413346644202,1.666182851239261,9.716652340993317,1.6279324459986866,1.7784091321254516,1.2603735331267953,1.7546889681784714,1.8405233160052528,2.269088162612959,0.7782005941363735,73
v061|F3_knot,v061,F3_knot,knot_lo+knot_drop,5.23,1.638299908968242,1.7615431916707085,9.703684730372498,1.6440813611234437,1.7600541951864648,1.328586748202013,2.1056322564142462,1.7069408610506216,1.9940486131885975,0.8730486341292549,73
v061|F4_all,v061,F4_all,log_px+is_syn+is_scc+knot_lo+knot_drop,5.93,1.598409360754168,1.5762818293964627,9.160993497917861,1.3781988574379211,1.6826161370331536,1.2679608077351991,1.9352253603179217,1.5898384822015295,2.2581040374028363,0.8396151874246802,73
