config,target,knots,interp,pshift,minutes,MAE_all73_p1_10,MAE_mainstream_p6_10,MAE_hard,n_sources,n_knots
v1|20+33|lin,v1,20+33,lin,False,3.81,2.9572551058971444,2.9538510937973466,10.63928473521489,73,2
v1|20+33|p05,v1,20+33,p05,False,4.05,2.217140795993327,2.3064942328611995,9.706190472168087,73,2
v1|20+42|lin,v1,20+42,lin,False,3.04,2.1229184223921083,2.144177534084998,10.44665693225404,73,2
v1|20+42|p05,v1,20+42,p05,False,3.24,1.8078222925055318,1.879855032181474,12.053704135310412,73,2
v1|20+51|lin,v1,20+51,lin,False,4.13,1.8088761948101597,1.8908275970979573,13.42861645822348,73,2
v1|20+51|p05,v1,20+51,p05,False,4.87,1.7224877087417587,1.7659638916752274,13.436111718510038,73,2
v1|20+63|lin,v1,20+63,lin,False,4.65,2.453903588966984,2.512667808230706,14.566246291432662,73,2
v1|20+63|p05,v1,20+63,p05,False,4.69,2.365576947908575,2.4477360389200498,13.526126942970395,73,2
v1|33+42|lin,v1,33+42,lin,False,4.32,2.154447385754002,2.1843128170415866,9.971405243132754,73,2
v1|33+42|p05,v1,33+42,p05,False,4.78,1.786554787924466,1.8138946455073353,13.021345867526268,73,2
v1|33+51|lin,v1,33+51,lin,False,4.5,1.8448208333840816,1.9266430249233348,12.493729895873933,73,2
v1|33+51|p05,v1,33+51,p05,False,4.82,1.7403249859125915,1.7707543233911263,13.128023035243556,73,2
v1|33+63|lin,v1,33+63,lin,False,4.58,2.3235304952329843,2.4167442807410966,13.857626229312315,73,2
v1|33+63|p05,v1,33+63,p05,False,4.73,2.200340789171381,2.2227765452971533,12.809272907492836,73,2
v1|42+51|lin,v1,42+51,lin,False,4.29,1.910823262562025,1.9831672192654999,13.25780994938873,73,2
v1|42+51|p05,v1,42+51,p05,False,4.73,1.8310733642534514,1.8390982944312793,13.247382309828083,73,2
v1|42+63|lin,v1,42+63,lin,False,4.42,2.178467903183143,2.2633253858163864,13.686851330238783,73,2
v1|42+63|p05,v1,42+63,p05,False,5.17,2.17135868970774,2.130635568456599,13.176354947440302,73,2
v1|51+63|lin,v1,51+63,lin,False,4.24,2.1182364989744604,2.228107037684427,14.746955559207253,73,2
v1|51+63|p05,v1,51+63,p05,False,4.49,2.315081880853486,2.193203956377746,14.636166078662828,73,2
v1|20+33+42|p05,v1,20+33+42,p05,False,4.8,1.7865859173547158,1.8215638224667314,13.10354124062081,73,3
v1|20+33+51|p05,v1,20+33+51,p05,False,4.79,1.7156738227044357,1.7494789255649128,13.180984754288433,73,3
v1|20+33+63|p05,v1,20+33+63,p05,False,4.73,2.151928082942346,2.192756871075204,12.832558473486145,73,3
v1|20+42+51|p05,v1,20+42+51,p05,False,4.89,1.735499586177032,1.7583320814808323,13.409863566695316,73,3
v1|20+42+63|p05,v1,20+42+63,p05,False,4.82,1.9776589030303982,2.022413530885906,13.013596936599805,73,3
v1|20+51+63|p05,v1,20+51+63,p05,False,4.89,1.8016487955853437,1.8311109109326418,13.461298590964656,73,3
v1|33+42+51|p05,v1,33+42+51,p05,False,4.83,1.765007832855913,1.7912049460816342,13.083196176170011,73,3
v1|33+42+63|p05,v1,33+42+63,p05,False,4.73,2.0230368645090415,2.059445544965064,12.663188144574972,73,3
v1|33+51+63|p05,v1,33+51+63,p05,False,4.98,1.8536574662486636,1.872457855789045,12.90717070594078,73,3
v1|42+51+63|p05,v1,42+51+63,p05,False,4.79,1.913322446210701,1.9148304817756059,12.870393584021006,73,3
v1|20+33+42+51+63|p05,v1,20+33+42+51+63,p05,False,4.87,1.8278867883949594,1.854630682591492,12.78324951364851,73,5
v1|20+51|lin|pshift,v1,20+51,lin,True,5.68,1.811500038169152,1.8870553280394593,13.341215598404963,73,2
v1|20+51|p05|pshift,v1,20+51,p05,True,5.85,1.7273007364824315,1.7790051046090463,13.388976474431713,73,2
v061|33+51|lin|pshift,v061,33+51,lin,True,5.67,1.7176468284754665,1.8258988092223825,9.430417824603623,73,2
v061|33+51|p05|pshift,v061,33+51,p05,True,5.88,1.6605647825629206,1.7546179535245152,9.875972601881562,73,2
