config,target,knot,shape,minutes,MAE_all73_p1_10,MAE_mainstream_p6_10,MAE_hard_source,n_sources
v1|k33|k1_const,v1,33,k1_const,3.11,3.0051739247649008,2.9928714386811435,10.110952024594072,73
v1|k33|k1_offset,v1,33,k1_offset,3.96,3.4097640083807814,3.297396776232302,15.07696669008596,73
v1|k33|k1_dscale,v1,33,k1_dscale,3.75,2.890118118588025,2.9184981573123903,11.9389793478319,73
v1|k42|k1_const,v1,42,k1_const,3.52,2.2912087797960834,2.3048466690233016,10.984604608882515,73
v1|k42|k1_offset,v1,42,k1_offset,3.63,2.4499892260710787,2.430768134808266,13.27376182382998,73
v1|k42|k1_dscale,v1,42,k1_dscale,3.8,2.140023398130656,2.1220779261522233,12.73016790324736,73
v1|k51|k1_const,v1,51,k1_const,3.59,2.1464823199575536,2.256154554256967,14.24912224583571,73
v1|k51|k1_offset,v1,51,k1_offset,3.67,2.163326702295634,2.2355315446887847,14.846243347220623,73
v1|k51|k1_dscale,v1,51,k1_dscale,3.92,2.00073527457884,2.0330836414039823,14.992589737626544,73
v061|k33|k1_const,v061,33,k1_const,3.51,3.5453740312850592,3.4590090816616113,5.8439590704489115,73
v061|k33|k1_offset,v061,33,k1_offset,3.8,3.8116891530972943,3.6042191142909914,9.142213208395432,73
v061|k33|k1_dscale,v061,33,k1_dscale,3.94,3.722435451551825,3.618667726221864,7.644204845052538,73
v061|k42|k1_const,v061,42,k1_const,3.69,2.2163094376748598,2.230425453444871,7.681479035090737,73
v061|k42|k1_offset,v061,42,k1_offset,3.97,2.526251173511924,2.499045986419345,9.24222422936008,73
v061|k42|k1_dscale,v061,42,k1_dscale,3.94,2.211312806930916,2.209572421147528,8.831164581107938,73
v061|k51|k1_const,v061,51,k1_const,3.48,1.9410923223009684,2.030277229232545,9.320209896752619,73
v061|k51|k1_offset,v061,51,k1_offset,3.68,2.04032652855668,2.2199243630263576,10.236753564374396,73
v061|k51|k1_dscale,v061,51,k1_dscale,4.2,1.865812250978104,1.9887368032890862,10.22195266864375,73
