source,rung,lr_w,lr_h,preset,crf,vmaf_lr_v061,vmaf_lr_v1,vmaf_lr_v1_hfr,bitrate_kbps
DinnerSceneCropped_1920x1080_2997fps_10bit_420,f05625,1080,606,10,20,94.20132,92.721631,93.387844,1330.173
DinnerSceneCropped_1920x1080_2997fps_10bit_420,f05625,1080,606,10,33,91.698709,89.352089,90.023699,295.628
DinnerSceneCropped_1920x1080_2997fps_10bit_420,f05625,1080,606,10,42,88.971316,86.942306,87.617996,153.052
DinnerSceneCropped_1920x1080_2997fps_10bit_420,f05625,1080,606,10,51,85.923143,84.055308,84.736387,85.777
DinnerSceneCropped_1920x1080_2997fps_10bit_420,f05625,1080,606,10,63,60.155787,60.328955,61.050526,28.384
DinnerSceneCropped_1920x1080_2997fps_10bit_420,twothird,1280,720,10,20,92.756289,90.763547,91.434601,1976.386
DinnerSceneCropped_1920x1080_2997fps_10bit_420,twothird,1280,720,10,33,89.172492,86.335828,87.014233,334.635
DinnerSceneCropped_1920x1080_2997fps_10bit_420,twothird,1280,720,10,42,85.713619,82.722723,83.407582,158.277
DinnerSceneCropped_1920x1080_2997fps_10bit_420,twothird,1280,720,10,51,81.210407,78.151695,78.844968,88.283
DinnerSceneCropped_1920x1080_2997fps_10bit_420,twothird,1280,720,10,63,49.240918,49.623925,50.361233,29.697
DinnerSceneCropped_1920x1080_2997fps_10bit_420,f08,1536,864,10,20,92.224502,89.923709,90.593824,3820.872
DinnerSceneCropped_1920x1080_2997fps_10bit_420,f08,1536,864,10,33,88.075848,84.45324,85.133332,498.358
DinnerSceneCropped_1920x1080_2997fps_10bit_420,f08,1536,864,10,42,84.75291,81.108566,81.79459,200.904
DinnerSceneCropped_1920x1080_2997fps_10bit_420,f08,1536,864,10,51,80.31104,76.889165,77.583091,108.392
DinnerSceneCropped_1920x1080_2997fps_10bit_420,f08,1536,864,10,63,49.2836,47.274661,48.018859,34.492
Boat_1920x1080_5994_10bit_420,f05625,1080,606,10,20,98.151521,98.716838,99.959271,15041.634
Boat_1920x1080_5994_10bit_420,f05625,1080,606,10,33,95.568675,96.573744,98.556467,7134.517
Boat_1920x1080_5994_10bit_420,f05625,1080,606,10,42,92.255235,94.236837,96.264436,4055.394
Boat_1920x1080_5994_10bit_420,f05625,1080,606,10,51,87.070589,90.342483,92.400189,2329.212
Boat_1920x1080_5994_10bit_420,f05625,1080,606,10,63,59.500967,69.921892,72.127034,458.377
Boat_1920x1080_5994_10bit_420,twothird,1280,720,10,20,98.245369,98.712892,99.981476,18178.897
Boat_1920x1080_5994_10bit_420,twothird,1280,720,10,33,95.204113,96.558411,98.63607,8707.986
Boat_1920x1080_5994_10bit_420,twothird,1280,720,10,42,91.099926,93.889668,96.099139,4749.131
Boat_1920x1080_5994_10bit_420,twothird,1280,720,10,51,83.951801,89.296303,91.544358,2532.108
Boat_1920x1080_5994_10bit_420,twothird,1280,720,10,63,51.305117,65.389924,67.833172,473.659
Boat_1920x1080_5994_10bit_420,f08,1536,864,10,20,98.790025,98.921363,100.0,22840.53
Boat_1920x1080_5994_10bit_420,f08,1536,864,10,33,95.791566,96.76867,98.936229,10931.283
Boat_1920x1080_5994_10bit_420,f08,1536,864,10,42,91.462058,94.070312,96.441566,6025.784
Boat_1920x1080_5994_10bit_420,f08,1536,864,10,51,83.712563,88.832355,91.257281,3227.055
Boat_1920x1080_5994_10bit_420,f08,1536,864,10,63,49.657075,64.019937,66.678819,615.966
Motorcycle_1920x1080_30fps_8bit,f05625,1080,606,10,20,99.96922,100.0,100.0,31946.781
Motorcycle_1920x1080_30fps_8bit,f05625,1080,606,10,33,99.947393,99.726196,99.982396,16771.253
Motorcycle_1920x1080_30fps_8bit,f05625,1080,606,10,42,96.7328,94.291582,95.047345,8712.628
Motorcycle_1920x1080_30fps_8bit,f05625,1080,606,10,51,83.48524,83.229265,84.131523,3907.21
Motorcycle_1920x1080_30fps_8bit,f05625,1080,606,10,63,37.16995,34.185739,35.438839,398.466
Motorcycle_1920x1080_30fps_8bit,twothird,1280,720,10,20,99.969492,100.0,100.0,40446.555
Motorcycle_1920x1080_30fps_8bit,twothird,1280,720,10,33,99.948855,99.730474,99.958022,21482.008
Motorcycle_1920x1080_30fps_8bit,twothird,1280,720,10,42,96.572607,93.333898,93.895996,11103.533
Motorcycle_1920x1080_30fps_8bit,twothird,1280,720,10,51,81.264338,80.975564,81.660116,4710.744
Motorcycle_1920x1080_30fps_8bit,twothird,1280,720,10,63,32.598029,27.94655,28.914835,433.082
Motorcycle_1920x1080_30fps_8bit,f08,1536,864,10,20,99.969412,100.0,100.0,53014.195
Motorcycle_1920x1080_30fps_8bit,f08,1536,864,10,33,99.948566,99.801005,99.96529,28095.486
Motorcycle_1920x1080_30fps_8bit,f08,1536,864,10,42,97.112313,93.688985,94.066547,14773.236
Motorcycle_1920x1080_30fps_8bit,f08,1536,864,10,51,81.902218,81.094889,81.555651,6493.732
Motorcycle_1920x1080_30fps_8bit,f08,1536,864,10,63,32.356362,27.238787,27.899305,597.582
